#
# A fatal error has been detected by the Java Runtime Environment:
#
#  SIGSEGV (0xb) at pc=0x00007a9a46e253ba, pid=4718, tid=4744
#
# JRE version: OpenJDK Runtime Environment JBR-21.0.11+10-1163.116-nomod (21.0.11+10) (build 21.0.11+10-b1163.116)
# Java VM: OpenJDK 64-Bit Server VM JBR-21.0.11+10-1163.116-nomod (21.0.11+10-b1163.116, mixed mode, sharing, tiered, compressed oops, compressed class ptrs, g1 gc, linux-amd64)
# Problematic frame:
# V  [libjvm.so+0x8253ba]  G1ParScanThreadState::trim_queue_to_threshold(unsigned int)+0x179a
#
# Core dump will be written. Default location: Core dumps may be processed with "/usr/share/apport/apport -p%p -s%s -c%c -d%d -P%P -u%u -g%g -F%F -- %E" (or dumping to /run/media/muhammad-usman/New Volume/Projects/AndroidProjects/WeTalk/core.4718)
#
# If you would like to submit a bug report, please visit:
#   https://youtrack.jetbrains.com/issues/JBR
#

---------------  S U M M A R Y ------------

Command Line: --add-opens=java.base/java.lang=ALL-UNNAMED --add-opens=java.base/java.lang.invoke=ALL-UNNAMED --add-opens=java.base/java.util=ALL-UNNAMED --add-opens=java.prefs/java.util.prefs=ALL-UNNAMED --add-exports=jdk.compiler/com.sun.tools.javac.api=ALL-UNNAMED --add-exports=jdk.compiler/com.sun.tools.javac.util=ALL-UNNAMED --add-opens=java.base/java.util=ALL-UNNAMED --add-opens=java.prefs/java.util.prefs=ALL-UNNAMED --add-opens=java.base/java.nio.charset=ALL-UNNAMED --add-opens=java.base/java.net=ALL-UNNAMED --add-opens=java.base/java.util.concurrent.atomic=ALL-UNNAMED --add-opens=java.xml/javax.xml.namespace=ALL-UNNAMED -Xmx2048m -Dfile.encoding=UTF-8 -Duser.country=US -Duser.language=en -Duser.variant -javaagent:/home/muhammad-usman/.gradle/wrapper/dists/gradle-8.13-bin/5xuhj0ry160q40clulazy9h7d/gradle-8.13/lib/agents/gradle-instrumentation-agent-8.13.jar -Dawt.toolkit.name=XToolkit org.gradle.launcher.daemon.bootstrap.GradleDaemon 8.13

Host: Intel(R) Core(TM) i5-7200U CPU @ 2.50GHz, 4 cores, 15G, Ubuntu 26.04.1 LTS
Time: Tue Sep 22 22:32:56 2026 PKT elapsed time: 59.096530 seconds (0d 0h 0m 59s)

---------------  T H R E A D  ---------------

Current thread (0x00007a99c0007220):  WorkerThread "GC Thread#2"    [id=4744, stack(0x00007a9a28aff000,0x00007a9a28bff000) (1024K)]

Stack: [0x00007a9a28aff000,0x00007a9a28bff000],  sp=0x00007a9a28bfd9f0,  free space=1018k
Native frames: (J=compiled Java code, j=interpreted, Vv=VM code, C=native code)
V  [libjvm.so+0x8253ba]  G1ParScanThreadState::trim_queue_to_threshold(unsigned int)+0x179a
V  [libjvm.so+0x83e300]  G1ScanHRForRegionClosure::scan_heap_roots(HeapRegion*)+0x450
V  [libjvm.so+0x83a29b]  G1RemSet::scan_heap_roots(G1ParScanThreadState*, unsigned int, G1GCPhaseTimes::GCParPhases, G1GCPhaseTimes::GCParPhases, bool)+0x1db
V  [libjvm.so+0x85df8b]  G1EvacuateRegionsTask::scan_roots(G1ParScanThreadState*, unsigned int)+0x4b
V  [libjvm.so+0x85e1d3]  G1EvacuateRegionsBaseTask::work(unsigned int)+0x83
V  [libjvm.so+0x1043580]  WorkerThread::run()+0x80
V  [libjvm.so+0xf88678]  Thread::call_run()+0xa8
V  [libjvm.so+0xd1382a]  thread_native_entry(Thread*)+0xda
C  [libc.so.6+0xa3dfa]

siginfo: si_signo: 11 (SIGSEGV), si_code: 1 (SEGV_MAPERR), si_addr: 0x0000000000080000

Registers:
RAX=0x00007a9a40085180, RBX=0x00007a999c0a9a50, RCX=0x0000000000000014, RDX=0x0000000000000000
RSP=0x00007a9a28bfd9f0, RBP=0x00007a9a28bfda90, RSI=0x0000000000000000, RDI=0x0000000000000000
R8 =0x00007a99d204c088, R9 =0x000000008b66c420, R10=0x000000008b66c431, R11=0x0000000000000000
R12=0x000000008b66c431, R13=0x0000000000080000, R14=0x00007a9a47ae3720, R15=0x00007a9a47b24894
RIP=0x00007a9a46e253ba, EFLAGS=0x0000000000010246, CSGSFS=0x002b000000000033, ERR=0x0000000000000004
  TRAPNO=0x000000000000000e

XMM[0]=0x000000000004bc00 0x0000000000000001
XMM[1]=0x80dc2dc8869f2fb0 0x8993a73000000001
XMM[2]=0x0000000000000000 0x0000000000000000
XMM[3]=0x8993a73000000001 0x0000000e00000000
XMM[4]=0x8d1836d08d183660 0x8d1836088d183598
XMM[5]=0x8d1833508d1832c8 0x8d1832588d1831e8
XMM[6]=0x8d182fb08d182f08 0x8d182eb08d182e58
XMM[7]=0x8d182c288d182bb8 0x8d182b608d182af0
XMM[8]=0x0000000000000000 0x0000000000000000
XMM[9]=0x0000000000000000 0x0000000000000000
XMM[10]=0x3f3f3f3f3f3f3f3f 0x3f3f3f3f3f3f3f3f
XMM[11]=0x9999999999999999 0x9999999999999999
XMM[12]=0x2020202020202020 0x2020202020202020
XMM[13]=0x0000000000000000 0x0000000000000000
XMM[14]=0x0000000000000000 0x0000000000000000
XMM[15]=0x0000000000000000 0x0000000000000000
  MXCSR=0x00001fa2


Register to memory mapping:

RAX=0x00007a9a40085180 points into unknown readable memory: 0x0000000000000000 | 00 00 00 00 00 00 00 00
RBX=0x00007a999c0a9a50 points into unknown readable memory: 0x00007a9a47a16558 | 58 65 a1 47 9a 7a 00 00
RCX=0x0000000000000014 is an unknown value
RDX=0x0 is null
RSP=0x00007a9a28bfd9f0 points into unknown readable memory: 0x0000000000000001 | 01 00 00 00 00 00 00 00
RBP=0x00007a9a28bfda90 points into unknown readable memory: 0x00007a9a28bfdbb0 | b0 db bf 28 9a 7a 00 00
RSI=0x0 is null
RDI=0x0 is null
R8 =0x00007a99d204c088 is pointing into metadata
R9 =0x000000008b66c420 is an oop: java.lang.reflect.Method 
{0x000000008b66c420} - klass: 'java/lang/reflect/Method'
 - ---- fields (total size 11 words):
 - 'override' 'Z' @12  false (0x00)
 - volatile 'accessCheckCache' 'Ljava/lang/Object;' @16  
[error occurred during error reporting (printing register info), id 0xb, SIGSEGV (0xb) at pc=0x00007a9a472f8f65]
R10=
[error occurred during error reporting (printing register info, attempt 2), id 0xb, SIGSEGV (0xb) at pc=0x00007a9a46dd7103]
R11=0x0 is null
R12=
[error occurred during error reporting (printing register info, attempt 3), id 0xb, SIGSEGV (0xb) at pc=0x00007a9a46dd7103]
Top of Stack: (sp=0x00007a9a28bfd9f0)
0x00007a9a28bfd9f0:   0000000000000001 00000000ffac4978   ........xI......
0x00007a9a28bfda00:   00007a9a00000000 0000000000000001   .....z..........
0x00007a9a28bfda10:   000000000000000b 00007a9a40168240   ........@..@.z..
0x00007a9a28bfda20:   0000000000000000 00007a99d204bc00   .............z..
0x00007a9a28bfda30:   000000008b66c300 00007a9a47ae1eb0   ..f........G.z..
0x00007a9a28bfda40:   0000004028bfda50 000000008b66c420   P..(@... .f.....
0x00007a9a28bfda50:   00017a9a28bfda70 0000000000000001   p..(.z..........
0x00007a9a28bfda60:   0000000000000092 00007a9a45638540   ........@.cE.z..
0x00007a9a28bfda70:   00007a9a45638536 00007a999c0a9a50   6.cE.z..P....z..
0x00007a9a28bfda80:   0000000dc1a399aa 00007a9a28bfdc60   ........`..(.z..
0x00007a9a28bfda90:   00007a9a28bfdbb0 00007a9a46e3e300   ...(.z.....F.z..
0x00007a9a28bfdaa0:   00000000000003d8 00007a99a402cf88   .............z..
0x00007a9a28bfdab0:   00007a99c00075d0 00007a99a402cbb0   .u...z.......z..
0x00007a9a28bfdac0:   00007a99a402cba0 0000000246e13ef2   .....z...>.F....
0x00007a9a28bfdad0:   00007a99c0000eb0 00000000000001c0   .....z..........
0x00007a9a28bfdae0:   00007a9a44abdf50 00000000ffa88fe8   P..D.z..........
0x00007a9a28bfdaf0:   0000000000000070 00007a9a45638536   p.......6.cE.z..
0x00007a9a28bfdb00:   0000000000000000 00007a9a400600c0   ...........@.z..
0x00007a9a28bfdb10:   01007a9a28bfdc30 00007a9a45638540   0..(.z..@.cE.z..
0x00007a9a28bfdb20:   0000000000000003 000000254d3091b6   ..........0M%...
0x00007a9a28bfdb30:   00007a9a28bfdc60 00007a9a4731ee06   `..(.z....1G.z..
0x00007a9a28bfdb40:   00000000870a6c00 0000000000000380   .l..............
0x00007a9a28bfdb50:   00007a9a47a16658 0000000000000000   Xf.G.z..........
0x00007a9a28bfdb60:   00007a9a40041730 00007a999c0a9a50   0..@.z..P....z..
0x00007a9a28bfdb70:   00007a9a28bfdcb0 00007a9a46e0fbf6   ...(.z.....F.z..
0x00007a9a28bfdb80:   00007a9a28bfdcb8 000000000000003c   ...(.z..<.......
0x00007a9a28bfdb90:   000000000000003e 00007a9a40041730   >.......0..@.z..
0x00007a9a28bfdba0:   00007a9a28bfdc30 00007a9a47b24878   0..(.z..xH.G.z..
0x00007a9a28bfdbb0:   00007a9a28bfdd20 00007a9a46e3a29b    ..(.z.....F.z..
0x00007a9a28bfdbc0:   00007a9a28bfdd20 0000001046e49ebc    ..(.z.....F....
0x00007a9a28bfdbd0:   0000001400000002 00007a9a40060080   ...........@.z..
0x00007a9a28bfdbe0:   00007a9a28bfdc60 00000004000000f0   `..(.z..........

Instructions: (pc=0x00007a9a46e253ba)
0x00007a9a46e252ba:   00 00 e9 3e ff ff ff 0f 1f 80 00 00 00 00 49 8b
0x00007a9a46e252ca:   b5 b0 02 00 00 48 c1 e0 03 48 85 f6 0f 85 7b 03
0x00007a9a46e252da:   00 00 49 8b 95 80 02 00 00 48 8d 78 08 48 8d 05
0x00007a9a46e252ea:   f2 7c fb ff 48 89 4d a0 44 89 45 a8 4d 8d 95 80
0x00007a9a46e252fa:   02 00 00 48 8b 12 4c 89 4d b8 48 39 c2 0f 85 fc
0x00007a9a46e2530a:   17 00 00 31 d2 be 05 00 00 00 e8 57 04 c1 ff 4c
0x00007a9a46e2531a:   8b 4d b8 44 8b 45 a8 48 89 c2 49 8b 85 88 02 00
0x00007a9a46e2532a:   00 48 8b 4d a0 48 8d 04 c2 49 8b b5 b8 02 00 00
0x00007a9a46e2533a:   48 89 30 49 8b 85 a8 02 00 00 49 89 95 b8 02 00
0x00007a9a46e2534a:   00 48 85 f6 74 07 49 03 85 88 02 00 00 49 89 85
0x00007a9a46e2535a:   a8 02 00 00 b8 01 00 00 00 e9 8b fd ff ff 0f 1f
0x00007a9a46e2536a:   84 00 00 00 00 00 48 8d 05 39 cb cb 00 45 8b 6c
0x00007a9a46e2537a:   24 ff 8b 70 08 48 8b 10 48 89 45 a8 48 8b 43 08
0x00007a9a46e2538a:   89 f1 49 d3 e5 8b 88 b8 05 00 00 48 8b 80 a8 05
0x00007a9a46e2539a:   00 00 49 01 d5 4c 89 ef 48 d3 ef 48 8d 04 78 0f
0x00007a9a46e253aa:   b6 78 01 40 88 7d a0 40 84 ff 0f 88 86 f3 ff ff
0x00007a9a46e253ba:   4d 8b 5d 00 4d 89 df 41 83 e7 03 49 83 ff 03 0f
0x00007a9a46e253ca:   85 f8 05 00 00 49 83 e3 fc 4c 8d 3d ba f4 cf 00
0x00007a9a46e253da:   4c 89 5d b8 48 8b 7d b8 89 f1 49 83 ec 01 48 89
0x00007a9a46e253ea:   f8 48 29 d0 48 d3 e8 41 89 04 24 48 89 f8 41 8b
0x00007a9a46e253fa:   0f 4c 31 e0 48 d3 e8 48 85 c0 0f 84 36 f3 ff ff
0x00007a9a46e2540a:   48 8b 43 08 4c 89 e2 8b 88 b8 05 00 00 48 8b 80
0x00007a9a46e2541a:   a8 05 00 00 48 d3 ea 80 7c 50 01 fe 0f 84 14 f3
0x00007a9a46e2542a:   ff ff 48 d3 ef 48 8d 04 78 80 78 01 00 0f 89 03
0x00007a9a46e2543a:   f3 ff ff 80 38 00 0f 84 fa f2 ff ff 48 8d 15 17
0x00007a9a46e2544a:   e8 ce 00 48 8b 43 60 8b 0a 49 d3 ec 4c 89 e6 e9
0x00007a9a46e2545a:   bb f2 ff ff 66 90 48 89 fe 48 83 c2 08 4c 89 c7
0x00007a9a46e2546a:   ff d0 4c 8b 5d b8 e9 66 eb ff ff 0f 1f 00 49 8b
0x00007a9a46e2547a:   8e b0 02 00 00 48 c1 e0 03 48 85 c9 0f 84 42 03
0x00007a9a46e2548a:   00 00 49 8b 96 c0 02 00 00 48 83 e9 01 48 01 d0
0x00007a9a46e2549a:   48 8b 30 49 89 8e b0 02 00 00 49 89 b6 c0 02 00
0x00007a9a46e254aa:   00 49 8b 8e b8 02 00 00 48 89 08 49 8b 86 a8 02


Stack slot to memory mapping:

stack at sp + 0 slots: 0x0000000000000001 is an unknown value
stack at sp + 1 slots: 0x00000000ffac4978 is an oop: java.util.concurrent.ConcurrentHashMap$Node 
{0x00000000ffac4978} - klass: 'java/util/concurrent/ConcurrentHashMap$Node'
 - ---- fields (total size 4 words):
 - final 'hash' 'I' @12  1842559317 (0x6dd33955)
 - final 'key' 'Ljava/lang/Object;' @16  a 'jdk/internal/util/WeakReferenceKey'{0x00000000ffac4998} (0xffac4998)
 - volatile 'val' 'Ljava/lang/Object;' @20  a 'jdk/internal/util/WeakReferenceKey'{0x00000000ffac4998} (0xffac4998)
 - volatile 'next' 'Ljava/util/concurrent/ConcurrentHashMap$Node;' @24  a 'java/util/concurrent/ConcurrentHashMap$Node'{0x000000008861aa38} (0x8861aa38)
stack at sp + 2 slots: 0x00007a9a00000000 is an unknown value
stack at sp + 3 slots: 0x0000000000000001 is an unknown value
stack at sp + 4 slots: 0x000000000000000b is an unknown value
stack at sp + 5 slots: 0x00007a9a40168240 points into unknown readable memory: 0x000000008d100000 | 00 00 10 8d 00 00 00 00
stack at sp + 6 slots: 0x0 is null
stack at sp + 7 slots: 0x00007a99d204bc00 is a pointer to class: 
java.lang.reflect.Method {0x00007a99d204bc00}
 - instance size:     11
 - klass size:        147
 - access:            public final synchronized 
 - flags:             rewritten has_nonstatic_fields has_nonstatic_concrete_methods is_shared_boot_class has_localvariable_table has_resolved_methods 
 - state:             fully_initialized
 - name:              'java/lang/reflect/Method'
 - super:             'java/lang/reflect/Executable'
 - sub:               
 - arrays:            'java/lang/reflect/Method'[]
 - methods:           Array<T>(0x00007a99d2ee9bc0)
 - method ordering:   Array<T>(0x00007a99d2eeaa70)
 - local interfaces:  Array<T>(0x00007a99d2e7c068)
 - trans. interfaces: Array<T>(0x00007a99d2ea1e78)
 - secondary supers: Array<T>(0x00007a99d2ee6bf0)
 - hash_slot:         0
 - bitmap:            0x0002000200080000
 - constants:         constant pool [472] {0x00007a99d2ee6cc0} for 'java/lang/reflect/Method' cache=0x00007a99d204c2e8
 - class loader data:  loader data: 0x00007a9a40194070 of 'bootstrap'
 - source file:       'Method.java'
 - field annotations:       Array<T>(0x00007a99d2ee9a80)
 - inner classes:     Array<T>(0x00007a99d2e7bff0)
 - nest members:     Array<T>(0x00007a99d2e7bff0)
 - permitted subclasses:     Array<T>(0x00007a99d2e7bff0)
 - java mirror:       a 'java/lang/Class'{0x00000000ffe2dd58} = 'java/lang/reflect/Method'
 - vtable length      57  (start addr: 0x00007a99d204be00)
 - itable length      24 (start addr: 0x00007a99d204bfc8)
 - ---- static fields (0 words):
 - ---- non-static fields (18 words):
 - 'override' 'Z' @12 
 - volatile 'accessCheckCache' 'Ljava/lang/Object;' @16 
 - private transient 'parameterData' 'Ljava/lang/reflect/Executable$ParameterData;' @20 
 - private volatile transient 'declaredAnnotations' 'Ljava/util/Map;' @24 
 - private 'callerSensitive' 'B' @13 
 - private final 'slot' 'I' @28 
 - private final 'modifiers' 'I' @32 
 - private final 'clazz' 'Ljava/lang/Class;' @36 
 - private final 'name' 'Ljava/lang/String;' @40 
 - private final 'returnType' 'Ljava/lang/Class;' @44 
 - private final 'parameterTypes' '[Ljava/lang/Class;' @48 
 - private final 'exceptionTypes' '[Ljava/lang/Class;' @52 
 - private final transient 'signature' 'Ljava/lang/String;' @56 
 - private volatile transient 'genericInfo' 'Lsun/reflect/generics/repository/MethodRepository;' @60 
 - private final 'annotations' '[B' @64 
 - private final 'parameterAnnotations' '[B' @68 
 - private final 'annotationDefault' '[B' @72 
 - private 'methodAccessor' 'Ljdk/internal/reflect/MethodAccessor;' @76 
 - private 'root' 'Ljava/lang/reflect/Method;' @80 
 - non-static oop maps: 16-24 36-80 


---------------  P R O C E S S  ---------------

Threads class SMR info:
_java_thread_list=0x00007a9974002280, length=61, elements={
0x00007a9a4002e700, 0x00007a9a401b4130, 0x00007a9a401b7380, 0x00007a9a401b8900,
0x00007a9a401ba090, 0x00007a9a401bb6e0, 0x00007a9a401bcc80, 0x00007a9a401be7c0,
0x00007a9a401bfe80, 0x00007a9a402a7ed0, 0x00007a9a41480130, 0x00007a9a414e9b50,
0x00007a9a41528bb0, 0x00007a998c01b930, 0x00007a998400fa00, 0x00007a9970226ca0,
0x00007a9970230fd0, 0x00007a997023ef80, 0x00007a99708cfea0, 0x00007a99708d5690,
0x00007a9970905d30, 0x00007a9970908040, 0x00007a99709091d0, 0x00007a997090a260,
0x00007a9971134330, 0x00007a99721100e0, 0x00007a9972b41140, 0x00007a9972bd4520,
0x00007a9984012a00, 0x00007a9984005490, 0x00007a9984014310, 0x00007a9971a08c40,
0x00007a9972ce04a0, 0x00007a997175e810, 0x00007a99a007a2b0, 0x00007a9973065130,
0x00007a99732b7930, 0x00007a99726128a0, 0x00007a997175b080, 0x00007a9971a05c90,
0x00007a99719fe630, 0x00007a9971a04ad0, 0x00007a997000f050, 0x00007a997000cc70,
0x00007a997173b660, 0x00007a997303b430, 0x00007a99733b38b0, 0x00007a99733b4170,
0x00007a9972afb700, 0x00007a9972afc5e0, 0x00007a99733b6e20, 0x00007a99733b7a40,
0x00007a9972708410, 0x00007a9972af7c90, 0x00007a99721edd90, 0x00007a99721ee4a0,
0x00007a997315d0d0, 0x00007a9968161550, 0x00007a99683ab050, 0x00007a99683ab760,
0x00007a9974001b70
}

Java Threads: ( => current thread )
  0x00007a9a4002e700 JavaThread "main"                              [_thread_blocked, id=4721, stack(0x00007a9a46500000,0x00007a9a46600000) (1024K)]
  0x00007a9a401b4130 JavaThread "Common-Cleaner"             daemon [_thread_blocked, id=4729, stack(0x00007a9a44300000,0x00007a9a44400000) (1024K)]
  0x00007a9a401b7380 JavaThread "Reference Handler"          daemon [_thread_blocked, id=4730, stack(0x00007a9a44200000,0x00007a9a44300000) (1024K)]
  0x00007a9a401b8900 JavaThread "Finalizer"                  daemon [_thread_blocked, id=4731, stack(0x00007a9a44100000,0x00007a9a44200000) (1024K)]
  0x00007a9a401ba090 JavaThread "Signal Dispatcher"          daemon [_thread_blocked, id=4732, stack(0x00007a9a44000000,0x00007a9a44100000) (1024K)]
  0x00007a9a401bb6e0 JavaThread "Service Thread"             daemon [_thread_blocked, id=4733, stack(0x00007a9a3ff00000,0x00007a9a40000000) (1024K)]
  0x00007a9a401bcc80 JavaThread "Monitor Deflation Thread"   daemon [_thread_blocked, id=4734, stack(0x00007a9a29100000,0x00007a9a29200000) (1024K)]
  0x00007a9a401be7c0 JavaThread "C2 CompilerThread0"         daemon [_thread_blocked, id=4735, stack(0x00007a9a29000000,0x00007a9a29100000) (1024K)]
  0x00007a9a401bfe80 JavaThread "C1 CompilerThread0"         daemon [_thread_blocked, id=4736, stack(0x00007a9a28f00000,0x00007a9a29000000) (1024K)]
  0x00007a9a402a7ed0 JavaThread "Notification Thread"        daemon [_thread_blocked, id=4738, stack(0x00007a9a28d00000,0x00007a9a28e00000) (1024K)]
  0x00007a9a41480130 JavaThread "Daemon health stats"               [_thread_blocked, id=4746, stack(0x00007a9a2886c000,0x00007a9a2896c000) (1024K)]
  0x00007a9a414e9b50 JavaThread "Incoming local TCP Connector on port 39367"        [_thread_in_native, id=4747, stack(0x00007a9a28500000,0x00007a9a28600000) (1024K)]
  0x00007a9a41528bb0 JavaThread "Daemon periodic checks"            [_thread_blocked, id=4748, stack(0x00007a9a28400000,0x00007a9a28500000) (1024K)]
  0x00007a998c01b930 JavaThread "Daemon"                            [_thread_blocked, id=4749, stack(0x00007a9a28300000,0x00007a9a28400000) (1024K)]
  0x00007a998400fa00 JavaThread "Daemon worker"                     [_thread_blocked, id=4752, stack(0x00007a9a28000000,0x00007a9a28100000) (1024K)]
  0x00007a9970226ca0 JavaThread "Cache worker for journal cache (/home/muhammad-usman/.gradle/caches/journal-1)"        [_thread_blocked, id=4756, stack(0x00007a99d1c00000,0x00007a99d1d00000) (1024K)]
  0x00007a9970230fd0 JavaThread "File lock request listener"        [_thread_in_native, id=4757, stack(0x00007a99d1b00000,0x00007a99d1c00000) (1024K)]
  0x00007a997023ef80 JavaThread "Cache worker for file hash cache (/home/muhammad-usman/.gradle/caches/8.13/fileHashes)"        [_thread_blocked, id=4758, stack(0x00007a99d1a00000,0x00007a99d1b00000) (1024K)]
  0x00007a99708cfea0 JavaThread "File watcher server"        daemon [_thread_in_native, id=4761, stack(0x00007a99d1700000,0x00007a99d1800000) (1024K)]
  0x00007a99708d5690 JavaThread "File watcher consumer"      daemon [_thread_blocked, id=4762, stack(0x00007a99d1600000,0x00007a99d1700000) (1024K)]
  0x00007a9970905d30 JavaThread "jar transforms"                    [_thread_blocked, id=4763, stack(0x00007a99d1500000,0x00007a99d1600000) (1024K)]
  0x00007a9970908040 JavaThread "jar transforms Thread 2"           [_thread_blocked, id=4764, stack(0x00007a99d1400000,0x00007a99d1500000) (1024K)]
  0x00007a99709091d0 JavaThread "jar transforms Thread 3"           [_thread_blocked, id=4765, stack(0x00007a99d1300000,0x00007a99d1400000) (1024K)]
  0x00007a997090a260 JavaThread "jar transforms Thread 4"           [_thread_blocked, id=4766, stack(0x00007a99d1200000,0x00007a99d1300000) (1024K)]
  0x00007a9971134330 JavaThread "Cache worker for file content cache (/home/muhammad-usman/.gradle/caches/8.13/fileContent)"        [_thread_blocked, id=4768, stack(0x00007a99d1000000,0x00007a99d1100000) (1024K)]
  0x00007a99721100e0 JavaThread "Memory manager"                    [_thread_blocked, id=4791, stack(0x00007a9967a00000,0x00007a9967b00000) (1024K)]
  0x00007a9972b41140 JavaThread "pool-3-thread-1"                   [_thread_blocked, id=4799, stack(0x00007a9967800000,0x00007a9967900000) (1024K)]
  0x00007a9972bd4520 JavaThread "included builds"                   [_thread_blocked, id=4801, stack(0x00007a9967700000,0x00007a9967800000) (1024K)]
  0x00007a9984012a00 JavaThread "VFS cleanup"                       [_thread_blocked, id=4832, stack(0x00007a99d1f00000,0x00007a99d2000000) (1024K)]
  0x00007a9984005490 JavaThread "Handler for socket connection from /127.0.0.1:39367 to /127.0.0.1:60592"        [_thread_in_native, id=4862, stack(0x00007a9967200000,0x00007a9967300000) (1024K)]
  0x00007a9984014310 JavaThread "Cancel handler"                    [_thread_blocked, id=4863, stack(0x00007a9967300000,0x00007a9967400000) (1024K)]
  0x00007a9971a08c40 JavaThread "Asynchronous log dispatcher for DefaultDaemonConnection: socket connection from /127.0.0.1:39367 to /127.0.0.1:60592"        [_thread_blocked, id=4864, stack(0x00007a9a28200000,0x00007a9a28300000) (1024K)]
  0x00007a9972ce04a0 JavaThread "Stdin handler"                     [_thread_blocked, id=4865, stack(0x00007a9a28100000,0x00007a9a28200000) (1024K)]
  0x00007a997175e810 JavaThread "Daemon client event forwarder"        [_thread_blocked, id=4866, stack(0x00007a99d1e00000,0x00007a99d1f00000) (1024K)]
  0x00007a99a007a2b0 JavaThread "C2 CompilerThread1"         daemon [_thread_blocked, id=4867, stack(0x00007a99d1d00000,0x00007a99d1e00000) (1024K)]
  0x00007a9973065130 JavaThread "Cache worker for file hash cache (/run/media/muhammad-usman/New Volume/Projects/AndroidProjects/WeTalk/.gradle/8.13/fileHashes)"        [_thread_blocked, id=4868, stack(0x00007a9967b00000,0x00007a9967c00000) (1024K)]
  0x00007a99732b7930 JavaThread "Cache worker for Build Output Cleanup Cache (/run/media/muhammad-usman/New Volume/Projects/AndroidProjects/WeTalk/.gradle/buildOutputCleanup)"        [_thread_blocked, id=4869, stack(0x00007a9962e00000,0x00007a9962f00000) (1024K)]
  0x00007a99726128a0 JavaThread "Cache worker for checksums cache (/run/media/muhammad-usman/New Volume/Projects/AndroidProjects/WeTalk/.gradle/8.13/checksums)"        [_thread_blocked, id=4870, stack(0x00007a9967e00000,0x00007a9967f00000) (1024K)]
  0x00007a997175b080 JavaThread "Cache worker for cache directory md-supplier (/home/muhammad-usman/.gradle/caches/8.13/md-supplier)"        [_thread_blocked, id=4871, stack(0x00007a99d0700000,0x00007a99d0800000) (1024K)]
  0x00007a9971a05c90 JavaThread "Cache worker for cache directory md-rule (/home/muhammad-usman/.gradle/caches/8.13/md-rule)"        [_thread_blocked, id=4872, stack(0x00007a9967000000,0x00007a9967100000) (1024K)]
  0x00007a99719fe630 JavaThread "Unconstrained build operations"        [_thread_blocked, id=4873, stack(0x00007a9967d00000,0x00007a9967e00000) (1024K)]
  0x00007a9971a04ad0 JavaThread "Unconstrained build operations Thread 2"        [_thread_blocked, id=4874, stack(0x00007a9967100000,0x00007a9967200000) (1024K)]
  0x00007a997000f050 JavaThread "Unconstrained build operations Thread 3"        [_thread_blocked, id=4875, stack(0x00007a9967f00000,0x00007a9968000000) (1024K)]
  0x00007a997000cc70 JavaThread "Unconstrained build operations Thread 4"        [_thread_blocked, id=4876, stack(0x00007a9961d00000,0x00007a9961e00000) (1024K)]
  0x00007a997173b660 JavaThread "Unconstrained build operations Thread 5"        [_thread_blocked, id=4877, stack(0x00007a99d0300000,0x00007a99d0400000) (1024K)]
  0x00007a997303b430 JavaThread "Unconstrained build operations Thread 6"        [_thread_blocked, id=4878, stack(0x00007a99d0800000,0x00007a99d0900000) (1024K)]
  0x00007a99733b38b0 JavaThread "Unconstrained build operations Thread 7"        [_thread_blocked, id=4879, stack(0x00007a99d0100000,0x00007a99d0200000) (1024K)]
  0x00007a99733b4170 JavaThread "Unconstrained build operations Thread 8"        [_thread_blocked, id=4880, stack(0x00007a99d0400000,0x00007a99d0500000) (1024K)]
  0x00007a9972afb700 JavaThread "Unconstrained build operations Thread 9"        [_thread_blocked, id=4881, stack(0x00007a9962100000,0x00007a9962200000) (1024K)]
  0x00007a9972afc5e0 JavaThread "Unconstrained build operations Thread 10"        [_thread_blocked, id=4882, stack(0x00007a99d0600000,0x00007a99d0700000) (1024K)]
  0x00007a99733b6e20 JavaThread "Unconstrained build operations Thread 11"        [_thread_blocked, id=4883, stack(0x00007a99d0500000,0x00007a99d0600000) (1024K)]
  0x00007a99733b7a40 JavaThread "Unconstrained build operations Thread 12"        [_thread_blocked, id=4884, stack(0x00007a9962000000,0x00007a9962100000) (1024K)]
  0x00007a9972708410 JavaThread "build event listener"              [_thread_blocked, id=4885, stack(0x00007a99d0a00000,0x00007a99d0b00000) (1024K)]
  0x00007a9972af7c90 JavaThread "Problems report writer"            [_thread_blocked, id=4886, stack(0x00007a9962500000,0x00007a9962600000) (1024K)]
  0x00007a99721edd90 JavaThread "pool-6-thread-1"                   [_thread_blocked, id=4887, stack(0x00007a99d0b00000,0x00007a99d0c00000) (1024K)]
  0x00007a99721ee4a0 JavaThread "build event listener"              [_thread_blocked, id=4888, stack(0x00007a9967c00000,0x00007a9967d00000) (1024K)]
  0x00007a997315d0d0 JavaThread "included builds"                   [_thread_blocked, id=4889, stack(0x00007a9962b00000,0x00007a9962c00000) (1024K)]
  0x00007a9968161550 JavaThread "Execution worker"                  [_thread_blocked, id=4890, stack(0x00007a9962700000,0x00007a9962800000) (1024K)]
  0x00007a99683ab050 JavaThread "Execution worker Thread 2"         [_thread_blocked, id=4891, stack(0x00007a9962f00000,0x00007a9963000000) (1024K)]
  0x00007a99683ab760 JavaThread "Execution worker Thread 3"         [_thread_blocked, id=4892, stack(0x00007a99d0900000,0x00007a99d0a00000) (1024K)]
  0x00007a9974001b70 JavaThread "Cache worker for execution history cache (/run/media/muhammad-usman/New Volume/Projects/AndroidProjects/WeTalk/.gradle/8.13/executionHistory)"        [_thread_blocked, id=4893, stack(0x00007a99d0c00000,0x00007a99d0d00000) (1024K)]
Total: 61

Other Threads:
  0x00007a9a401ac530 VMThread "VM Thread"                           [id=4728, stack(0x00007a9a449c0000,0x00007a9a44ac0000) (1024K)]
  0x00007a9a4019aa10 WatcherThread "VM Periodic Task Thread"        [id=4727, stack(0x00007a9a44ac1000,0x00007a9a44bc1000) (1024K)]
  0x00007a9a400872c0 WorkerThread "GC Thread#0"                     [id=4722, stack(0x00007a9a45e26000,0x00007a9a45f26000) (1024K)]
  0x00007a99c0006700 WorkerThread "GC Thread#1"                     [id=4743, stack(0x00007a9a28c00000,0x00007a9a28d00000) (1024K)]
=>0x00007a99c0007220 WorkerThread "GC Thread#2"                     [id=4744, stack(0x00007a9a28aff000,0x00007a9a28bff000) (1024K)]
  0x00007a99c0007d40 WorkerThread "GC Thread#3"                     [id=4745, stack(0x00007a9a289fe000,0x00007a9a28afe000) (1024K)]
  0x00007a9a40098780 ConcurrentGCThread "G1 Main Marker"            [id=4723, stack(0x00007a9a45500000,0x00007a9a45600000) (1024K)]
  0x00007a9a40099720 WorkerThread "G1 Conc#0"                       [id=4724, stack(0x00007a9a453ff000,0x00007a9a454ff000) (1024K)]
  0x00007a9a40185f70 ConcurrentGCThread "G1 Refine#0"               [id=4725, stack(0x00007a9a44efa000,0x00007a9a44ffa000) (1024K)]
  0x00007a9a40186f30 ConcurrentGCThread "G1 Service"                [id=4726, stack(0x00007a9a44df9000,0x00007a9a44ef9000) (1024K)]
Total: 10

Threads with active compile tasks:
C2 CompilerThread0  59119 15444       4       org.gradle.api.internal.artifacts.ivyservice.resolveengine.graph.builder.DependencyState::addSelectionReasons (50 bytes)
C1 CompilerThread0  59119 15525       3       org.gradle.api.internal.artifacts.ivyservice.ivyresolve.ModuleDescriptorHashModuleSource::<init> (15 bytes)
C2 CompilerThread1  59119 15451       4       com.google.common.cache.LocalCache$Segment::loadSync (19 bytes)
Total: 3

VM state: at safepoint (normal execution)

VM Mutex/Monitor currently owned by a thread:  ([mutex/lock_event])
[0x00007a9a47b3f2d8] Threads_lock - owner thread: 0x00007a9a401ac530
[0x00007a9a47b3f1d8] Heap_lock - owner thread: 0x00007a99683ab760

Heap address: 0x0000000080000000, size: 2048 MB, Compressed Oops mode: 32-bit

CDS archive(s) mapped at: [0x00007a99d2000000-0x00007a99d3c8d000-0x00007a99d3c8d000), size 29937664, SharedBaseAddress: 0x00007a99d2000000, ArchiveRelocationMode: 1.
Compressed class space mapped at: 0x00007a99d4000000-0x00007a9a14000000, reserved size: 1073741824
Narrow klass base: 0x00007a99d2000000, Narrow klass shift: 0, Narrow klass range: 0x100000000

GC Precious Log:
 CardTable entry size: 512
 Card Set container configuration: InlinePtr #cards 5 size 8 Array Of Cards #cards 12 size 40 Howl #buckets 4 coarsen threshold 1843 Howl Bitmap #cards 512 size 80 coarsen threshold 460 Card regions per heap region 1 cards per card region 2048
 CPUs: 4 total, 4 available
 Memory: 15361M
 Large Page Support: Disabled
 NUMA Support: Disabled
 Compressed Oops: Enabled (32-bit)
 Heap Region Size: 1M
 Heap Min Capacity: 8M
 Heap Initial Capacity: 242M
 Heap Max Capacity: 2G
 Pre-touch: Disabled
 Parallel Workers: 4
 Concurrent Workers: 1
 Concurrent Refinement Workers: 4
 Periodic GC: Disabled

Heap:
 garbage-first heap   total 271360K, used 233849K [0x0000000080000000, 0x0000000100000000)
  region size 1024K, 81 young (82944K), 11 survivors (11264K)
 Metaspace       used 118879K, committed 121280K, reserved 1179648K
  class space    used 16278K, committed 17408K, reserved 1048576K

Heap Regions: E=young(eden), S=young(survivor), O=old, HS=humongous(starts), HC=humongous(continues), CS=collection set, F=free, TAMS=top-at-mark-start, PB=parsable bottom
|   0|0x0000000080000000, 0x0000000080100000, 0x0000000080100000|100%|HS|  |TAMS 0x0000000080000000| PB 0x0000000080000000| Complete 
|   1|0x0000000080100000, 0x0000000080200000, 0x0000000080200000|100%|HC|  |TAMS 0x0000000080100000| PB 0x0000000080100000| Complete 
|   2|0x0000000080200000, 0x0000000080300000, 0x0000000080300000|100%|HC|  |TAMS 0x0000000080200000| PB 0x0000000080200000| Complete 
|   3|0x0000000080300000, 0x0000000080400000, 0x0000000080400000|100%| O|  |TAMS 0x0000000080300000| PB 0x0000000080300000| Untracked 
|   4|0x0000000080400000, 0x0000000080500000, 0x0000000080500000|100%| O|  |TAMS 0x0000000080400000| PB 0x0000000080400000| Untracked 
|   5|0x0000000080500000, 0x0000000080600000, 0x0000000080600000|100%| O|  |TAMS 0x0000000080500000| PB 0x0000000080500000| Untracked 
|   6|0x0000000080600000, 0x0000000080700000, 0x0000000080700000|100%|HS|  |TAMS 0x0000000080600000| PB 0x0000000080600000| Complete 
|   7|0x0000000080700000, 0x0000000080800000, 0x0000000080800000|100%| O|  |TAMS 0x0000000080700000| PB 0x0000000080700000| Untracked 
|   8|0x0000000080800000, 0x0000000080900000, 0x0000000080900000|100%| O|  |TAMS 0x0000000080800000| PB 0x0000000080800000| Untracked 
|   9|0x0000000080900000, 0x0000000080a00000, 0x0000000080a00000|100%| O|  |TAMS 0x0000000080900000| PB 0x0000000080900000| Untracked 
|  10|0x0000000080a00000, 0x0000000080b00000, 0x0000000080b00000|100%| O|  |TAMS 0x0000000080a00000| PB 0x0000000080a00000| Untracked 
|  11|0x0000000080b00000, 0x0000000080c00000, 0x0000000080c00000|100%| O|  |TAMS 0x0000000080b00000| PB 0x0000000080b00000| Untracked 
|  12|0x0000000080c00000, 0x0000000080d00000, 0x0000000080d00000|100%| O|  |TAMS 0x0000000080c00000| PB 0x0000000080c00000| Untracked 
|  13|0x0000000080d00000, 0x0000000080e00000, 0x0000000080e00000|100%| O|  |TAMS 0x0000000080d00000| PB 0x0000000080d00000| Untracked 
|  14|0x0000000080e00000, 0x0000000080f00000, 0x0000000080f00000|100%| O|  |TAMS 0x0000000080e00000| PB 0x0000000080e00000| Untracked 
|  15|0x0000000080f00000, 0x0000000081000000, 0x0000000081000000|100%| O|  |TAMS 0x0000000080f00000| PB 0x0000000080f00000| Untracked 
|  16|0x0000000081000000, 0x0000000081100000, 0x0000000081100000|100%| O|  |TAMS 0x0000000081000000| PB 0x0000000081000000| Untracked 
|  17|0x0000000081100000, 0x0000000081200000, 0x0000000081200000|100%| O|  |TAMS 0x0000000081100000| PB 0x0000000081100000| Untracked 
|  18|0x0000000081200000, 0x0000000081300000, 0x0000000081300000|100%| O|  |TAMS 0x0000000081200000| PB 0x0000000081200000| Untracked 
|  19|0x0000000081300000, 0x0000000081400000, 0x0000000081400000|100%| O|Cm|TAMS 0x0000000081300000| PB 0x0000000081300000| Complete 
|  20|0x0000000081400000, 0x0000000081500000, 0x0000000081500000|100%| O|  |TAMS 0x0000000081400000| PB 0x0000000081400000| Untracked 
|  21|0x0000000081500000, 0x0000000081600000, 0x0000000081600000|100%| O|  |TAMS 0x0000000081500000| PB 0x0000000081500000| Untracked 
|  22|0x0000000081600000, 0x0000000081700000, 0x0000000081700000|100%|HS|  |TAMS 0x0000000081600000| PB 0x0000000081600000| Complete 
|  23|0x0000000081700000, 0x0000000081800000, 0x0000000081800000|100%|HC|  |TAMS 0x0000000081700000| PB 0x0000000081700000| Complete 
|  24|0x0000000081800000, 0x0000000081900000, 0x0000000081900000|100%|HC|  |TAMS 0x0000000081800000| PB 0x0000000081800000| Complete 
|  25|0x0000000081900000, 0x0000000081a00000, 0x0000000081a00000|100%|HC|  |TAMS 0x0000000081900000| PB 0x0000000081900000| Complete 
|  26|0x0000000081a00000, 0x0000000081b00000, 0x0000000081b00000|100%|HC|  |TAMS 0x0000000081a00000| PB 0x0000000081a00000| Complete 
|  27|0x0000000081b00000, 0x0000000081c00000, 0x0000000081c00000|100%|HC|  |TAMS 0x0000000081b00000| PB 0x0000000081b00000| Complete 
|  28|0x0000000081c00000, 0x0000000081d00000, 0x0000000081d00000|100%|HS|  |TAMS 0x0000000081c00000| PB 0x0000000081c00000| Complete 
|  29|0x0000000081d00000, 0x0000000081e00000, 0x0000000081e00000|100%|HS|  |TAMS 0x0000000081d00000| PB 0x0000000081d00000| Complete 
|  30|0x0000000081e00000, 0x0000000081f00000, 0x0000000081f00000|100%|HS|  |TAMS 0x0000000081e00000| PB 0x0000000081e00000| Complete 
|  31|0x0000000081f00000, 0x0000000082000000, 0x0000000082000000|100%|HC|  |TAMS 0x0000000081f00000| PB 0x0000000081f00000| Complete 
|  32|0x0000000082000000, 0x0000000082100000, 0x0000000082100000|100%|HC|  |TAMS 0x0000000082000000| PB 0x0000000082000000| Complete 
|  33|0x0000000082100000, 0x0000000082200000, 0x0000000082200000|100%|HC|  |TAMS 0x0000000082100000| PB 0x0000000082100000| Complete 
|  34|0x0000000082200000, 0x0000000082300000, 0x0000000082300000|100%|HC|  |TAMS 0x0000000082200000| PB 0x0000000082200000| Complete 
|  35|0x0000000082300000, 0x0000000082400000, 0x0000000082400000|100%|HC|  |TAMS 0x0000000082300000| PB 0x0000000082300000| Complete 
|  36|0x0000000082400000, 0x0000000082500000, 0x0000000082500000|100%|HS|  |TAMS 0x0000000082400000| PB 0x0000000082400000| Complete 
|  37|0x0000000082500000, 0x0000000082600000, 0x0000000082600000|100%|HS|  |TAMS 0x0000000082500000| PB 0x0000000082500000| Complete 
|  38|0x0000000082600000, 0x0000000082700000, 0x0000000082700000|100%| O|  |TAMS 0x0000000082600000| PB 0x0000000082600000| Untracked 
|  39|0x0000000082700000, 0x0000000082800000, 0x0000000082800000|100%| O|  |TAMS 0x0000000082700000| PB 0x0000000082700000| Untracked 
|  40|0x0000000082800000, 0x0000000082900000, 0x0000000082900000|100%| O|  |TAMS 0x0000000082800000| PB 0x0000000082800000| Untracked 
|  41|0x0000000082900000, 0x0000000082a00000, 0x0000000082a00000|100%| O|  |TAMS 0x0000000082900000| PB 0x0000000082900000| Untracked 
|  42|0x0000000082a00000, 0x0000000082b00000, 0x0000000082b00000|100%| O|  |TAMS 0x0000000082a00000| PB 0x0000000082a00000| Untracked 
|  43|0x0000000082b00000, 0x0000000082c00000, 0x0000000082c00000|100%| O|  |TAMS 0x0000000082b00000| PB 0x0000000082b00000| Untracked 
|  44|0x0000000082c00000, 0x0000000082d00000, 0x0000000082d00000|100%| O|Cm|TAMS 0x0000000082c00000| PB 0x0000000082c00000| Complete 
|  45|0x0000000082d00000, 0x0000000082e00000, 0x0000000082e00000|100%| O|  |TAMS 0x0000000082d00000| PB 0x0000000082d00000| Untracked 
|  46|0x0000000082e00000, 0x0000000082f00000, 0x0000000082f00000|100%| O|  |TAMS 0x0000000082e00000| PB 0x0000000082e00000| Untracked 
|  47|0x0000000082f00000, 0x0000000083000000, 0x0000000083000000|100%| O|  |TAMS 0x0000000082f00000| PB 0x0000000082f00000| Untracked 
|  48|0x0000000083000000, 0x0000000083100000, 0x0000000083100000|100%| O|  |TAMS 0x0000000083000000| PB 0x0000000083000000| Untracked 
|  49|0x0000000083100000, 0x0000000083200000, 0x0000000083200000|100%| O|  |TAMS 0x0000000083100000| PB 0x0000000083100000| Untracked 
|  50|0x0000000083200000, 0x0000000083300000, 0x0000000083300000|100%| O|  |TAMS 0x0000000083200000| PB 0x0000000083200000| Untracked 
|  51|0x0000000083300000, 0x0000000083400000, 0x0000000083400000|100%| O|  |TAMS 0x0000000083300000| PB 0x0000000083300000| Untracked 
|  52|0x0000000083400000, 0x0000000083500000, 0x0000000083500000|100%|HS|  |TAMS 0x0000000083400000| PB 0x0000000083400000| Complete 
|  53|0x0000000083500000, 0x0000000083600000, 0x0000000083600000|100%| O|  |TAMS 0x0000000083500000| PB 0x0000000083500000| Untracked 
|  54|0x0000000083600000, 0x0000000083700000, 0x0000000083700000|100%| O|  |TAMS 0x0000000083600000| PB 0x0000000083600000| Untracked 
|  55|0x0000000083700000, 0x0000000083800000, 0x0000000083800000|100%| O|  |TAMS 0x0000000083700000| PB 0x0000000083700000| Untracked 
|  56|0x0000000083800000, 0x0000000083900000, 0x0000000083900000|100%| O|  |TAMS 0x0000000083800000| PB 0x0000000083800000| Untracked 
|  57|0x0000000083900000, 0x0000000083a00000, 0x0000000083a00000|100%| O|  |TAMS 0x0000000083900000| PB 0x0000000083900000| Untracked 
|  58|0x0000000083a00000, 0x0000000083b00000, 0x0000000083b00000|100%| O|  |TAMS 0x0000000083a00000| PB 0x0000000083a00000| Untracked 
|  59|0x0000000083b00000, 0x0000000083c00000, 0x0000000083c00000|100%| O|  |TAMS 0x0000000083b00000| PB 0x0000000083b00000| Untracked 
|  60|0x0000000083c00000, 0x0000000083d00000, 0x0000000083d00000|100%| O|  |TAMS 0x0000000083c00000| PB 0x0000000083c00000| Untracked 
|  61|0x0000000083d00000, 0x0000000083e00000, 0x0000000083e00000|100%| O|  |TAMS 0x0000000083d00000| PB 0x0000000083d00000| Untracked 
|  62|0x0000000083e00000, 0x0000000083f00000, 0x0000000083f00000|100%| O|  |TAMS 0x0000000083e00000| PB 0x0000000083e00000| Untracked 
|  63|0x0000000083f00000, 0x0000000084000000, 0x0000000084000000|100%| O|  |TAMS 0x0000000083f00000| PB 0x0000000083f00000| Untracked 
|  64|0x0000000084000000, 0x0000000084100000, 0x0000000084100000|100%| O|  |TAMS 0x0000000084000000| PB 0x0000000084000000| Untracked 
|  65|0x0000000084100000, 0x0000000084200000, 0x0000000084200000|100%| O|  |TAMS 0x0000000084100000| PB 0x0000000084100000| Untracked 
|  66|0x0000000084200000, 0x0000000084300000, 0x0000000084300000|100%| O|  |TAMS 0x0000000084200000| PB 0x0000000084200000| Untracked 
|  67|0x0000000084300000, 0x0000000084400000, 0x0000000084400000|100%| O|  |TAMS 0x0000000084300000| PB 0x0000000084300000| Untracked 
|  68|0x0000000084400000, 0x0000000084500000, 0x0000000084500000|100%| O|  |TAMS 0x0000000084400000| PB 0x0000000084400000| Untracked 
|  69|0x0000000084500000, 0x0000000084600000, 0x0000000084600000|100%| O|  |TAMS 0x0000000084500000| PB 0x0000000084500000| Untracked 
|  70|0x0000000084600000, 0x0000000084700000, 0x0000000084700000|100%| O|  |TAMS 0x0000000084600000| PB 0x0000000084600000| Untracked 
|  71|0x0000000084700000, 0x0000000084800000, 0x0000000084800000|100%| O|  |TAMS 0x0000000084700000| PB 0x0000000084700000| Untracked 
|  72|0x0000000084800000, 0x0000000084900000, 0x0000000084900000|100%| O|  |TAMS 0x0000000084800000| PB 0x0000000084800000| Untracked 
|  73|0x0000000084900000, 0x0000000084a00000, 0x0000000084a00000|100%| O|  |TAMS 0x0000000084900000| PB 0x0000000084900000| Untracked 
|  74|0x0000000084a00000, 0x0000000084b00000, 0x0000000084b00000|100%| O|  |TAMS 0x0000000084a00000| PB 0x0000000084a00000| Untracked 
|  75|0x0000000084b00000, 0x0000000084c00000, 0x0000000084c00000|100%| O|  |TAMS 0x0000000084b00000| PB 0x0000000084b00000| Untracked 
|  76|0x0000000084c00000, 0x0000000084d00000, 0x0000000084d00000|100%| O|  |TAMS 0x0000000084c00000| PB 0x0000000084c00000| Untracked 
|  77|0x0000000084d00000, 0x0000000084e00000, 0x0000000084e00000|100%| O|  |TAMS 0x0000000084d00000| PB 0x0000000084d00000| Untracked 
|  78|0x0000000084e00000, 0x0000000084f00000, 0x0000000084f00000|100%| O|  |TAMS 0x0000000084e00000| PB 0x0000000084e00000| Untracked 
|  79|0x0000000084f00000, 0x0000000085000000, 0x0000000085000000|100%| O|  |TAMS 0x0000000084f00000| PB 0x0000000084f00000| Untracked 
|  80|0x0000000085000000, 0x0000000085100000, 0x0000000085100000|100%|HS|  |TAMS 0x0000000085000000| PB 0x0000000085000000| Complete 
|  81|0x0000000085100000, 0x0000000085200000, 0x0000000085200000|100%| O|  |TAMS 0x0000000085100000| PB 0x0000000085100000| Untracked 
|  82|0x0000000085200000, 0x0000000085300000, 0x0000000085300000|100%|HS|  |TAMS 0x0000000085200000| PB 0x0000000085200000| Complete 
|  83|0x0000000085300000, 0x0000000085400000, 0x0000000085400000|100%|HS|  |TAMS 0x0000000085300000| PB 0x0000000085300000| Complete 
|  84|0x0000000085400000, 0x0000000085500000, 0x0000000085500000|100%|HS|  |TAMS 0x0000000085400000| PB 0x0000000085400000| Complete 
|  85|0x0000000085500000, 0x0000000085600000, 0x0000000085600000|100%|HS|  |TAMS 0x0000000085500000| PB 0x0000000085500000| Complete 
|  86|0x0000000085600000, 0x0000000085700000, 0x0000000085700000|100%| O|  |TAMS 0x0000000085600000| PB 0x0000000085600000| Untracked 
|  87|0x0000000085700000, 0x0000000085800000, 0x0000000085800000|100%| O|  |TAMS 0x0000000085700000| PB 0x0000000085700000| Untracked 
|  88|0x0000000085800000, 0x0000000085900000, 0x0000000085900000|100%| O|  |TAMS 0x0000000085800000| PB 0x0000000085800000| Untracked 
|  89|0x0000000085900000, 0x0000000085a00000, 0x0000000085a00000|100%| O|  |TAMS 0x0000000085900000| PB 0x0000000085900000| Untracked 
|  90|0x0000000085a00000, 0x0000000085b00000, 0x0000000085b00000|100%| O|  |TAMS 0x0000000085a00000| PB 0x0000000085a00000| Untracked 
|  91|0x0000000085b00000, 0x0000000085c00000, 0x0000000085c00000|100%| O|  |TAMS 0x0000000085b00000| PB 0x0000000085b00000| Untracked 
|  92|0x0000000085c00000, 0x0000000085d00000, 0x0000000085d00000|100%|HS|  |TAMS 0x0000000085c00000| PB 0x0000000085c00000| Complete 
|  93|0x0000000085d00000, 0x0000000085e00000, 0x0000000085e00000|100%| O|  |TAMS 0x0000000085d00000| PB 0x0000000085d00000| Untracked 
|  94|0x0000000085e00000, 0x0000000085f00000, 0x0000000085f00000|100%| O|  |TAMS 0x0000000085e00000| PB 0x0000000085e00000| Untracked 
|  95|0x0000000085f00000, 0x0000000086000000, 0x0000000086000000|100%| O|  |TAMS 0x0000000085f00000| PB 0x0000000085f00000| Untracked 
|  96|0x0000000086000000, 0x0000000086100000, 0x0000000086100000|100%| O|  |TAMS 0x0000000086000000| PB 0x0000000086000000| Untracked 
|  97|0x0000000086100000, 0x0000000086200000, 0x0000000086200000|100%| O|  |TAMS 0x0000000086100000| PB 0x0000000086100000| Untracked 
|  98|0x0000000086200000, 0x0000000086300000, 0x0000000086300000|100%| O|  |TAMS 0x0000000086200000| PB 0x0000000086200000| Untracked 
|  99|0x0000000086300000, 0x0000000086400000, 0x0000000086400000|100%| O|  |TAMS 0x0000000086300000| PB 0x0000000086300000| Untracked 
| 100|0x0000000086400000, 0x0000000086500000, 0x0000000086500000|100%| O|  |TAMS 0x0000000086400000| PB 0x0000000086400000| Untracked 
| 101|0x0000000086500000, 0x0000000086600000, 0x0000000086600000|100%| O|  |TAMS 0x0000000086500000| PB 0x0000000086500000| Untracked 
| 102|0x0000000086600000, 0x0000000086700000, 0x0000000086700000|100%| O|  |TAMS 0x0000000086600000| PB 0x0000000086600000| Untracked 
| 103|0x0000000086700000, 0x0000000086800000, 0x0000000086800000|100%| O|  |TAMS 0x0000000086700000| PB 0x0000000086700000| Untracked 
| 104|0x0000000086800000, 0x0000000086900000, 0x0000000086900000|100%| O|  |TAMS 0x0000000086800000| PB 0x0000000086800000| Untracked 
| 105|0x0000000086900000, 0x0000000086a00000, 0x0000000086a00000|100%| O|  |TAMS 0x0000000086900000| PB 0x0000000086900000| Untracked 
| 106|0x0000000086a00000, 0x0000000086b00000, 0x0000000086b00000|100%| O|  |TAMS 0x0000000086a00000| PB 0x0000000086a00000| Untracked 
| 107|0x0000000086b00000, 0x0000000086c00000, 0x0000000086c00000|100%| O|  |TAMS 0x0000000086b00000| PB 0x0000000086b00000| Untracked 
| 108|0x0000000086c00000, 0x0000000086d00000, 0x0000000086d00000|100%| O|  |TAMS 0x0000000086c00000| PB 0x0000000086c00000| Untracked 
| 109|0x0000000086d00000, 0x0000000086e00000, 0x0000000086e00000|100%| O|  |TAMS 0x0000000086d00000| PB 0x0000000086d00000| Untracked 
| 110|0x0000000086e00000, 0x0000000086f00000, 0x0000000086f00000|100%| O|  |TAMS 0x0000000086e00000| PB 0x0000000086e00000| Untracked 
| 111|0x0000000086f00000, 0x0000000087000000, 0x0000000087000000|100%| O|  |TAMS 0x0000000086f00000| PB 0x0000000086f00000| Untracked 
| 112|0x0000000087000000, 0x0000000087100000, 0x0000000087100000|100%| O|  |TAMS 0x0000000087000000| PB 0x0000000087000000| Untracked 
| 113|0x0000000087100000, 0x0000000087200000, 0x0000000087200000|100%| O|  |TAMS 0x0000000087100000| PB 0x0000000087100000| Untracked 
| 114|0x0000000087200000, 0x0000000087300000, 0x0000000087300000|100%| O|  |TAMS 0x0000000087200000| PB 0x0000000087200000| Untracked 
| 115|0x0000000087300000, 0x0000000087400000, 0x0000000087400000|100%| O|  |TAMS 0x0000000087300000| PB 0x0000000087300000| Untracked 
| 116|0x0000000087400000, 0x0000000087500000, 0x0000000087500000|100%| O|  |TAMS 0x0000000087400000| PB 0x0000000087400000| Untracked 
| 117|0x0000000087500000, 0x0000000087600000, 0x0000000087600000|100%| O|  |TAMS 0x0000000087500000| PB 0x0000000087500000| Untracked 
| 118|0x0000000087600000, 0x0000000087700000, 0x0000000087700000|100%| O|  |TAMS 0x0000000087600000| PB 0x0000000087600000| Untracked 
| 119|0x0000000087700000, 0x0000000087800000, 0x0000000087800000|100%| O|  |TAMS 0x0000000087700000| PB 0x0000000087700000| Untracked 
| 120|0x0000000087800000, 0x0000000087900000, 0x0000000087900000|100%| O|  |TAMS 0x0000000087800000| PB 0x0000000087800000| Untracked 
| 121|0x0000000087900000, 0x0000000087a00000, 0x0000000087a00000|100%| O|  |TAMS 0x0000000087900000| PB 0x0000000087900000| Untracked 
| 122|0x0000000087a00000, 0x0000000087b00000, 0x0000000087b00000|100%| O|  |TAMS 0x0000000087a00000| PB 0x0000000087a00000| Untracked 
| 123|0x0000000087b00000, 0x0000000087c00000, 0x0000000087c00000|100%| O|  |TAMS 0x0000000087b00000| PB 0x0000000087b00000| Untracked 
| 124|0x0000000087c00000, 0x0000000087d00000, 0x0000000087d00000|100%| O|  |TAMS 0x0000000087c00000| PB 0x0000000087c00000| Untracked 
| 125|0x0000000087d00000, 0x0000000087e00000, 0x0000000087e00000|100%| O|  |TAMS 0x0000000087d00000| PB 0x0000000087d00000| Untracked 
| 126|0x0000000087e00000, 0x0000000087f00000, 0x0000000087f00000|100%| O|  |TAMS 0x0000000087e00000| PB 0x0000000087e00000| Untracked 
| 127|0x0000000087f00000, 0x0000000088000000, 0x0000000088000000|100%| O|  |TAMS 0x0000000087f00000| PB 0x0000000087f00000| Untracked 
| 128|0x0000000088000000, 0x0000000088100000, 0x0000000088100000|100%| O|  |TAMS 0x0000000088000000| PB 0x0000000088000000| Untracked 
| 129|0x0000000088100000, 0x0000000088200000, 0x0000000088200000|100%| O|  |TAMS 0x0000000088100000| PB 0x0000000088100000| Untracked 
| 130|0x0000000088200000, 0x0000000088300000, 0x0000000088300000|100%| O|  |TAMS 0x0000000088200000| PB 0x0000000088200000| Untracked 
| 131|0x0000000088300000, 0x0000000088400000, 0x0000000088400000|100%| O|  |TAMS 0x0000000088300000| PB 0x0000000088300000| Untracked 
| 132|0x0000000088400000, 0x0000000088500000, 0x0000000088500000|100%| O|  |TAMS 0x0000000088400000| PB 0x0000000088400000| Untracked 
| 133|0x0000000088500000, 0x0000000088600000, 0x0000000088600000|100%| O|  |TAMS 0x0000000088500000| PB 0x0000000088500000| Untracked 
| 134|0x0000000088600000, 0x0000000088700000, 0x0000000088700000|100%| O|Cm|TAMS 0x0000000088600000| PB 0x0000000088600000| Complete 
| 135|0x0000000088700000, 0x0000000088800000, 0x0000000088800000|100%| O|  |TAMS 0x0000000088700000| PB 0x0000000088700000| Untracked 
| 136|0x0000000088800000, 0x0000000088900000, 0x0000000088900000|100%| O|Cm|TAMS 0x0000000088800000| PB 0x0000000088800000| Complete 
| 137|0x0000000088900000, 0x0000000088a00000, 0x0000000088a00000|100%| O|  |TAMS 0x0000000088900000| PB 0x0000000088900000| Untracked 
| 138|0x0000000088a00000, 0x0000000088b00000, 0x0000000088b00000|100%| O|  |TAMS 0x0000000088a00000| PB 0x0000000088a00000| Untracked 
| 139|0x0000000088b00000, 0x0000000088c00000, 0x0000000088c00000|100%| O|  |TAMS 0x0000000088b00000| PB 0x0000000088b00000| Untracked 
| 140|0x0000000088c00000, 0x0000000088d00000, 0x0000000088d00000|100%| O|Cm|TAMS 0x0000000088c00000| PB 0x0000000088c00000| Complete 
| 141|0x0000000088d00000, 0x0000000088e00000, 0x0000000088e00000|100%| O|  |TAMS 0x0000000088d00000| PB 0x0000000088d00000| Untracked 
| 142|0x0000000088e00000, 0x0000000088f00000, 0x0000000088f00000|100%| O|  |TAMS 0x0000000088e00000| PB 0x0000000088e00000| Untracked 
| 143|0x0000000088f00000, 0x0000000089000000, 0x0000000089000000|100%| O|  |TAMS 0x0000000088f00000| PB 0x0000000088f00000| Untracked 
| 144|0x0000000089000000, 0x0000000089100000, 0x0000000089100000|100%| O|  |TAMS 0x0000000089000000| PB 0x0000000089000000| Untracked 
| 145|0x0000000089100000, 0x0000000089200000, 0x0000000089200000|100%| O|  |TAMS 0x0000000089100000| PB 0x0000000089100000| Untracked 
| 146|0x0000000089200000, 0x0000000089300000, 0x0000000089300000|100%| O|  |TAMS 0x0000000089200000| PB 0x0000000089200000| Untracked 
| 147|0x0000000089300000, 0x0000000089400000, 0x0000000089400000|100%| E|CS|TAMS 0x0000000089300000| PB 0x0000000089300000| Complete 
| 148|0x0000000089400000, 0x0000000089500000, 0x0000000089500000|100%| E|CS|TAMS 0x0000000089400000| PB 0x0000000089400000| Complete 
| 149|0x0000000089500000, 0x0000000089600000, 0x0000000089600000|100%| E|CS|TAMS 0x0000000089500000| PB 0x0000000089500000| Complete 
| 150|0x0000000089600000, 0x0000000089700000, 0x0000000089700000|100%| E|CS|TAMS 0x0000000089600000| PB 0x0000000089600000| Complete 
| 151|0x0000000089700000, 0x0000000089800000, 0x0000000089800000|100%| E|CS|TAMS 0x0000000089700000| PB 0x0000000089700000| Complete 
| 152|0x0000000089800000, 0x0000000089900000, 0x0000000089900000|100%| E|CS|TAMS 0x0000000089800000| PB 0x0000000089800000| Complete 
| 153|0x0000000089900000, 0x0000000089a00000, 0x0000000089a00000|100%| E|CS|TAMS 0x0000000089900000| PB 0x0000000089900000| Complete 
| 154|0x0000000089a00000, 0x0000000089b00000, 0x0000000089b00000|100%| E|CS|TAMS 0x0000000089a00000| PB 0x0000000089a00000| Complete 
| 155|0x0000000089b00000, 0x0000000089c00000, 0x0000000089c00000|100%| E|CS|TAMS 0x0000000089b00000| PB 0x0000000089b00000| Complete 
| 156|0x0000000089c00000, 0x0000000089d00000, 0x0000000089d00000|100%| E|CS|TAMS 0x0000000089c00000| PB 0x0000000089c00000| Complete 
| 157|0x0000000089d00000, 0x0000000089e00000, 0x0000000089e00000|100%| E|CS|TAMS 0x0000000089d00000| PB 0x0000000089d00000| Complete 
| 158|0x0000000089e00000, 0x0000000089f00000, 0x0000000089f00000|100%| O|  |TAMS 0x0000000089e00000| PB 0x0000000089e00000| Untracked 
| 159|0x0000000089f00000, 0x000000008a000000, 0x000000008a000000|100%| O|  |TAMS 0x0000000089f00000| PB 0x0000000089f00000| Untracked 
| 160|0x000000008a000000, 0x000000008a100000, 0x000000008a100000|100%| O|  |TAMS 0x000000008a000000| PB 0x000000008a000000| Untracked 
| 161|0x000000008a100000, 0x000000008a200000, 0x000000008a200000|100%| O|  |TAMS 0x000000008a100000| PB 0x000000008a100000| Untracked 
| 162|0x000000008a200000, 0x000000008a300000, 0x000000008a300000|100%| O|  |TAMS 0x000000008a200000| PB 0x000000008a200000| Untracked 
| 163|0x000000008a300000, 0x000000008a300000, 0x000000008a400000|  0%| F|  |TAMS 0x000000008a300000| PB 0x000000008a300000| Untracked 
| 164|0x000000008a400000, 0x000000008a400000, 0x000000008a500000|  0%| F|  |TAMS 0x000000008a400000| PB 0x000000008a400000| Untracked 
| 165|0x000000008a500000, 0x000000008a500000, 0x000000008a600000|  0%| F|  |TAMS 0x000000008a500000| PB 0x000000008a500000| Untracked 
| 166|0x000000008a600000, 0x000000008a600000, 0x000000008a700000|  0%| F|  |TAMS 0x000000008a600000| PB 0x000000008a600000| Untracked 
| 167|0x000000008a700000, 0x000000008a700000, 0x000000008a800000|  0%| F|  |TAMS 0x000000008a700000| PB 0x000000008a700000| Untracked 
| 168|0x000000008a800000, 0x000000008a800000, 0x000000008a900000|  0%| F|  |TAMS 0x000000008a800000| PB 0x000000008a800000| Untracked 
| 169|0x000000008a900000, 0x000000008a900000, 0x000000008aa00000|  0%| F|  |TAMS 0x000000008a900000| PB 0x000000008a900000| Untracked 
| 170|0x000000008aa00000, 0x000000008aa00000, 0x000000008ab00000|  0%| F|  |TAMS 0x000000008aa00000| PB 0x000000008aa00000| Untracked 
| 171|0x000000008ab00000, 0x000000008ab00000, 0x000000008ac00000|  0%| F|  |TAMS 0x000000008ab00000| PB 0x000000008ab00000| Untracked 
| 172|0x000000008ac00000, 0x000000008ac00000, 0x000000008ad00000|  0%| F|  |TAMS 0x000000008ac00000| PB 0x000000008ac00000| Untracked 
| 173|0x000000008ad00000, 0x000000008ad00000, 0x000000008ae00000|  0%| F|  |TAMS 0x000000008ad00000| PB 0x000000008ad00000| Untracked 
| 174|0x000000008ae00000, 0x000000008ae00000, 0x000000008af00000|  0%| F|  |TAMS 0x000000008ae00000| PB 0x000000008ae00000| Untracked 
| 175|0x000000008af00000, 0x000000008af00000, 0x000000008b000000|  0%| F|  |TAMS 0x000000008af00000| PB 0x000000008af00000| Untracked 
| 176|0x000000008b000000, 0x000000008b000000, 0x000000008b100000|  0%| F|  |TAMS 0x000000008b000000| PB 0x000000008b000000| Untracked 
| 177|0x000000008b100000, 0x000000008b200000, 0x000000008b200000|100%| S|  |TAMS 0x000000008b100000| PB 0x000000008b100000| Complete 
| 178|0x000000008b200000, 0x000000008b300000, 0x000000008b300000|100%| S|  |TAMS 0x000000008b200000| PB 0x000000008b200000| Complete 
| 179|0x000000008b300000, 0x000000008b400000, 0x000000008b400000|100%| S|  |TAMS 0x000000008b300000| PB 0x000000008b300000| Complete 
| 180|0x000000008b400000, 0x000000008b500000, 0x000000008b500000|100%| S|  |TAMS 0x000000008b400000| PB 0x000000008b400000| Complete 
| 181|0x000000008b500000, 0x000000008b600000, 0x000000008b600000|100%| S|  |TAMS 0x000000008b500000| PB 0x000000008b500000| Complete 
| 182|0x000000008b600000, 0x000000008b700000, 0x000000008b700000|100%| S|  |TAMS 0x000000008b600000| PB 0x000000008b600000| Complete 
| 183|0x000000008b700000, 0x000000008b800000, 0x000000008b800000|100%| S|  |TAMS 0x000000008b700000| PB 0x000000008b700000| Complete 
| 184|0x000000008b800000, 0x000000008b900000, 0x000000008b900000|100%| S|  |TAMS 0x000000008b800000| PB 0x000000008b800000| Complete 
| 185|0x000000008b900000, 0x000000008ba00000, 0x000000008ba00000|100%| S|  |TAMS 0x000000008b900000| PB 0x000000008b900000| Complete 
| 186|0x000000008ba00000, 0x000000008bb00000, 0x000000008bb00000|100%| S|  |TAMS 0x000000008ba00000| PB 0x000000008ba00000| Complete 
| 187|0x000000008bb00000, 0x000000008bc00000, 0x000000008bc00000|100%| S|  |TAMS 0x000000008bb00000| PB 0x000000008bb00000| Complete 
| 188|0x000000008bc00000, 0x000000008bd00000, 0x000000008bd00000|100%| E|CS|TAMS 0x000000008bc00000| PB 0x000000008bc00000| Complete 
| 189|0x000000008bd00000, 0x000000008be00000, 0x000000008be00000|100%| E|CS|TAMS 0x000000008bd00000| PB 0x000000008bd00000| Complete 
| 190|0x000000008be00000, 0x000000008bf00000, 0x000000008bf00000|100%| E|CS|TAMS 0x000000008be00000| PB 0x000000008be00000| Complete 
| 191|0x000000008bf00000, 0x000000008c000000, 0x000000008c000000|100%| E|CS|TAMS 0x000000008bf00000| PB 0x000000008bf00000| Complete 
| 192|0x000000008c000000, 0x000000008c100000, 0x000000008c100000|100%| E|CS|TAMS 0x000000008c000000| PB 0x000000008c000000| Complete 
| 193|0x000000008c100000, 0x000000008c200000, 0x000000008c200000|100%| E|CS|TAMS 0x000000008c100000| PB 0x000000008c100000| Complete 
| 194|0x000000008c200000, 0x000000008c300000, 0x000000008c300000|100%| E|CS|TAMS 0x000000008c200000| PB 0x000000008c200000| Complete 
| 195|0x000000008c300000, 0x000000008c400000, 0x000000008c400000|100%| E|CS|TAMS 0x000000008c300000| PB 0x000000008c300000| Complete 
| 196|0x000000008c400000, 0x000000008c500000, 0x000000008c500000|100%| E|CS|TAMS 0x000000008c400000| PB 0x000000008c400000| Complete 
| 197|0x000000008c500000, 0x000000008c600000, 0x000000008c600000|100%| E|CS|TAMS 0x000000008c500000| PB 0x000000008c500000| Complete 
| 198|0x000000008c600000, 0x000000008c700000, 0x000000008c700000|100%| E|CS|TAMS 0x000000008c600000| PB 0x000000008c600000| Complete 
| 199|0x000000008c700000, 0x000000008c800000, 0x000000008c800000|100%| E|CS|TAMS 0x000000008c700000| PB 0x000000008c700000| Complete 
| 200|0x000000008c800000, 0x000000008c900000, 0x000000008c900000|100%| E|CS|TAMS 0x000000008c800000| PB 0x000000008c800000| Complete 
| 201|0x000000008c900000, 0x000000008ca00000, 0x000000008ca00000|100%| E|CS|TAMS 0x000000008c900000| PB 0x000000008c900000| Complete 
| 202|0x000000008ca00000, 0x000000008cb00000, 0x000000008cb00000|100%| E|CS|TAMS 0x000000008ca00000| PB 0x000000008ca00000| Complete 
| 203|0x000000008cb00000, 0x000000008cc00000, 0x000000008cc00000|100%| E|CS|TAMS 0x000000008cb00000| PB 0x000000008cb00000| Complete 
| 204|0x000000008cc00000, 0x000000008cd00000, 0x000000008cd00000|100%| E|CS|TAMS 0x000000008cc00000| PB 0x000000008cc00000| Complete 
| 205|0x000000008cd00000, 0x000000008ce00000, 0x000000008ce00000|100%| E|CS|TAMS 0x000000008cd00000| PB 0x000000008cd00000| Complete 
| 206|0x000000008ce00000, 0x000000008cf00000, 0x000000008cf00000|100%| E|CS|TAMS 0x000000008ce00000| PB 0x000000008ce00000| Complete 
| 207|0x000000008cf00000, 0x000000008d000000, 0x000000008d000000|100%| E|CS|TAMS 0x000000008cf00000| PB 0x000000008cf00000| Complete 
| 208|0x000000008d000000, 0x000000008d100000, 0x000000008d100000|100%| E|CS|TAMS 0x000000008d000000| PB 0x000000008d000000| Complete 
| 209|0x000000008d100000, 0x000000008d200000, 0x000000008d200000|100%| E|CS|TAMS 0x000000008d100000| PB 0x000000008d100000| Complete 
| 210|0x000000008d200000, 0x000000008d300000, 0x000000008d300000|100%| E|CS|TAMS 0x000000008d200000| PB 0x000000008d200000| Complete 
| 211|0x000000008d300000, 0x000000008d400000, 0x000000008d400000|100%| E|CS|TAMS 0x000000008d300000| PB 0x000000008d300000| Complete 
| 212|0x000000008d400000, 0x000000008d500000, 0x000000008d500000|100%| E|CS|TAMS 0x000000008d400000| PB 0x000000008d400000| Complete 
| 213|0x000000008d500000, 0x000000008d600000, 0x000000008d600000|100%| E|CS|TAMS 0x000000008d500000| PB 0x000000008d500000| Complete 
| 214|0x000000008d600000, 0x000000008d700000, 0x000000008d700000|100%| E|CS|TAMS 0x000000008d600000| PB 0x000000008d600000| Complete 
| 215|0x000000008d700000, 0x000000008d800000, 0x000000008d800000|100%| E|CS|TAMS 0x000000008d700000| PB 0x000000008d700000| Complete 
| 216|0x000000008d800000, 0x000000008d900000, 0x000000008d900000|100%| E|CS|TAMS 0x000000008d800000| PB 0x000000008d800000| Complete 
| 217|0x000000008d900000, 0x000000008da00000, 0x000000008da00000|100%| E|CS|TAMS 0x000000008d900000| PB 0x000000008d900000| Complete 
| 218|0x000000008da00000, 0x000000008db00000, 0x000000008db00000|100%| E|CS|TAMS 0x000000008da00000| PB 0x000000008da00000| Complete 
| 219|0x000000008db00000, 0x000000008dc00000, 0x000000008dc00000|100%| E|CS|TAMS 0x000000008db00000| PB 0x000000008db00000| Complete 
| 220|0x000000008dc00000, 0x000000008dd00000, 0x000000008dd00000|100%| E|CS|TAMS 0x000000008dc00000| PB 0x000000008dc00000| Complete 
| 221|0x000000008dd00000, 0x000000008de00000, 0x000000008de00000|100%| E|CS|TAMS 0x000000008dd00000| PB 0x000000008dd00000| Complete 
| 222|0x000000008de00000, 0x000000008df00000, 0x000000008df00000|100%| E|CS|TAMS 0x000000008de00000| PB 0x000000008de00000| Complete 
| 223|0x000000008df00000, 0x000000008e000000, 0x000000008e000000|100%| E|CS|TAMS 0x000000008df00000| PB 0x000000008df00000| Complete 
| 224|0x000000008e000000, 0x000000008e100000, 0x000000008e100000|100%| E|CS|TAMS 0x000000008e000000| PB 0x000000008e000000| Complete 
| 225|0x000000008e100000, 0x000000008e200000, 0x000000008e200000|100%| E|CS|TAMS 0x000000008e100000| PB 0x000000008e100000| Complete 
| 226|0x000000008e200000, 0x000000008e300000, 0x000000008e300000|100%| E|CS|TAMS 0x000000008e200000| PB 0x000000008e200000| Complete 
| 227|0x000000008e300000, 0x000000008e400000, 0x000000008e400000|100%| E|CS|TAMS 0x000000008e300000| PB 0x000000008e300000| Complete 
| 228|0x000000008e400000, 0x000000008e500000, 0x000000008e500000|100%| E|CS|TAMS 0x000000008e400000| PB 0x000000008e400000| Complete 
| 229|0x000000008e500000, 0x000000008e600000, 0x000000008e600000|100%| E|CS|TAMS 0x000000008e500000| PB 0x000000008e500000| Complete 
| 230|0x000000008e600000, 0x000000008e700000, 0x000000008e700000|100%| E|CS|TAMS 0x000000008e600000| PB 0x000000008e600000| Complete 
| 231|0x000000008e700000, 0x000000008e800000, 0x000000008e800000|100%| E|CS|TAMS 0x000000008e700000| PB 0x000000008e700000| Complete 
| 232|0x000000008e800000, 0x000000008e900000, 0x000000008e900000|100%| E|CS|TAMS 0x000000008e800000| PB 0x000000008e800000| Complete 
| 233|0x000000008e900000, 0x000000008ea00000, 0x000000008ea00000|100%| E|CS|TAMS 0x000000008e900000| PB 0x000000008e900000| Complete 
| 234|0x000000008ea00000, 0x000000008eb00000, 0x000000008eb00000|100%| E|CS|TAMS 0x000000008ea00000| PB 0x000000008ea00000| Complete 
| 235|0x000000008eb00000, 0x000000008ec00000, 0x000000008ec00000|100%| E|CS|TAMS 0x000000008eb00000| PB 0x000000008eb00000| Complete 
| 236|0x000000008ec00000, 0x000000008ed00000, 0x000000008ed00000|100%| E|CS|TAMS 0x000000008ec00000| PB 0x000000008ec00000| Complete 
| 237|0x000000008ed00000, 0x000000008ee00000, 0x000000008ee00000|100%| E|CS|TAMS 0x000000008ed00000| PB 0x000000008ed00000| Complete 
| 238|0x000000008ee00000, 0x000000008ef00000, 0x000000008ef00000|100%| E|CS|TAMS 0x000000008ee00000| PB 0x000000008ee00000| Complete 
| 239|0x000000008ef00000, 0x000000008f000000, 0x000000008f000000|100%| E|CS|TAMS 0x000000008ef00000| PB 0x000000008ef00000| Complete 
| 240|0x000000008f000000, 0x000000008f100000, 0x000000008f100000|100%| E|CS|TAMS 0x000000008f000000| PB 0x000000008f000000| Complete 
| 241|0x000000008f100000, 0x000000008f200000, 0x000000008f200000|100%| E|CS|TAMS 0x000000008f100000| PB 0x000000008f100000| Complete 
| 242|0x000000008f200000, 0x000000008f300000, 0x000000008f300000|100%| E|CS|TAMS 0x000000008f200000| PB 0x000000008f200000| Complete 
| 243|0x000000008f300000, 0x000000008f400000, 0x000000008f400000|100%| E|CS|TAMS 0x000000008f300000| PB 0x000000008f300000| Complete 
| 244|0x000000008f400000, 0x000000008f500000, 0x000000008f500000|100%| E|CS|TAMS 0x000000008f400000| PB 0x000000008f400000| Complete 
| 245|0x000000008f500000, 0x000000008f600000, 0x000000008f600000|100%| E|CS|TAMS 0x000000008f500000| PB 0x000000008f500000| Complete 
| 246|0x000000008f600000, 0x000000008f700000, 0x000000008f700000|100%| E|CS|TAMS 0x000000008f600000| PB 0x000000008f600000| Complete 
| 247|0x000000008f700000, 0x000000008f800000, 0x000000008f800000|100%| E|CS|TAMS 0x000000008f700000| PB 0x000000008f700000| Complete 
| 248|0x000000008f800000, 0x000000008f900000, 0x000000008f900000|100%| E|CS|TAMS 0x000000008f800000| PB 0x000000008f800000| Complete 
| 249|0x000000008f900000, 0x000000008fa00000, 0x000000008fa00000|100%| E|CS|TAMS 0x000000008f900000| PB 0x000000008f900000| Complete 
| 250|0x000000008fa00000, 0x000000008fb00000, 0x000000008fb00000|100%| E|CS|TAMS 0x000000008fa00000| PB 0x000000008fa00000| Complete 
| 251|0x000000008fb00000, 0x000000008fc00000, 0x000000008fc00000|100%| E|CS|TAMS 0x000000008fb00000| PB 0x000000008fb00000| Complete 
|2035|0x00000000ff300000, 0x00000000ff400000, 0x00000000ff400000|100%| O|Cm|TAMS 0x00000000ff300000| PB 0x00000000ff300000| Complete 
|2036|0x00000000ff400000, 0x00000000ff500000, 0x00000000ff500000|100%| O|  |TAMS 0x00000000ff400000| PB 0x00000000ff400000| Untracked 
|2037|0x00000000ff500000, 0x00000000ff600000, 0x00000000ff600000|100%| E|CS|TAMS 0x00000000ff500000| PB 0x00000000ff500000| Complete 
|2038|0x00000000ff600000, 0x00000000ff700000, 0x00000000ff700000|100%| E|CS|TAMS 0x00000000ff600000| PB 0x00000000ff600000| Complete 
|2039|0x00000000ff700000, 0x00000000ff800000, 0x00000000ff800000|100%| E|CS|TAMS 0x00000000ff700000| PB 0x00000000ff700000| Complete 
|2040|0x00000000ff800000, 0x00000000ff900000, 0x00000000ff900000|100%| E|CS|TAMS 0x00000000ff800000| PB 0x00000000ff800000| Complete 
|2041|0x00000000ff900000, 0x00000000ffa00000, 0x00000000ffa00000|100%| E|CS|TAMS 0x00000000ff900000| PB 0x00000000ff900000| Complete 
|2042|0x00000000ffa00000, 0x00000000ffb00000, 0x00000000ffb00000|100%| O|  |TAMS 0x00000000ffa00000| PB 0x00000000ffa00000| Untracked 
|2043|0x00000000ffb00000, 0x00000000ffc00000, 0x00000000ffc00000|100%| O|  |TAMS 0x00000000ffb00000| PB 0x00000000ffb00000| Untracked 
|2044|0x00000000ffc00000, 0x00000000ffd00000, 0x00000000ffd00000|100%| O|  |TAMS 0x00000000ffc00000| PB 0x00000000ffc00000| Untracked 
|2045|0x00000000ffd00000, 0x00000000ffe00000, 0x00000000ffe00000|100%| O|  |TAMS 0x00000000ffd00000| PB 0x00000000ffd00000| Untracked 
|2046|0x00000000ffe00000, 0x00000000fff00000, 0x00000000fff00000|100%| O|  |TAMS 0x00000000ffe00000| PB 0x00000000ffe00000| Untracked 
|2047|0x00000000fff00000, 0x0000000100000000, 0x0000000100000000|100%| E|CS|TAMS 0x00000000fff00000| PB 0x00000000fff00000| Complete 

Card table byte_map: [0x00007a9a45600000,0x00007a9a45a00000] _byte_map_base: 0x00007a9a45200000

Marking Bits: (CMBitMap*) 0x00007a9a40087cb0
 Bits: [0x00007a9a2b200000, 0x00007a9a2d200000)

Polling page: 0x00007a9a47ff0000

Metaspace:

Usage:
  Non-class:    100.20 MB used.
      Class:     15.90 MB used.
       Both:    116.09 MB used.

Virtual space:
  Non-class space:      128.00 MB reserved,     101.44 MB ( 79%) committed,  2 nodes.
      Class space:        1.00 GB reserved,      17.00 MB (  2%) committed,  1 nodes.
             Both:        1.12 GB reserved,     118.44 MB ( 10%) committed. 

Chunk freelists:
   Non-Class:  10.20 MB
       Class:  14.82 MB
        Both:  25.02 MB

MaxMetaspaceSize: unlimited
CompressedClassSpaceSize: 1.00 GB
Initial GC threshold: 21.00 MB
Current GC threshold: 195.94 MB
CDS: on
 - commit_granule_bytes: 65536.
 - commit_granule_words: 8192.
 - virtual_space_node_default_size: 8388608.
 - enlarge_chunks_in_place: 1.
 - use_allocation_guard: 0.


Internal statistics:

num_allocs_failed_limit: 3.
num_arena_births: 4642.
num_arena_deaths: 0.
num_vsnodes_births: 3.
num_vsnodes_deaths: 0.
num_space_committed: 1893.
num_space_uncommitted: 0.
num_chunks_returned_to_freelist: 3.
num_chunks_taken_from_freelist: 10454.
num_chunk_merges: 3.
num_chunk_splits: 6858.
num_chunks_enlarged: 4273.
num_inconsistent_stats: 0.

CodeHeap 'non-profiled nmethods': size=120032Kb used=9092Kb max_used=9092Kb free=110939Kb
 bounds [0x00007a9a34cc8000, 0x00007a9a355b8000, 0x00007a9a3c200000]
CodeHeap 'profiled nmethods': size=120028Kb used=25715Kb max_used=25927Kb free=94312Kb
 bounds [0x00007a9a2d200000, 0x00007a9a2eb60000, 0x00007a9a34737000]
CodeHeap 'non-nmethods': size=5700Kb used=2955Kb max_used=3077Kb free=2744Kb
 bounds [0x00007a9a34737000, 0x00007a9a34a67000, 0x00007a9a34cc8000]
CodeCache: size=245760Kb, used=37762Kb, max_used=38096Kb, free=207995Kb
 total_blobs=14482, nmethods=13435, adapters=952, full_count=0
Compilation: enabled, stopped_count=0, restarted_count=0

Compilation events (20 events):
Event: 59.060 Thread 0x00007a9a401bfe80 nmethod 15516 0x00007a9a2d465090 code [0x00007a9a2d4652a0, 0x00007a9a2d4659b0]
Event: 59.063 Thread 0x00007a9a401bfe80 15517       3       org.gradle.internal.component.external.model.AbstractMutableModuleComponentResolveMetadata::<init> (77 bytes)
Event: 59.063 Thread 0x00007a9a401bfe80 nmethod 15517 0x00007a9a2db74610 code [0x00007a9a2db74860, 0x00007a9a2db753a0]
Event: 59.064 Thread 0x00007a9a401bfe80 15518       3       org.gradle.internal.component.external.model.AbstractMutableModuleComponentResolveMetadata::defaultAttributes (20 bytes)
Event: 59.064 Thread 0x00007a9a401bfe80 nmethod 15518 0x00007a9a2dba5e90 code [0x00007a9a2dba6060, 0x00007a9a2dba63f8]
Event: 59.064 Thread 0x00007a9a401bfe80 15519       3       org.gradle.internal.component.external.model.VariantMetadataRules::<init> (13 bytes)
Event: 59.064 Thread 0x00007a9a401bfe80 nmethod 15519 0x00007a9a2e2efc90 code [0x00007a9a2e2efe40, 0x00007a9a2e2f0068]
Event: 59.064 Thread 0x00007a9a401bfe80 15520       3       org.gradle.internal.component.external.model.VariantMetadataRules::<init> (42 bytes)
Event: 59.064 Thread 0x00007a9a401bfe80 nmethod 15520 0x00007a9a2e338490 code [0x00007a9a2e338680, 0x00007a9a2e338d70]
Event: 59.064 Thread 0x00007a9a401bfe80 15521       3       org.gradle.api.internal.artifacts.ivyservice.modulecache.ModuleMetadataSerializer$Reader::readSharedInfo (88 bytes)
Event: 59.065 Thread 0x00007a9a401bfe80 nmethod 15521 0x00007a9a2d48bf10 code [0x00007a9a2d48c180, 0x00007a9a2d48ce28]
Event: 59.065 Thread 0x00007a9a401bfe80 15522       3       org.gradle.internal.component.external.model.AbstractMutableModuleComponentResolveMetadata::setStatus (22 bytes)
Event: 59.066 Thread 0x00007a9a401bfe80 nmethod 15522 0x00007a9a2e2ef690 code [0x00007a9a2e2ef840, 0x00007a9a2e2efa80]
Event: 59.066 Thread 0x00007a9a401bfe80 15523       3       org.gradle.api.internal.artifacts.ivyservice.ivyresolve.ModuleDescriptorHashCodec::decode (6 bytes)
Event: 59.068 Thread 0x00007a9a401bfe80 nmethod 15523 0x00007a9a2d6be110 code [0x00007a9a2d6be300, 0x00007a9a2d6be7c8]
Event: 59.068 Thread 0x00007a9a401bfe80 15530       3       org.gradle.internal.component.model.DefaultExternalModuleComponentGraphResolveState::lambda$new$1 (51 bytes)
Event: 59.069 Thread 0x00007a9a401bfe80 nmethod 15530 0x00007a9a2d9d7f10 code [0x00007a9a2d9d8200, 0x00007a9a2d9d9218]
Event: 59.069 Thread 0x00007a9a401bfe80 15524       3       org.gradle.api.internal.artifacts.ivyservice.ivyresolve.ModuleDescriptorHashCodec::decode (23 bytes)
Event: 59.070 Thread 0x00007a9a401bfe80 nmethod 15524 0x00007a9a2e03af90 code [0x00007a9a2e03b180, 0x00007a9a2e03b5e8]
Event: 59.070 Thread 0x00007a9a401bfe80 15525       3       org.gradle.api.internal.artifacts.ivyservice.ivyresolve.ModuleDescriptorHashModuleSource::<init> (15 bytes)

GC Heap History (20 events):
Event: 20.044 GC heap after
{Heap after GC invocations=26 (full 0):
 garbage-first heap   total 188416K, used 117092K [0x0000000080000000, 0x0000000100000000)
  region size 1024K, 7 young (7168K), 7 survivors (7168K)
 Metaspace       used 76847K, committed 78784K, reserved 1179648K
  class space    used 10974K, committed 11968K, reserved 1048576K
}
Event: 21.639 GC heap before
{Heap before GC invocations=27 (full 0):
 garbage-first heap   total 198656K, used 175460K [0x0000000080000000, 0x0000000100000000)
  region size 1024K, 63 young (64512K), 7 survivors (7168K)
 Metaspace       used 80790K, committed 82752K, reserved 1179648K
  class space    used 11678K, committed 12672K, reserved 1048576K
}
Event: 21.650 GC heap after
{Heap after GC invocations=28 (full 0):
 garbage-first heap   total 198656K, used 119303K [0x0000000080000000, 0x0000000100000000)
  region size 1024K, 5 young (5120K), 5 survivors (5120K)
 Metaspace       used 80790K, committed 82752K, reserved 1179648K
  class space    used 11678K, committed 12672K, reserved 1048576K
}
Event: 22.575 GC heap before
{Heap before GC invocations=28 (full 0):
 garbage-first heap   total 198656K, used 187911K [0x0000000080000000, 0x0000000100000000)
  region size 1024K, 68 young (69632K), 5 survivors (5120K)
 Metaspace       used 86421K, committed 88512K, reserved 1179648K
  class space    used 12277K, committed 13312K, reserved 1048576K
}
Event: 22.596 GC heap after
{Heap after GC invocations=29 (full 0):
 garbage-first heap   total 203776K, used 124176K [0x0000000080000000, 0x0000000100000000)
  region size 1024K, 9 young (9216K), 9 survivors (9216K)
 Metaspace       used 86421K, committed 88512K, reserved 1179648K
  class space    used 12277K, committed 13312K, reserved 1048576K
}
Event: 23.421 GC heap before
{Heap before GC invocations=29 (full 0):
 garbage-first heap   total 203776K, used 163088K [0x0000000080000000, 0x0000000100000000)
  region size 1024K, 49 young (50176K), 9 survivors (9216K)
 Metaspace       used 91368K, committed 93504K, reserved 1179648K
  class space    used 12984K, committed 14016K, reserved 1048576K
}
Event: 23.434 GC heap after
{Heap after GC invocations=30 (full 0):
 garbage-first heap   total 253952K, used 127843K [0x0000000080000000, 0x0000000100000000)
  region size 1024K, 4 young (4096K), 4 survivors (4096K)
 Metaspace       used 91368K, committed 93504K, reserved 1179648K
  class space    used 12984K, committed 14016K, reserved 1048576K
}
Event: 25.208 GC heap before
{Heap before GC invocations=30 (full 0):
 garbage-first heap   total 253952K, used 226147K [0x0000000080000000, 0x0000000100000000)
  region size 1024K, 98 young (100352K), 4 survivors (4096K)
 Metaspace       used 101789K, committed 103936K, reserved 1179648K
  class space    used 14346K, committed 15360K, reserved 1048576K
}
Event: 25.222 GC heap after
{Heap after GC invocations=31 (full 0):
 garbage-first heap   total 253952K, used 131088K [0x0000000080000000, 0x0000000100000000)
  region size 1024K, 8 young (8192K), 8 survivors (8192K)
 Metaspace       used 101789K, committed 103936K, reserved 1179648K
  class space    used 14346K, committed 15360K, reserved 1048576K
}
Event: 27.023 GC heap before
{Heap before GC invocations=31 (full 0):
 garbage-first heap   total 253952K, used 227344K [0x0000000080000000, 0x0000000100000000)
  region size 1024K, 102 young (104448K), 8 survivors (8192K)
 Metaspace       used 105310K, committed 107520K, reserved 1179648K
  class space    used 14697K, committed 15744K, reserved 1048576K
}
Event: 27.047 GC heap after
{Heap after GC invocations=32 (full 0):
 garbage-first heap   total 253952K, used 140033K [0x0000000080000000, 0x0000000100000000)
  region size 1024K, 13 young (13312K), 13 survivors (13312K)
 Metaspace       used 105310K, committed 107520K, reserved 1179648K
  class space    used 14697K, committed 15744K, reserved 1048576K
}
Event: 28.376 GC heap before
{Heap before GC invocations=32 (full 0):
 garbage-first heap   total 253952K, used 228097K [0x0000000080000000, 0x0000000100000000)
  region size 1024K, 100 young (102400K), 13 survivors (13312K)
 Metaspace       used 106121K, committed 108352K, reserved 1179648K
  class space    used 14788K, committed 15872K, reserved 1048576K
}
Event: 28.399 GC heap after
{Heap after GC invocations=33 (full 0):
 garbage-first heap   total 253952K, used 145920K [0x0000000080000000, 0x0000000100000000)
  region size 1024K, 8 young (8192K), 8 survivors (8192K)
 Metaspace       used 106121K, committed 108352K, reserved 1179648K
  class space    used 14788K, committed 15872K, reserved 1048576K
}
Event: 29.219 GC heap before
{Heap before GC invocations=34 (full 0):
 garbage-first heap   total 253952K, used 228864K [0x0000000080000000, 0x0000000100000000)
  region size 1024K, 90 young (92160K), 8 survivors (8192K)
 Metaspace       used 106697K, committed 108864K, reserved 1179648K
  class space    used 14873K, committed 15936K, reserved 1048576K
}
Event: 29.233 GC heap after
{Heap after GC invocations=35 (full 0):
 garbage-first heap   total 253952K, used 151952K [0x0000000080000000, 0x0000000100000000)
  region size 1024K, 9 young (9216K), 9 survivors (9216K)
 Metaspace       used 106697K, committed 108864K, reserved 1179648K
  class space    used 14873K, committed 15936K, reserved 1048576K
}
Event: 56.402 GC heap before
{Heap before GC invocations=35 (full 0):
 garbage-first heap   total 253952K, used 230800K [0x0000000080000000, 0x0000000100000000)
  region size 1024K, 86 young (88064K), 9 survivors (9216K)
 Metaspace       used 115126K, committed 117376K, reserved 1179648K
  class space    used 15743K, committed 16832K, reserved 1048576K
}
Event: 56.442 GC heap after
{Heap after GC invocations=36 (full 0):
 garbage-first heap   total 253952K, used 152339K [0x0000000080000000, 0x0000000100000000)
  region size 1024K, 4 young (4096K), 4 survivors (4096K)
 Metaspace       used 115126K, committed 117376K, reserved 1179648K
  class space    used 15743K, committed 16832K, reserved 1048576K
}
Event: 57.892 GC heap before
{Heap before GC invocations=36 (full 0):
 garbage-first heap   total 253952K, used 232211K [0x0000000080000000, 0x0000000100000000)
  region size 1024K, 83 young (84992K), 4 survivors (4096K)
 Metaspace       used 117508K, committed 119872K, reserved 1179648K
  class space    used 16064K, committed 17216K, reserved 1048576K
}
Event: 57.927 GC heap after
{Heap after GC invocations=37 (full 0):
 garbage-first heap   total 253952K, used 162169K [0x0000000080000000, 0x0000000100000000)
  region size 1024K, 11 young (11264K), 11 survivors (11264K)
 Metaspace       used 117508K, committed 119872K, reserved 1179648K
  class space    used 16064K, committed 17216K, reserved 1048576K
}
Event: 59.070 GC heap before
{Heap before GC invocations=38 (full 0):
 garbage-first heap   total 271360K, used 232825K [0x0000000080000000, 0x0000000100000000)
  region size 1024K, 81 young (82944K), 11 survivors (11264K)
 Metaspace       used 118879K, committed 121280K, reserved 1179648K
  class space    used 16278K, committed 17408K, reserved 1048576K
}

Dll operation events (14 events):
Event: 0.014 Loaded shared library /home/muhammad-usman/.jdks/jbr-21.0.11-1/lib/libjava.so
Event: 0.131 Loaded shared library /home/muhammad-usman/.jdks/jbr-21.0.11-1/lib/libjsvml.so
Event: 0.218 Loaded shared library /home/muhammad-usman/.jdks/jbr-21.0.11-1/lib/libzip.so
Event: 0.272 Loaded shared library /home/muhammad-usman/.jdks/jbr-21.0.11-1/lib/libnio.so
Event: 0.279 Loaded shared library /home/muhammad-usman/.jdks/jbr-21.0.11-1/lib/libinstrument.so
Event: 0.286 Loaded shared library /home/muhammad-usman/.jdks/jbr-21.0.11-1/lib/libzip.so
Event: 0.511 Loaded shared library /home/muhammad-usman/.jdks/jbr-21.0.11-1/lib/libnet.so
Event: 0.912 Loaded shared library /home/muhammad-usman/.jdks/jbr-21.0.11-1/lib/libjimage.so
Event: 1.225 Loaded shared library /home/muhammad-usman/.jdks/jbr-21.0.11-1/lib/libverify.so
Event: 1.432 Loaded shared library /home/muhammad-usman/.gradle/native/1def1411415f61bf3af743bc5b6707747c0891f09f0c88961ee8f79bc544acac/linux-amd64/libnative-platform.so
Event: 1.484 Loaded shared library /home/muhammad-usman/.gradle/native/0.2.7/x86_64-linux-gnu/libgradle-fileevents.so
Event: 3.113 Loaded shared library /home/muhammad-usman/.jdks/jbr-21.0.11-1/lib/libmanagement.so
Event: 3.118 Loaded shared library /home/muhammad-usman/.jdks/jbr-21.0.11-1/lib/libmanagement_ext.so
Event: 3.411 Loaded shared library /home/muhammad-usman/.jdks/jbr-21.0.11-1/lib/libextnet.so

Deoptimization events (20 events):
Event: 58.856 Thread 0x00007a9968161550 DEOPT PACKING pc=0x00007a9a34d91990 sp=0x00007a99627fdac0
Event: 58.856 Thread 0x00007a9968161550 DEOPT UNPACKING pc=0x00007a9a3478af99 sp=0x00007a99627fda78 mode 2
Event: 58.886 Thread 0x00007a9968161550 Uncommon trap: trap_request=0xffffffde fr.pc=0x00007a9a3509e9dc relative=0x0000000000000ddc
Event: 58.886 Thread 0x00007a9968161550 Uncommon trap: reason=class_check action=maybe_recompile pc=0x00007a9a3509e9dc method=org.gradle.internal.snapshot.ChildMap$Entry.handleAncestorDescendantOrExactMatch(Lorg/gradle/internal/snapshot/VfsRelativePath;Lorg/gradle/internal/snapshot/CaseSensitiv
Event: 58.886 Thread 0x00007a9968161550 DEOPT PACKING pc=0x00007a9a3509e9dc sp=0x00007a99627fdf10
Event: 58.886 Thread 0x00007a9968161550 DEOPT UNPACKING pc=0x00007a9a3478af99 sp=0x00007a99627fdef8 mode 2
Event: 58.920 Thread 0x00007a99732b7930 Uncommon trap: trap_request=0xffffff45 fr.pc=0x00007a9a34df585c relative=0x000000000000125c
Event: 58.920 Thread 0x00007a99732b7930 Uncommon trap: reason=unstable_if action=reinterpret pc=0x00007a9a34df585c method=org.gradle.cache.internal.btree.BlockPointer.isNull()Z @ 6 c2
Event: 58.920 Thread 0x00007a99732b7930 DEOPT PACKING pc=0x00007a9a34df585c sp=0x00007a9962efe160
Event: 58.920 Thread 0x00007a99732b7930 DEOPT UNPACKING pc=0x00007a9a3478af99 sp=0x00007a9962efe0c0 mode 2
Event: 58.920 Thread 0x00007a99732b7930 Uncommon trap: trap_request=0xffffff45 fr.pc=0x00007a9a34efb010 relative=0x0000000000001d70
Event: 58.920 Thread 0x00007a99732b7930 Uncommon trap: reason=unstable_if action=reinterpret pc=0x00007a9a34efb010 method=org.gradle.cache.internal.btree.BTreePersistentIndexedCache$IndexBlock.get(Ljava/lang/Object;)Lorg/gradle/cache/internal/btree/BTreePersistentIndexedCache$DataBlock; @ 10 c2
Event: 58.920 Thread 0x00007a99732b7930 DEOPT PACKING pc=0x00007a9a34efb010 sp=0x00007a9962efe1c0
Event: 58.920 Thread 0x00007a99732b7930 DEOPT UNPACKING pc=0x00007a9a3478af99 sp=0x00007a9962efde20 mode 2
Event: 58.926 Thread 0x00007a99732b7930 Uncommon trap: trap_request=0xffffff45 fr.pc=0x00007a9a351bd06c relative=0x000000000000264c
Event: 58.926 Thread 0x00007a99732b7930 Uncommon trap: reason=unstable_if action=reinterpret pc=0x00007a9a351bd06c method=org.gradle.cache.internal.btree.BTreePersistentIndexedCache$IndexBlock.get(Ljava/lang/Object;)Lorg/gradle/cache/internal/btree/BTreePersistentIndexedCache$DataBlock; @ 10 c2
Event: 58.926 Thread 0x00007a99732b7930 DEOPT PACKING pc=0x00007a9a351bd06c sp=0x00007a9962efe0e0
Event: 58.926 Thread 0x00007a99732b7930 DEOPT UNPACKING pc=0x00007a9a3478af99 sp=0x00007a9962efde88 mode 2
Event: 58.977 Thread 0x00007a9968161550 DEOPT PACKING pc=0x00007a9a2def865c sp=0x00007a99627fe060
Event: 58.977 Thread 0x00007a9968161550 DEOPT UNPACKING pc=0x00007a9a3478b72f sp=0x00007a99627fd570 mode 0

Classes loaded (20 events):
Event: 25.174 Loading class javax/xml/stream/events/EndElement done
Event: 25.174 Loading class com/sun/xml/internal/stream/events/EndElementEvent done
Event: 29.614 Loading class java/net/UrlDeserializedState
Event: 29.614 Loading class java/net/UrlDeserializedState done
Event: 29.702 Loading class sun/nio/fs/UnixUserDefinedFileAttributeView
Event: 29.702 Loading class sun/nio/fs/AbstractUserDefinedFileAttributeView
Event: 29.702 Loading class sun/nio/fs/AbstractUserDefinedFileAttributeView done
Event: 29.702 Loading class sun/nio/fs/UnixUserDefinedFileAttributeView done
Event: 56.181 Loading class jdk/internal/math/FormattedFPDecimal
Event: 56.182 Loading class jdk/internal/math/FormattedFPDecimal done
Event: 57.027 Loading class java/io/FileBeanInfo
Event: 57.027 Loading class java/io/FileBeanInfo done
Event: 57.027 Loading class java/io/FileBeanInfo
Event: 57.027 Loading class java/io/FileBeanInfo done
Event: 57.028 Loading class java/io/FileCustomizer
Event: 57.028 Loading class java/io/FileCustomizer done
Event: 57.028 Loading class java/io/FileCustomizer
Event: 57.028 Loading class java/io/FileCustomizer done
Event: 57.083 Loading class java/time/Ser
Event: 57.084 Loading class java/time/Ser done

Classes unloaded (0 events):
No events

Classes redefined (0 events):
No events

Internal exceptions (20 events):
Event: 58.770 Thread 0x00007a998400fa00 Exception <a 'java/lang/ClassNotFoundException'{0x000000008cdd9ff0}: com/android/build/gradle/tasks/PackageApplicationCustomizer> (0x000000008cdd9ff0) 
thrown [src/hotspot/share/classfile/systemDictionary.cpp, line 313]
Event: 58.772 Thread 0x00007a998400fa00 Exception <a 'java/lang/ClassNotFoundException'{0x000000008cc0a708}: com/android/build/gradle/tasks/PackageApplication_DecoratedCustomizer> (0x000000008cc0a708) 
thrown [src/hotspot/share/classfile/systemDictionary.cpp, line 313]
Event: 58.778 Thread 0x00007a998400fa00 Exception <a 'java/lang/ClassNotFoundException'{0x000000008cceee80}: com/android/build/gradle/internal/tasks/ListingFileRedirectTask_DecoratedBeanInfo> (0x000000008cceee80) 
thrown [src/hotspot/share/classfile/systemDictionary.cpp, line 313]
Event: 58.779 Thread 0x00007a998400fa00 Exception <a 'java/lang/ClassNotFoundException'{0x000000008ccfd090}: com/android/build/gradle/internal/tasks/ListingFileRedirectTaskBeanInfo> (0x000000008ccfd090) 
thrown [src/hotspot/share/classfile/systemDictionary.cpp, line 313]
Event: 58.780 Thread 0x00007a998400fa00 Exception <a 'java/lang/ClassNotFoundException'{0x000000008cb0b288}: com/android/build/gradle/internal/tasks/ListingFileRedirectTaskCustomizer> (0x000000008cb0b288) 
thrown [src/hotspot/share/classfile/systemDictionary.cpp, line 313]
Event: 58.781 Thread 0x00007a998400fa00 Exception <a 'java/lang/ClassNotFoundException'{0x000000008cb299e0}: com/android/build/gradle/internal/tasks/ListingFileRedirectTask_DecoratedCustomizer> (0x000000008cb299e0) 
thrown [src/hotspot/share/classfile/systemDictionary.cpp, line 313]
Event: 58.793 Thread 0x00007a998400fa00 Exception <a 'java/lang/NoSuchMethodError'{0x000000008cba7788}: static Lcom/android/build/gradle/internal/profile/TaskMetadata;.<clinit>()V> (0x000000008cba7788) 
thrown [src/hotspot/share/prims/jni.cpp, line 1144]
Event: 58.799 Thread 0x00007a998400fa00 Exception <a 'sun/nio/fs/UnixException'{0x000000008ca1b4e0}> (0x000000008ca1b4e0) 
thrown [src/hotspot/share/prims/jni.cpp, line 537]
Event: 58.804 Thread 0x00007a998400fa00 Exception <a 'java/lang/NoSuchMethodError'{0x000000008ca3c668}: 'void java.lang.invoke.DirectMethodHandle$Holder.invokeSpecial(java.lang.Object, java.lang.Object, java.lang.Object, java.lang.Object, int, java.lang.Object, java.lang.Object)'> (0x000000008ca3c668) 
thrown [src/hotspot/share/interpreter/linkResolver.cpp, line 783]
Event: 58.850 Thread 0x00007a9968161550 Exception <a 'sun/nio/fs/UnixException'{0x000000008c7988c8}> (0x000000008c7988c8) 
thrown [src/hotspot/share/prims/jni.cpp, line 537]
Event: 58.907 Thread 0x00007a9972708410 Exception <a 'java/lang/NoSuchMethodError'{0x000000008c5948a0}: static Lcom/android/buildanalyzer/common/AndroidGradlePluginAttributionData$BuildInfo;.<clinit>()V> (0x000000008c5948a0) 
thrown [src/hotspot/share/prims/jni.cpp, line 1144]
Event: 58.910 Thread 0x00007a9972708410 Exception <a 'java/lang/NoSuchMethodError'{0x000000008c5b32f0}: static Lcom/android/buildanalyzer/common/AndroidGradlePluginAttributionData$JavaInfo;.<clinit>()V> (0x000000008c5b32f0) 
thrown [src/hotspot/share/prims/jni.cpp, line 1144]
Event: 58.915 Thread 0x00007a9972708410 Exception <a 'java/lang/NoSuchMethodError'{0x000000008c40f3d0}: static [Ljava/lang/String;.<clinit>()V> (0x000000008c40f3d0) 
thrown [src/hotspot/share/prims/jni.cpp, line 1144]
Event: 58.917 Thread 0x00007a9972708410 Exception <a 'java/lang/NoSuchMethodError'{0x000000008c47a3c8}: static Lcom/android/buildanalyzer/common/AndroidGradlePluginAttributionData$TaskInfo;.<clinit>()V> (0x000000008c47a3c8) 
thrown [src/hotspot/share/prims/jni.cpp, line 1144]
Event: 58.920 Thread 0x00007a99732b7930 Implicit null exception at 0x00007a9a34ef98b4 to 0x00007a9a34efaffc
Event: 58.921 Thread 0x00007a9972708410 Exception <a 'java/lang/NoSuchMethodError'{0x000000008c4a42c8}: static Lcom/android/buildanalyzer/common/AndroidGradlePluginAttributionData$TaskCategoryInfo;.<clinit>()V> (0x000000008c4a42c8) 
thrown [src/hotspot/share/prims/jni.cpp, line 1144]
Event: 58.926 Thread 0x00007a99732b7930 Implicit null exception at 0x00007a9a351bb304 to 0x00007a9a351bd054
Event: 58.927 Thread 0x00007a9968161550 Exception <a 'sun/nio/fs/UnixException'{0x000000008c4867a8}> (0x000000008c4867a8) 
thrown [src/hotspot/share/prims/jni.cpp, line 537]
Event: 58.975 Thread 0x00007a997175e810 Exception <a 'java/lang/NoSuchMethodError'{0x000000008c2a0a00}: static Lorg/gradle/internal/build/event/types/DefaultTaskSkippedResult;.<clinit>()V> (0x000000008c2a0a00) 
thrown [src/hotspot/share/prims/jni.cpp, line 1144]
Event: 58.995 Thread 0x00007a99683ab760 Exception <a 'java/lang/IncompatibleClassChangeError'{0x000000008c2ff5e0}: Found class java.lang.Object, but interface was expected> (0x000000008c2ff5e0) 
thrown [src/hotspot/share/interpreter/linkResolver.cpp, line 851]

ZGC Phase Switch (0 events):
No events

VM Operations (20 events):
Event: 57.393 Executing safepoint VM operation: ICBufferFull done
Event: 57.810 Executing safepoint VM operation: ICBufferFull
Event: 57.810 Executing safepoint VM operation: ICBufferFull done
Event: 57.892 Executing safepoint VM operation: G1CollectForAllocation (G1 Evacuation Pause)
Event: 57.930 Executing safepoint VM operation: G1CollectForAllocation (G1 Evacuation Pause) done
Event: 58.279 Executing safepoint VM operation: G1PauseRemark
Event: 58.303 Executing safepoint VM operation: G1PauseRemark done
Event: 58.484 Executing safepoint VM operation: G1PauseCleanup
Event: 58.484 Executing safepoint VM operation: G1PauseCleanup done
Event: 58.881 Executing non-safepoint VM operation: HandshakeAllThreads (Deoptimize)
Event: 58.881 Executing non-safepoint VM operation: HandshakeAllThreads (Deoptimize) done
Event: 58.912 Executing non-safepoint VM operation: HandshakeAllThreads (Deoptimize)
Event: 58.912 Executing non-safepoint VM operation: HandshakeAllThreads (Deoptimize) done
Event: 58.933 Executing non-safepoint VM operation: HandshakeAllThreads (Deoptimize)
Event: 58.935 Executing non-safepoint VM operation: HandshakeAllThreads (Deoptimize) done
Event: 58.946 Executing non-safepoint VM operation: HandshakeAllThreads (Deoptimize)
Event: 58.949 Executing non-safepoint VM operation: HandshakeAllThreads (Deoptimize) done
Event: 58.957 Executing non-safepoint VM operation: HandshakeAllThreads (Deoptimize)
Event: 58.958 Executing non-safepoint VM operation: HandshakeAllThreads (Deoptimize) done
Event: 59.070 Executing safepoint VM operation: G1CollectForAllocation (G1 Evacuation Pause)

Memory protections (20 events):
Event: 56.370 Protecting memory [0x00007a9967100000,0x00007a9967104000] with protection modes 0
Event: 56.373 Protecting memory [0x00007a9967f00000,0x00007a9967f04000] with protection modes 0
Event: 56.614 Protecting memory [0x00007a9961d00000,0x00007a9961d04000] with protection modes 0
Event: 56.615 Protecting memory [0x00007a99d0300000,0x00007a99d0304000] with protection modes 0
Event: 56.616 Protecting memory [0x00007a99d0800000,0x00007a99d0804000] with protection modes 0
Event: 56.905 Protecting memory [0x00007a99d0100000,0x00007a99d0104000] with protection modes 0
Event: 56.906 Protecting memory [0x00007a99d0400000,0x00007a99d0404000] with protection modes 0
Event: 56.907 Protecting memory [0x00007a9962100000,0x00007a9962104000] with protection modes 0
Event: 56.964 Protecting memory [0x00007a99d0600000,0x00007a99d0604000] with protection modes 0
Event: 56.965 Protecting memory [0x00007a99d0500000,0x00007a99d0504000] with protection modes 0
Event: 56.966 Protecting memory [0x00007a9962000000,0x00007a9962004000] with protection modes 0
Event: 57.177 Protecting memory [0x00007a99d0a00000,0x00007a99d0a04000] with protection modes 0
Event: 57.275 Protecting memory [0x00007a9962500000,0x00007a9962504000] with protection modes 0
Event: 58.800 Protecting memory [0x00007a99d0b00000,0x00007a99d0b04000] with protection modes 0
Event: 58.800 Protecting memory [0x00007a9967c00000,0x00007a9967c04000] with protection modes 0
Event: 58.845 Protecting memory [0x00007a9962b00000,0x00007a9962b04000] with protection modes 0
Event: 58.846 Protecting memory [0x00007a9962700000,0x00007a9962704000] with protection modes 0
Event: 58.846 Protecting memory [0x00007a9962f00000,0x00007a9962f04000] with protection modes 0
Event: 58.846 Protecting memory [0x00007a99d0900000,0x00007a99d0904000] with protection modes 0
Event: 58.848 Protecting memory [0x00007a99d0c00000,0x00007a99d0c04000] with protection modes 0

Nmethod flushes (20 events):
Event: 58.297 Thread 0x00007a9a401ac530 flushing  nmethod 0x00007a9a2d926e90
Event: 58.297 Thread 0x00007a9a401ac530 flushing  nmethod 0x00007a9a2d927610
Event: 58.297 Thread 0x00007a9a401ac530 flushing  nmethod 0x00007a9a2d941e90
Event: 58.297 Thread 0x00007a9a401ac530 flushing  nmethod 0x00007a9a2d967610
Event: 58.297 Thread 0x00007a9a401ac530 flushing  nmethod 0x00007a9a2d99c010
Event: 58.297 Thread 0x00007a9a401ac530 flushing  nmethod 0x00007a9a2d9e2290
Event: 58.297 Thread 0x00007a9a401ac530 flushing  nmethod 0x00007a9a2dab6210
Event: 58.297 Thread 0x00007a9a401ac530 flushing  nmethod 0x00007a9a2db48290
Event: 58.297 Thread 0x00007a9a401ac530 flushing  nmethod 0x00007a9a2db53690
Event: 58.297 Thread 0x00007a9a401ac530 flushing  nmethod 0x00007a9a2db71510
Event: 58.297 Thread 0x00007a9a401ac530 flushing  nmethod 0x00007a9a2db74610
Event: 58.297 Thread 0x00007a9a401ac530 flushing  nmethod 0x00007a9a2db77e90
Event: 58.297 Thread 0x00007a9a401ac530 flushing  nmethod 0x00007a9a2db92710
Event: 58.297 Thread 0x00007a9a401ac530 flushing  nmethod 0x00007a9a2db94a90
Event: 58.297 Thread 0x00007a9a401ac530 flushing  nmethod 0x00007a9a2dbe5d90
Event: 58.297 Thread 0x00007a9a401ac530 flushing  nmethod 0x00007a9a2dc19590
Event: 58.297 Thread 0x00007a9a401ac530 flushing  nmethod 0x00007a9a2dcdf510
Event: 58.297 Thread 0x00007a9a401ac530 flushing  nmethod 0x00007a9a2ddbcc10
Event: 58.297 Thread 0x00007a9a401ac530 flushing  nmethod 0x00007a9a2de81810
Event: 58.297 Thread 0x00007a9a401ac530 flushing  nmethod 0x00007a9a2dea3b10

Events (20 events):
Event: 56.369 Thread 0x00007a998400fa00 Thread added: 0x00007a9971a04ad0
Event: 56.372 Thread 0x00007a998400fa00 Thread added: 0x00007a997000f050
Event: 56.614 Thread 0x00007a998400fa00 Thread added: 0x00007a997000cc70
Event: 56.615 Thread 0x00007a998400fa00 Thread added: 0x00007a997173b660
Event: 56.616 Thread 0x00007a998400fa00 Thread added: 0x00007a997303b430
Event: 56.904 Thread 0x00007a998400fa00 Thread added: 0x00007a99733b38b0
Event: 56.905 Thread 0x00007a998400fa00 Thread added: 0x00007a99733b4170
Event: 56.906 Thread 0x00007a998400fa00 Thread added: 0x00007a9972afb700
Event: 56.964 Thread 0x00007a998400fa00 Thread added: 0x00007a9972afc5e0
Event: 56.965 Thread 0x00007a998400fa00 Thread added: 0x00007a99733b6e20
Event: 56.966 Thread 0x00007a998400fa00 Thread added: 0x00007a99733b7a40
Event: 57.177 Thread 0x00007a998400fa00 Thread added: 0x00007a9972708410
Event: 57.275 Thread 0x00007a998400fa00 Thread added: 0x00007a9972af7c90
Event: 58.800 Thread 0x00007a998400fa00 Thread added: 0x00007a99721edd90
Event: 58.800 Thread 0x00007a998400fa00 Thread added: 0x00007a99721ee4a0
Event: 58.845 Thread 0x00007a998400fa00 Thread added: 0x00007a997315d0d0
Event: 58.845 Thread 0x00007a997315d0d0 Thread added: 0x00007a9968161550
Event: 58.846 Thread 0x00007a997315d0d0 Thread added: 0x00007a99683ab050
Event: 58.846 Thread 0x00007a997315d0d0 Thread added: 0x00007a99683ab760
Event: 58.848 Thread 0x00007a9968161550 Thread added: 0x00007a9974001b70


Dynamic libraries:
80000000-8fc00000 rw-p 00000000 00:00 0 
8fc00000-ff300000 ---p 00000000 00:00 0 
ff300000-ffd00000 rw-p 00000000 00:00 0 
ffd00000-fff34000 rw-p 01d1a000 103:04 5900663                           /home/muhammad-usman/.jdks/jbr-21.0.11-1/lib/server/classes.jsa
fff34000-100000000 rw-p 00000000 00:00 0 
646004e06000-646004e07000 r--p 00000000 103:04 5900204                   /home/muhammad-usman/.jdks/jbr-21.0.11-1/bin/java
646004e07000-646004e08000 r-xp 00001000 103:04 5900204                   /home/muhammad-usman/.jdks/jbr-21.0.11-1/bin/java
646004e08000-646004e09000 r--p 00002000 103:04 5900204                   /home/muhammad-usman/.jdks/jbr-21.0.11-1/bin/java
646004e09000-646004e0a000 r--p 00002000 103:04 5900204                   /home/muhammad-usman/.jdks/jbr-21.0.11-1/bin/java
646004e0a000-646004e0b000 rw-p 00003000 103:04 5900204                   /home/muhammad-usman/.jdks/jbr-21.0.11-1/bin/java
646033894000-6460338db000 rw-p 00000000 00:00 0                          [heap]
7a9961d00000-7a9961d04000 ---p 00000000 00:00 0 
7a9961d04000-7a9961e00000 rw-p 00000000 00:00 0 
7a9962000000-7a9962004000 ---p 00000000 00:00 0 
7a9962004000-7a9962100000 rw-p 00000000 00:00 0 
7a9962100000-7a9962104000 ---p 00000000 00:00 0 
7a9962104000-7a9962200000 rw-p 00000000 00:00 0 
7a9962200000-7a9962204000 ---p 00000000 00:00 0 
7a9962204000-7a9962300000 rw-p 00000000 00:00 0 
7a9962400000-7a9962404000 ---p 00000000 00:00 0 
7a9962404000-7a9962500000 rw-p 00000000 00:00 0 
7a9962500000-7a9962504000 ---p 00000000 00:00 0 
7a9962504000-7a9962600000 rw-p 00000000 00:00 0 
7a9962600000-7a9962604000 ---p 00000000 00:00 0 
7a9962604000-7a9962700000 rw-p 00000000 00:00 0 
7a9962700000-7a9962704000 ---p 00000000 00:00 0 
7a9962704000-7a9962800000 rw-p 00000000 00:00 0 
7a9962900000-7a9962904000 ---p 00000000 00:00 0 
7a9962904000-7a9962a00000 rw-p 00000000 00:00 0 
7a9962b00000-7a9962b04000 ---p 00000000 00:00 0 
7a9962b04000-7a9962c00000 rw-p 00000000 00:00 0 
7a9962d00000-7a9962d04000 ---p 00000000 00:00 0 
7a9962d04000-7a9962e00000 rw-p 00000000 00:00 0 
7a9962e00000-7a9962e04000 ---p 00000000 00:00 0 
7a9962e04000-7a9962f00000 rw-p 00000000 00:00 0 
7a9962f00000-7a9962f04000 ---p 00000000 00:00 0 
7a9962f04000-7a9963000000 rw-p 00000000 00:00 0 
7a9963000000-7a9964340000 rw-p 00000000 00:00 0 
7a9964340000-7a9964380000 rw-p 00000000 00:00 0 
7a9964380000-7a9964500000 rw-p 00000000 00:00 0 
7a9964500000-7a99645a0000 rw-p 00000000 00:00 0 
7a99645a0000-7a9964600000 ---p 00000000 00:00 0 
7a9964600000-7a9965280000 rw-p 00000000 00:00 0 
7a9965280000-7a99655d0000 rw-p 00000000 00:00 0 
7a99655d0000-7a9967000000 ---p 00000000 00:00 0 
7a9967000000-7a9967004000 ---p 00000000 00:00 0 
7a9967004000-7a9967100000 rw-p 00000000 00:00 0 
7a9967100000-7a9967104000 ---p 00000000 00:00 0 
7a9967104000-7a9967200000 rw-p 00000000 00:00 0 
7a9967200000-7a9967204000 ---p 00000000 00:00 0 
7a9967204000-7a9967300000 rw-p 00000000 00:00 0 
7a9967300000-7a9967304000 ---p 00000000 00:00 0 
7a9967304000-7a9967400000 rw-p 00000000 00:00 0 
7a9967700000-7a9967704000 ---p 00000000 00:00 0 
7a9967704000-7a9967800000 rw-p 00000000 00:00 0 
7a9967800000-7a9967804000 ---p 00000000 00:00 0 
7a9967804000-7a9967900000 rw-p 00000000 00:00 0 
7a9967a00000-7a9967a04000 ---p 00000000 00:00 0 
7a9967a04000-7a9967b00000 rw-p 00000000 00:00 0 
7a9967b00000-7a9967b04000 ---p 00000000 00:00 0 
7a9967b04000-7a9967c00000 rw-p 00000000 00:00 0 
7a9967c00000-7a9967c04000 ---p 00000000 00:00 0 
7a9967c04000-7a9967d00000 rw-p 00000000 00:00 0 
7a9967d00000-7a9967d04000 ---p 00000000 00:00 0 
7a9967d04000-7a9967e00000 rw-p 00000000 00:00 0 
7a9967e00000-7a9967e04000 ---p 00000000 00:00 0 
7a9967e04000-7a9967f00000 rw-p 00000000 00:00 0 
7a9967f00000-7a9967f04000 ---p 00000000 00:00 0 
7a9967f04000-7a9968000000 rw-p 00000000 00:00 0 
7a9968000000-7a9969751000 rw-p 00000000 00:00 0 
7a9969751000-7a996c000000 ---p 00000000 00:00 0 
7a996c000000-7a996c06b000 rw-p 00000000 00:00 0 
7a996c06b000-7a9970000000 ---p 00000000 00:00 0 
7a9970000000-7a99733c1000 rw-p 00000000 00:00 0 
7a99733c1000-7a9974000000 ---p 00000000 00:00 0 
7a9974000000-7a9974033000 rw-p 00000000 00:00 0 
7a9974033000-7a9978000000 ---p 00000000 00:00 0 
7a9978000000-7a9978060000 rw-p 00000000 00:00 0 
7a9978060000-7a997c000000 ---p 00000000 00:00 0 
7a997c000000-7a997cd59000 rw-p 00000000 00:00 0 
7a997cd59000-7a9980000000 ---p 00000000 00:00 0 
7a9980000000-7a9980021000 rw-p 00000000 00:00 0 
7a9980021000-7a9984000000 ---p 00000000 00:00 0 
7a9984000000-7a9984029000 rw-p 00000000 00:00 0 
7a9984029000-7a9988000000 ---p 00000000 00:00 0 
7a9988000000-7a998804f000 rw-p 00000000 00:00 0 
7a998804f000-7a998c000000 ---p 00000000 00:00 0 
7a998c000000-7a998c058000 rw-p 00000000 00:00 0 
7a998c058000-7a9990000000 ---p 00000000 00:00 0 
7a9990000000-7a99917e1000 rw-p 00000000 00:00 0 
7a99917e1000-7a9994000000 ---p 00000000 00:00 0 
7a9994000000-7a9994056000 rw-p 00000000 00:00 0 
7a9994056000-7a9998000000 ---p 00000000 00:00 0 
7a9998000000-7a99982f0000 rw-p 00000000 00:00 0 
7a99982f0000-7a999c000000 ---p 00000000 00:00 0 
7a999c000000-7a999c0b8000 rw-p 00000000 00:00 0 
7a999c0b8000-7a99a0000000 ---p 00000000 00:00 0 
7a99a0000000-7a99a08c5000 rw-p 00000000 00:00 0 
7a99a08c5000-7a99a4000000 ---p 00000000 00:00 0 
7a99a4000000-7a99a57c2000 rw-p 00000000 00:00 0 
7a99a57c2000-7a99a8000000 ---p 00000000 00:00 0 
7a99a8000000-7a99a8bbb000 rw-p 00000000 00:00 0 
7a99a8bbb000-7a99ac000000 ---p 00000000 00:00 0 
7a99ac000000-7a99ada48000 rw-p 00000000 00:00 0 
7a99ada48000-7a99b0000000 ---p 00000000 00:00 0 
7a99b0000000-7a99b0021000 rw-p 00000000 00:00 0 
7a99b0021000-7a99b4000000 ---p 00000000 00:00 0 
7a99b4000000-7a99b4031000 rw-p 00000000 00:00 0 
7a99b4031000-7a99b8000000 ---p 00000000 00:00 0 
7a99b8000000-7a99b8059000 rw-p 00000000 00:00 0 
7a99b8059000-7a99bc000000 ---p 00000000 00:00 0 
7a99bc000000-7a99bc05d000 rw-p 00000000 00:00 0 
7a99bc05d000-7a99c0000000 ---p 00000000 00:00 0 
7a99c0000000-7a99c0061000 rw-p 00000000 00:00 0 
7a99c0061000-7a99c4000000 ---p 00000000 00:00 0 
7a99c4000000-7a99c4053000 rw-p 00000000 00:00 0 
7a99c4053000-7a99c8000000 ---p 00000000 00:00 0 
7a99c8000000-7a99c8400000 rw-p 00000000 00:00 0 
7a99c8400000-7a99c9940000 rw-p 00000000 00:00 0 
7a99c9940000-7a99c9980000 rw-p 00000000 00:00 0 
7a99c9980000-7a99c9b00000 rw-p 00000000 00:00 0 
7a99c9b00000-7a99c9c00000 rw-p 00000000 00:00 0 
7a99c9c00000-7a99cb000000 rw-p 00000000 00:00 0 
7a99cb000000-7a99cb980000 rw-p 00000000 00:00 0 
7a99cb980000-7a99cba00000 rw-p 00000000 00:00 0 
7a99cba00000-7a99cc000000 rw-p 00000000 00:00 0 
7a99cc000000-7a99cc021000 rw-p 00000000 00:00 0 
7a99cc021000-7a99d0000000 ---p 00000000 00:00 0 
7a99d0000000-7a99d0004000 ---p 00000000 00:00 0 
7a99d0004000-7a99d0100000 rw-p 00000000 00:00 0 
7a99d0100000-7a99d0104000 ---p 00000000 00:00 0 
7a99d0104000-7a99d0200000 rw-p 00000000 00:00 0 
7a99d0200000-7a99d0204000 ---p 00000000 00:00 0 
7a99d0204000-7a99d0300000 rw-p 00000000 00:00 0 
7a99d0300000-7a99d0304000 ---p 00000000 00:00 0 
7a99d0304000-7a99d0400000 rw-p 00000000 00:00 0 
7a99d0400000-7a99d0404000 ---p 00000000 00:00 0 
7a99d0404000-7a99d0500000 rw-p 00000000 00:00 0 
7a99d0500000-7a99d0504000 ---p 00000000 00:00 0 
7a99d0504000-7a99d0600000 rw-p 00000000 00:00 0 
7a99d0600000-7a99d0604000 ---p 00000000 00:00 0 
7a99d0604000-7a99d0700000 rw-p 00000000 00:00 0 
7a99d0700000-7a99d0704000 ---p 00000000 00:00 0 
7a99d0704000-7a99d0800000 rw-p 00000000 00:00 0 
7a99d0800000-7a99d0804000 ---p 00000000 00:00 0 
7a99d0804000-7a99d0900000 rw-p 00000000 00:00 0 
7a99d0900000-7a99d0904000 ---p 00000000 00:00 0 
7a99d0904000-7a99d0a00000 rw-p 00000000 00:00 0 
7a99d0a00000-7a99d0a04000 ---p 00000000 00:00 0 
7a99d0a04000-7a99d0b00000 rw-p 00000000 00:00 0 
7a99d0b00000-7a99d0b04000 ---p 00000000 00:00 0 
7a99d0b04000-7a99d0c00000 rw-p 00000000 00:00 0 
7a99d0c00000-7a99d0c04000 ---p 00000000 00:00 0 
7a99d0c04000-7a99d0d00000 rw-p 00000000 00:00 0 
7a99d0d00000-7a99d0d04000 ---p 00000000 00:00 0 
7a99d0d04000-7a99d0e00000 rw-p 00000000 00:00 0 
7a99d1000000-7a99d1004000 ---p 00000000 00:00 0 
7a99d1004000-7a99d1100000 rw-p 00000000 00:00 0 
7a99d1200000-7a99d1204000 ---p 00000000 00:00 0 
7a99d1204000-7a99d1300000 rw-p 00000000 00:00 0 
7a99d1300000-7a99d1304000 ---p 00000000 00:00 0 
7a99d1304000-7a99d1400000 rw-p 00000000 00:00 0 
7a99d1400000-7a99d1404000 ---p 00000000 00:00 0 
7a99d1404000-7a99d1500000 rw-p 00000000 00:00 0 
7a99d1500000-7a99d1504000 ---p 00000000 00:00 0 
7a99d1504000-7a99d1600000 rw-p 00000000 00:00 0 
7a99d1600000-7a99d1604000 ---p 00000000 00:00 0 
7a99d1604000-7a99d1700000 rw-p 00000000 00:00 0 
7a99d1700000-7a99d1704000 ---p 00000000 00:00 0 
7a99d1704000-7a99d1800000 rw-p 00000000 00:00 0 
7a99d1a00000-7a99d1a04000 ---p 00000000 00:00 0 
7a99d1a04000-7a99d1b00000 rw-p 00000000 00:00 0 
7a99d1b00000-7a99d1b04000 ---p 00000000 00:00 0 
7a99d1b04000-7a99d1c00000 rw-p 00000000 00:00 0 
7a99d1c00000-7a99d1c04000 ---p 00000000 00:00 0 
7a99d1c04000-7a99d1d00000 rw-p 00000000 00:00 0 
7a99d1d00000-7a99d1d04000 ---p 00000000 00:00 0 
7a99d1d04000-7a99d1e00000 rw-p 00000000 00:00 0 
7a99d1e00000-7a99d1e04000 ---p 00000000 00:00 0 
7a99d1e04000-7a99d1f00000 rw-p 00000000 00:00 0 
7a99d1f00000-7a99d1f04000 ---p 00000000 00:00 0 
7a99d1f04000-7a99d2000000 rw-p 00000000 00:00 0 
7a99d2000000-7a99d3c8d000 rw-p 00001000 103:04 5900663                   /home/muhammad-usman/.jdks/jbr-21.0.11-1/lib/server/classes.jsa
7a99d3c8d000-7a99d4000000 ---p 00000000 00:00 0 
7a99d4000000-7a99d4040000 rw-p 00000000 00:00 0 
7a99d4040000-7a99d4080000 rw-p 00000000 00:00 0 
7a99d4080000-7a99d4540000 rw-p 00000000 00:00 0 
7a99d4540000-7a99d4ec0000 rw-p 00000000 00:00 0 
7a99d4ec0000-7a99d4ed0000 rw-p 00000000 00:00 0 
7a99d4ed0000-7a99d4f00000 ---p 00000000 00:00 0 
7a99d4f00000-7a99d5130000 rw-p 00000000 00:00 0 
7a99d5130000-7a9a14000000 ---p 00000000 00:00 0 
7a9a14000000-7a9a14021000 rw-p 00000000 00:00 0 
7a9a14021000-7a9a18000000 ---p 00000000 00:00 0 
7a9a18000000-7a9a18057000 rw-p 00000000 00:00 0 
7a9a18057000-7a9a1c000000 ---p 00000000 00:00 0 
7a9a1c000000-7a9a1c021000 rw-p 00000000 00:00 0 
7a9a1c021000-7a9a20000000 ---p 00000000 00:00 0 
7a9a20000000-7a9a200be000 rw-p 00000000 00:00 0 
7a9a200be000-7a9a24000000 ---p 00000000 00:00 0 
7a9a24000000-7a9a24057000 rw-p 00000000 00:00 0 
7a9a24057000-7a9a28004000 ---p 00000000 00:00 0 
7a9a28004000-7a9a28100000 rw-p 00000000 00:00 0 
7a9a28100000-7a9a28104000 ---p 00000000 00:00 0 
7a9a28104000-7a9a28200000 rw-p 00000000 00:00 0 
7a9a28200000-7a9a28204000 ---p 00000000 00:00 0 
7a9a28204000-7a9a28300000 rw-p 00000000 00:00 0 
7a9a28300000-7a9a28304000 ---p 00000000 00:00 0 
7a9a28304000-7a9a28400000 rw-p 00000000 00:00 0 
7a9a28400000-7a9a28404000 ---p 00000000 00:00 0 
7a9a28404000-7a9a28500000 rw-p 00000000 00:00 0 
7a9a28500000-7a9a28504000 ---p 00000000 00:00 0 
7a9a28504000-7a9a28600000 rw-p 00000000 00:00 0 
7a9a28600000-7a9a28605000 r-xp 00000000 103:04 5783254                   /home/muhammad-usman/.gradle/native/1def1411415f61bf3af743bc5b6707747c0891f09f0c88961ee8f79bc544acac/linux-amd64/libnative-platform.so
7a9a28605000-7a9a28805000 ---p 00005000 103:04 5783254                   /home/muhammad-usman/.gradle/native/1def1411415f61bf3af743bc5b6707747c0891f09f0c88961ee8f79bc544acac/linux-amd64/libnative-platform.so
7a9a28805000-7a9a28806000 r--p 00005000 103:04 5783254                   /home/muhammad-usman/.gradle/native/1def1411415f61bf3af743bc5b6707747c0891f09f0c88961ee8f79bc544acac/linux-amd64/libnative-platform.so
7a9a28806000-7a9a28807000 rw-p 00006000 103:04 5783254                   /home/muhammad-usman/.gradle/native/1def1411415f61bf3af743bc5b6707747c0891f09f0c88961ee8f79bc544acac/linux-amd64/libnative-platform.so
7a9a2886c000-7a9a28870000 ---p 00000000 00:00 0 
7a9a28870000-7a9a2896c000 rw-p 00000000 00:00 0 
7a9a2896c000-7a9a289a8000 r--p 00000000 103:04 5783278                   /home/muhammad-usman/.gradle/native/0.2.7/x86_64-linux-gnu/libgradle-fileevents.so
7a9a289a8000-7a9a289f0000 r-xp 0003b000 103:04 5783278                   /home/muhammad-usman/.gradle/native/0.2.7/x86_64-linux-gnu/libgradle-fileevents.so
7a9a289f0000-7a9a289f9000 r--p 00082000 103:04 5783278                   /home/muhammad-usman/.gradle/native/0.2.7/x86_64-linux-gnu/libgradle-fileevents.so
7a9a289f9000-7a9a289fa000 rw-p 0008a000 103:04 5783278                   /home/muhammad-usman/.gradle/native/0.2.7/x86_64-linux-gnu/libgradle-fileevents.so
7a9a289fa000-7a9a289fd000 rw-p 00000000 00:00 0 
7a9a289fd000-7a9a28d00000 rw-p 00000000 00:00 0 
7a9a28d00000-7a9a28d04000 ---p 00000000 00:00 0 
7a9a28d04000-7a9a28e00000 rw-p 00000000 00:00 0 
7a9a28f00000-7a9a28f04000 ---p 00000000 00:00 0 
7a9a28f04000-7a9a29000000 rw-p 00000000 00:00 0 
7a9a29000000-7a9a29004000 ---p 00000000 00:00 0 
7a9a29004000-7a9a29100000 rw-p 00000000 00:00 0 
7a9a29100000-7a9a29104000 ---p 00000000 00:00 0 
7a9a29104000-7a9a29200000 rw-p 00000000 00:00 0 
7a9a29200000-7a9a2b5f0000 rw-p 00000000 00:00 0 
7a9a2b5f0000-7a9a2d1cc000 ---p 00000000 00:00 0 
7a9a2d1cc000-7a9a2d200000 rw-p 00000000 00:00 0 
7a9a2d200000-7a9a2eb60000 rwxp 00000000 00:00 0 
7a9a2eb60000-7a9a34737000 ---p 00000000 00:00 0 
7a9a34737000-7a9a34a67000 rwxp 00000000 00:00 0 
7a9a34a67000-7a9a34cc8000 ---p 00000000 00:00 0 
7a9a34cc8000-7a9a355b8000 rwxp 00000000 00:00 0 
7a9a355b8000-7a9a3c200000 ---p 00000000 00:00 0 
7a9a3c200000-7a9a3fe13000 r--s 00000000 103:04 5900656                   /home/muhammad-usman/.jdks/jbr-21.0.11-1/lib/modules
7a9a3fe2f000-7a9a3fe34000 r--p 00000000 103:04 5900637                   /home/muhammad-usman/.jdks/jbr-21.0.11-1/lib/libjsvml.so
7a9a3fe34000-7a9a3fe75000 r-xp 00005000 103:04 5900637                   /home/muhammad-usman/.jdks/jbr-21.0.11-1/lib/libjsvml.so
7a9a3fe75000-7a9a3fefe000 r--p 00046000 103:04 5900637                   /home/muhammad-usman/.jdks/jbr-21.0.11-1/lib/libjsvml.so
7a9a3fefe000-7a9a3feff000 r--p 000ce000 103:04 5900637                   /home/muhammad-usman/.jdks/jbr-21.0.11-1/lib/libjsvml.so
7a9a3feff000-7a9a3ff00000 rw-p 000cf000 103:04 5900637                   /home/muhammad-usman/.jdks/jbr-21.0.11-1/lib/libjsvml.so
7a9a3ff00000-7a9a3ff04000 ---p 00000000 00:00 0 
7a9a3ff04000-7a9a40000000 rw-p 00000000 00:00 0 
7a9a40000000-7a9a4152c000 rw-p 00000000 00:00 0 
7a9a4152c000-7a9a44004000 ---p 00000000 00:00 0 
7a9a44004000-7a9a44100000 rw-p 00000000 00:00 0 
7a9a44100000-7a9a44104000 ---p 00000000 00:00 0 
7a9a44104000-7a9a44200000 rw-p 00000000 00:00 0 
7a9a44200000-7a9a44204000 ---p 00000000 00:00 0 
7a9a44204000-7a9a44300000 rw-p 00000000 00:00 0 
7a9a44300000-7a9a44304000 ---p 00000000 00:00 0 
7a9a44304000-7a9a44400000 rw-p 00000000 00:00 0 
7a9a44400000-7a9a44977000 r--p 00000000 103:04 2622315                   /usr/lib/locale/locale-archive
7a9a449b8000-7a9a449bf000 r--s 00000000 103:04 2624594                   /usr/lib/x86_64-linux-gnu/gconv/gconv-modules.cache
7a9a449bf000-7a9a44bc1000 rw-p 00000000 00:00 0 
7a9a44bc1000-7a9a44df8000 rw-p 00000000 00:00 0 
7a9a44df8000-7a9a44ffa000 rw-p 00000000 00:00 0 
7a9a44ffa000-7a9a453fe000 rw-p 00000000 00:00 0 
7a9a453fe000-7a9a45600000 rw-p 00000000 00:00 0 
7a9a45600000-7a9a4567e000 rw-p 00000000 00:00 0 
7a9a4567e000-7a9a459f9000 ---p 00000000 00:00 0 
7a9a459f9000-7a9a45a7e000 rw-p 00000000 00:00 0 
7a9a45a7e000-7a9a45df9000 ---p 00000000 00:00 0 
7a9a45df9000-7a9a45e00000 rw-p 00000000 00:00 0 
7a9a45e00000-7a9a45e01000 r--p 00000000 103:04 5900622                   /home/muhammad-usman/.jdks/jbr-21.0.11-1/lib/libextnet.so
7a9a45e01000-7a9a45e02000 r-xp 00001000 103:04 5900622                   /home/muhammad-usman/.jdks/jbr-21.0.11-1/lib/libextnet.so
7a9a45e02000-7a9a45e03000 r--p 00002000 103:04 5900622                   /home/muhammad-usman/.jdks/jbr-21.0.11-1/lib/libextnet.so
7a9a45e03000-7a9a45e04000 r--p 00002000 103:04 5900622                   /home/muhammad-usman/.jdks/jbr-21.0.11-1/lib/libextnet.so
7a9a45e04000-7a9a45e05000 rw-p 00000000 00:00 0 
7a9a45e05000-7a9a45e09000 r--p 00000000 103:04 5900652                   /home/muhammad-usman/.jdks/jbr-21.0.11-1/lib/libverify.so
7a9a45e09000-7a9a45e10000 r-xp 00004000 103:04 5900652                   /home/muhammad-usman/.jdks/jbr-21.0.11-1/lib/libverify.so
7a9a45e10000-7a9a45e12000 r--p 0000b000 103:04 5900652                   /home/muhammad-usman/.jdks/jbr-21.0.11-1/lib/libverify.so
7a9a45e12000-7a9a45e14000 r--p 0000c000 103:04 5900652                   /home/muhammad-usman/.jdks/jbr-21.0.11-1/lib/libverify.so
7a9a45e14000-7a9a45e15000 rw-p 00000000 00:00 0 
7a9a45e15000-7a9a45e18000 r--p 00000000 103:04 5900643                   /home/muhammad-usman/.jdks/jbr-21.0.11-1/lib/libnet.so
7a9a45e18000-7a9a45e20000 r-xp 00003000 103:04 5900643                   /home/muhammad-usman/.jdks/jbr-21.0.11-1/lib/libnet.so
7a9a45e20000-7a9a45e22000 r--p 0000b000 103:04 5900643                   /home/muhammad-usman/.jdks/jbr-21.0.11-1/lib/libnet.so
7a9a45e22000-7a9a45e23000 ---p 0000d000 103:04 5900643                   /home/muhammad-usman/.jdks/jbr-21.0.11-1/lib/libnet.so
7a9a45e23000-7a9a45e24000 r--p 0000d000 103:04 5900643                   /home/muhammad-usman/.jdks/jbr-21.0.11-1/lib/libnet.so
7a9a45e24000-7a9a45e25000 rw-p 00000000 00:00 0 
7a9a45e25000-7a9a45f26000 rw-p 00000000 00:00 0 
7a9a45f26000-7a9a4633c000 rw-p 00000000 00:00 0 
7a9a4633c000-7a9a46415000 ---p 00000000 00:00 0 
7a9a46415000-7a9a46448000 rw-p 00000000 00:00 0 
7a9a46448000-7a9a46500000 ---p 00000000 00:00 0 
7a9a46500000-7a9a46504000 ---p 00000000 00:00 0 
7a9a46504000-7a9a46600000 rw-p 00000000 00:00 0 
7a9a46600000-7a9a468a4000 r--p 00000000 103:04 5900666                   /home/muhammad-usman/.jdks/jbr-21.0.11-1/lib/server/libjvm.so
7a9a468a4000-7a9a47720000 r-xp 002a4000 103:04 5900666                   /home/muhammad-usman/.jdks/jbr-21.0.11-1/lib/server/libjvm.so
7a9a47720000-7a9a47a08000 r--p 01120000 103:04 5900666                   /home/muhammad-usman/.jdks/jbr-21.0.11-1/lib/server/libjvm.so
7a9a47a08000-7a9a47add000 r--p 01407000 103:04 5900666                   /home/muhammad-usman/.jdks/jbr-21.0.11-1/lib/server/libjvm.so
7a9a47add000-7a9a47b0d000 rw-p 014dc000 103:04 5900666                   /home/muhammad-usman/.jdks/jbr-21.0.11-1/lib/server/libjvm.so
7a9a47b0d000-7a9a47b84000 rw-p 00000000 00:00 0 
7a9a47b85000-7a9a47b87000 r--p 00000000 103:04 5900642                   /home/muhammad-usman/.jdks/jbr-21.0.11-1/lib/libmanagement_ext.so
7a9a47b87000-7a9a47b8a000 r-xp 00002000 103:04 5900642                   /home/muhammad-usman/.jdks/jbr-21.0.11-1/lib/libmanagement_ext.so
7a9a47b8a000-7a9a47b8b000 r--p 00005000 103:04 5900642                   /home/muhammad-usman/.jdks/jbr-21.0.11-1/lib/libmanagement_ext.so
7a9a47b8b000-7a9a47b8c000 ---p 00006000 103:04 5900642                   /home/muhammad-usman/.jdks/jbr-21.0.11-1/lib/libmanagement_ext.so
7a9a47b8c000-7a9a47b8d000 r--p 00006000 103:04 5900642                   /home/muhammad-usman/.jdks/jbr-21.0.11-1/lib/libmanagement_ext.so
7a9a47b8d000-7a9a47b8e000 rw-p 00000000 00:00 0 
7a9a47b8e000-7a9a47b95000 r--p 00000000 103:04 5900644                   /home/muhammad-usman/.jdks/jbr-21.0.11-1/lib/libnio.so
7a9a47b95000-7a9a47b9e000 r-xp 00007000 103:04 5900644                   /home/muhammad-usman/.jdks/jbr-21.0.11-1/lib/libnio.so
7a9a47b9e000-7a9a47ba2000 r--p 00010000 103:04 5900644                   /home/muhammad-usman/.jdks/jbr-21.0.11-1/lib/libnio.so
7a9a47ba2000-7a9a47ba3000 ---p 00014000 103:04 5900644                   /home/muhammad-usman/.jdks/jbr-21.0.11-1/lib/libnio.so
7a9a47ba3000-7a9a47ba4000 r--p 00014000 103:04 5900644                   /home/muhammad-usman/.jdks/jbr-21.0.11-1/lib/libnio.so
7a9a47ba4000-7a9a47ba5000 rw-p 00015000 103:04 5900644                   /home/muhammad-usman/.jdks/jbr-21.0.11-1/lib/libnio.so
7a9a47ba5000-7a9a47ba7000 r--p 00000000 103:04 5900655                   /home/muhammad-usman/.jdks/jbr-21.0.11-1/lib/libzip.so
7a9a47ba7000-7a9a47bab000 r-xp 00002000 103:04 5900655                   /home/muhammad-usman/.jdks/jbr-21.0.11-1/lib/libzip.so
7a9a47bab000-7a9a47bad000 r--p 00006000 103:04 5900655                   /home/muhammad-usman/.jdks/jbr-21.0.11-1/lib/libzip.so
7a9a47bad000-7a9a47bae000 r--p 00007000 103:04 5900655                   /home/muhammad-usman/.jdks/jbr-21.0.11-1/lib/libzip.so
7a9a47bae000-7a9a47bfb000 rw-p 00000000 00:00 0 
7a9a47bfb000-7a9a47c00000 ---p 00000000 00:00 0 
7a9a47c00000-7a9a47c28000 r--p 00000000 103:04 2624598                   /usr/lib/x86_64-linux-gnu/libc.so.6
7a9a47c28000-7a9a47dc0000 r-xp 00028000 103:04 2624598                   /usr/lib/x86_64-linux-gnu/libc.so.6
7a9a47dc0000-7a9a47e0e000 r--p 001c0000 103:04 2624598                   /usr/lib/x86_64-linux-gnu/libc.so.6
7a9a47e0e000-7a9a47e12000 r--p 0020e000 103:04 2624598                   /usr/lib/x86_64-linux-gnu/libc.so.6
7a9a47e12000-7a9a47e14000 rw-p 00212000 103:04 2624598                   /usr/lib/x86_64-linux-gnu/libc.so.6
7a9a47e14000-7a9a47e21000 rw-p 00000000 00:00 0 
7a9a47e23000-7a9a47e25000 r--p 00000000 103:04 5900640                   /home/muhammad-usman/.jdks/jbr-21.0.11-1/lib/libmanagement.so
7a9a47e25000-7a9a47e26000 r-xp 00002000 103:04 5900640                   /home/muhammad-usman/.jdks/jbr-21.0.11-1/lib/libmanagement.so
7a9a47e26000-7a9a47e27000 r--p 00003000 103:04 5900640                   /home/muhammad-usman/.jdks/jbr-21.0.11-1/lib/libmanagement.so
7a9a47e27000-7a9a47e28000 r--p 00003000 103:04 5900640                   /home/muhammad-usman/.jdks/jbr-21.0.11-1/lib/libmanagement.so
7a9a47e28000-7a9a47e29000 rw-p 00000000 00:00 0 
7a9a47e29000-7a9a47e31000 rw-s 00000000 00:26 235                        /tmp/hsperfdata_muhammad-usman/4718
7a9a47e31000-7a9a47e3e000 r--p 00000000 103:04 5900630                   /home/muhammad-usman/.jdks/jbr-21.0.11-1/lib/libjava.so
7a9a47e3e000-7a9a47e4d000 r-xp 0000d000 103:04 5900630                   /home/muhammad-usman/.jdks/jbr-21.0.11-1/lib/libjava.so
7a9a47e4d000-7a9a47e53000 r--p 0001c000 103:04 5900630                   /home/muhammad-usman/.jdks/jbr-21.0.11-1/lib/libjava.so
7a9a47e53000-7a9a47e54000 r--p 00021000 103:04 5900630                   /home/muhammad-usman/.jdks/jbr-21.0.11-1/lib/libjava.so
7a9a47e54000-7a9a47e55000 rw-p 00022000 103:04 5900630                   /home/muhammad-usman/.jdks/jbr-21.0.11-1/lib/libjava.so
7a9a47e55000-7a9a47e56000 rw-p 00000000 00:00 0 
7a9a47e56000-7a9a47e59000 r--p 00000000 103:04 5900634                   /home/muhammad-usman/.jdks/jbr-21.0.11-1/lib/libjimage.so
7a9a47e59000-7a9a47e6d000 r-xp 00003000 103:04 5900634                   /home/muhammad-usman/.jdks/jbr-21.0.11-1/lib/libjimage.so
7a9a47e6d000-7a9a47e73000 r--p 00017000 103:04 5900634                   /home/muhammad-usman/.jdks/jbr-21.0.11-1/lib/libjimage.so
7a9a47e73000-7a9a47e74000 ---p 0001d000 103:04 5900634                   /home/muhammad-usman/.jdks/jbr-21.0.11-1/lib/libjimage.so
7a9a47e74000-7a9a47e76000 r--p 0001d000 103:04 5900634                   /home/muhammad-usman/.jdks/jbr-21.0.11-1/lib/libjimage.so
7a9a47e76000-7a9a47e77000 rw-p 0001f000 103:04 5900634                   /home/muhammad-usman/.jdks/jbr-21.0.11-1/lib/libjimage.so
7a9a47e77000-7a9a47e89000 r--p 00000000 103:04 2624601                   /usr/lib/x86_64-linux-gnu/libm.so.6
7a9a47e89000-7a9a47f29000 r-xp 00012000 103:04 2624601                   /usr/lib/x86_64-linux-gnu/libm.so.6
7a9a47f29000-7a9a47f9b000 r--p 000b2000 103:04 2624601                   /usr/lib/x86_64-linux-gnu/libm.so.6
7a9a47f9b000-7a9a47f9c000 r--p 00123000 103:04 2624601                   /usr/lib/x86_64-linux-gnu/libm.so.6
7a9a47f9c000-7a9a47f9d000 rw-p 00124000 103:04 2624601                   /usr/lib/x86_64-linux-gnu/libm.so.6
7a9a47f9d000-7a9a47f9e000 r--p 00000000 103:04 2624612                   /usr/lib/x86_64-linux-gnu/librt.so.1
7a9a47f9e000-7a9a47f9f000 r-xp 00001000 103:04 2624612                   /usr/lib/x86_64-linux-gnu/librt.so.1
7a9a47f9f000-7a9a47fa0000 r--p 00002000 103:04 2624612                   /usr/lib/x86_64-linux-gnu/librt.so.1
7a9a47fa0000-7a9a47fa1000 r--p 00002000 103:04 2624612                   /usr/lib/x86_64-linux-gnu/librt.so.1
7a9a47fa1000-7a9a47fa2000 rw-p 00003000 103:04 2624612                   /usr/lib/x86_64-linux-gnu/librt.so.1
7a9a47fa2000-7a9a47fa6000 rw-p 00000000 00:00 0 
7a9a47fa6000-7a9a47fa7000 r--p 00000000 103:04 2624600                   /usr/lib/x86_64-linux-gnu/libdl.so.2
7a9a47fa7000-7a9a47fa8000 r-xp 00001000 103:04 2624600                   /usr/lib/x86_64-linux-gnu/libdl.so.2
7a9a47fa8000-7a9a47fa9000 r--p 00002000 103:04 2624600                   /usr/lib/x86_64-linux-gnu/libdl.so.2
7a9a47fa9000-7a9a47faa000 r--p 00002000 103:04 2624600                   /usr/lib/x86_64-linux-gnu/libdl.so.2
7a9a47faa000-7a9a47fab000 rw-p 00003000 103:04 2624600                   /usr/lib/x86_64-linux-gnu/libdl.so.2
7a9a47fab000-7a9a47fac000 r--p 00000000 103:04 2624610                   /usr/lib/x86_64-linux-gnu/libpthread.so.0
7a9a47fac000-7a9a47fad000 r-xp 00001000 103:04 2624610                   /usr/lib/x86_64-linux-gnu/libpthread.so.0
7a9a47fad000-7a9a47fae000 r--p 00002000 103:04 2624610                   /usr/lib/x86_64-linux-gnu/libpthread.so.0
7a9a47fae000-7a9a47faf000 r--p 00002000 103:04 2624610                   /usr/lib/x86_64-linux-gnu/libpthread.so.0
7a9a47faf000-7a9a47fb0000 rw-p 00003000 103:04 2624610                   /usr/lib/x86_64-linux-gnu/libpthread.so.0
7a9a47fb0000-7a9a47fb2000 r--p 00000000 103:04 5900635                   /home/muhammad-usman/.jdks/jbr-21.0.11-1/lib/libjli.so
7a9a47fb2000-7a9a47fbc000 r-xp 00002000 103:04 5900635                   /home/muhammad-usman/.jdks/jbr-21.0.11-1/lib/libjli.so
7a9a47fbc000-7a9a47fbf000 r--p 0000c000 103:04 5900635                   /home/muhammad-usman/.jdks/jbr-21.0.11-1/lib/libjli.so
7a9a47fbf000-7a9a47fc0000 ---p 0000f000 103:04 5900635                   /home/muhammad-usman/.jdks/jbr-21.0.11-1/lib/libjli.so
7a9a47fc0000-7a9a47fc1000 r--p 0000f000 103:04 5900635                   /home/muhammad-usman/.jdks/jbr-21.0.11-1/lib/libjli.so
7a9a47fc1000-7a9a47fc2000 rw-p 00010000 103:04 5900635                   /home/muhammad-usman/.jdks/jbr-21.0.11-1/lib/libjli.so
7a9a47fc2000-7a9a47fc5000 r--p 00000000 103:04 2622178                   /usr/lib/x86_64-linux-gnu/libz.so.1.3.1
7a9a47fc5000-7a9a47fd8000 r-xp 00003000 103:04 2622178                   /usr/lib/x86_64-linux-gnu/libz.so.1.3.1
7a9a47fd8000-7a9a47fde000 r--p 00016000 103:04 2622178                   /usr/lib/x86_64-linux-gnu/libz.so.1.3.1
7a9a47fde000-7a9a47fdf000 r--p 0001c000 103:04 2622178                   /usr/lib/x86_64-linux-gnu/libz.so.1.3.1
7a9a47fdf000-7a9a47fe0000 rw-p 0001d000 103:04 2622178                   /usr/lib/x86_64-linux-gnu/libz.so.1.3.1
7a9a47fe3000-7a9a47fe5000 r--p 00000000 103:04 5900625                   /home/muhammad-usman/.jdks/jbr-21.0.11-1/lib/libinstrument.so
7a9a47fe5000-7a9a47feb000 r-xp 00002000 103:04 5900625                   /home/muhammad-usman/.jdks/jbr-21.0.11-1/lib/libinstrument.so
7a9a47feb000-7a9a47fee000 r--p 00008000 103:04 5900625                   /home/muhammad-usman/.jdks/jbr-21.0.11-1/lib/libinstrument.so
7a9a47fee000-7a9a47fef000 r--p 0000a000 103:04 5900625                   /home/muhammad-usman/.jdks/jbr-21.0.11-1/lib/libinstrument.so
7a9a47fef000-7a9a47ff0000 rw-p 0000b000 103:04 5900625                   /home/muhammad-usman/.jdks/jbr-21.0.11-1/lib/libinstrument.so
7a9a47ff0000-7a9a47ff1000 ---p 00000000 00:00 0 
7a9a47ff1000-7a9a47ff2000 r--p 00000000 00:00 0 
7a9a47ff2000-7a9a47ff3000 ---p 00000000 00:00 0 
7a9a47ff3000-7a9a47ff5000 rw-p 00000000 00:00 0 
7a9a47ff5000-7a9a47ff9000 r--p 00000000 00:00 0                          [vvar]
7a9a47ff9000-7a9a47ffb000 r--p 00000000 00:00 0                          [vvar_vclock]
7a9a47ffb000-7a9a47ffd000 r-xp 00000000 00:00 0                          [vdso]
7a9a47ffd000-7a9a47ffe000 r--p 00000000 103:04 2624595                   /usr/lib/x86_64-linux-gnu/ld-linux-x86-64.so.2
7a9a47ffe000-7a9a4802d000 r-xp 00001000 103:04 2624595                   /usr/lib/x86_64-linux-gnu/ld-linux-x86-64.so.2
7a9a4802d000-7a9a48038000 r--p 00030000 103:04 2624595                   /usr/lib/x86_64-linux-gnu/ld-linux-x86-64.so.2
7a9a48038000-7a9a4803a000 r--p 0003b000 103:04 2624595                   /usr/lib/x86_64-linux-gnu/ld-linux-x86-64.so.2
7a9a4803a000-7a9a4803b000 rw-p 0003d000 103:04 2624595                   /usr/lib/x86_64-linux-gnu/ld-linux-x86-64.so.2
7a9a4803b000-7a9a4803c000 rw-p 00000000 00:00 0 
7ffeab54e000-7ffeab56f000 rw-p 00000000 00:00 0                          [stack]
ffffffffff600000-ffffffffff601000 --xp 00000000 00:00 0                  [vsyscall]
Total number of mappings: 394

JVMTI agents:
/home/muhammad-usman/.gradle/wrapper/dists/gradle-8.13-bin/5xuhj0ry160q40clulazy9h7d/gradle-8.13/lib/agents/gradle-instrumentation-agent-8.13.jar path:none, loaded, initialized, instrumentlib options:none


VM Arguments:
jvm_args: --add-opens=java.base/java.lang=ALL-UNNAMED --add-opens=java.base/java.lang.invoke=ALL-UNNAMED --add-opens=java.base/java.util=ALL-UNNAMED --add-opens=java.prefs/java.util.prefs=ALL-UNNAMED --add-exports=jdk.compiler/com.sun.tools.javac.api=ALL-UNNAMED --add-exports=jdk.compiler/com.sun.tools.javac.util=ALL-UNNAMED --add-opens=java.base/java.util=ALL-UNNAMED --add-opens=java.prefs/java.util.prefs=ALL-UNNAMED --add-opens=java.base/java.nio.charset=ALL-UNNAMED --add-opens=java.base/java.net=ALL-UNNAMED --add-opens=java.base/java.util.concurrent.atomic=ALL-UNNAMED --add-opens=java.xml/javax.xml.namespace=ALL-UNNAMED -Xmx2048m -Dfile.encoding=UTF-8 -Duser.country=US -Duser.language=en -Duser.variant -javaagent:/home/muhammad-usman/.gradle/wrapper/dists/gradle-8.13-bin/5xuhj0ry160q40clulazy9h7d/gradle-8.13/lib/agents/gradle-instrumentation-agent-8.13.jar -Dawt.toolkit.name=XToolkit 
java_command: org.gradle.launcher.daemon.bootstrap.GradleDaemon 8.13
java_class_path (initial): /home/muhammad-usman/.gradle/wrapper/dists/gradle-8.13-bin/5xuhj0ry160q40clulazy9h7d/gradle-8.13/lib/gradle-daemon-main-8.13.jar
Launcher Type: SUN_STANDARD

[Global flags]
     intx CICompilerCount                          = 3                                         {product} {ergonomic}
     uint ConcGCThreads                            = 1                                         {product} {ergonomic}
     uint G1ConcRefinementThreads                  = 4                                         {product} {ergonomic}
   size_t G1HeapRegionSize                         = 1048576                                   {product} {ergonomic}
    uintx GCDrainStackTargetSize                   = 64                                        {product} {ergonomic}
   size_t InitialHeapSize                          = 253755392                                 {product} {ergonomic}
   size_t MarkStackSize                            = 4194304                                   {product} {ergonomic}
   size_t MaxHeapSize                              = 2147483648                                {product} {command line}
   size_t MaxNewSize                               = 1287651328                                {product} {ergonomic}
   size_t MinHeapDeltaBytes                        = 1048576                                   {product} {ergonomic}
   size_t MinHeapSize                              = 8388608                                   {product} {ergonomic}
    uintx NonNMethodCodeHeapSize                   = 5832780                                {pd product} {ergonomic}
    uintx NonProfiledCodeHeapSize                  = 122912730                              {pd product} {ergonomic}
    uintx ProfiledCodeHeapSize                     = 122912730                              {pd product} {ergonomic}
    uintx ReservedCodeCacheSize                    = 251658240                              {pd product} {ergonomic}
     bool SegmentedCodeCache                       = true                                      {product} {ergonomic}
   size_t SoftMaxHeapSize                          = 2147483648                             {manageable} {ergonomic}
     bool UseCompressedOops                        = true                           {product lp64_product} {ergonomic}
     bool UseG1GC                                  = true                                      {product} {ergonomic}

Logging:
Log output configuration:
 #0: stdout all=warning uptime,level,tags foldmultilines=false
 #1: stderr all=off uptime,level,tags foldmultilines=false

Release file:
JAVA_VERSION="21.0.11"
MODULES="java.base java.compiler java.datatransfer java.xml java.prefs java.desktop java.instrument java.logging java.management java.security.sasl java.naming java.rmi java.management.rmi java.net.http java.scripting java.security.jgss java.transaction.xa java.sql java.sql.rowset java.xml.crypto java.se java.smartcardio jdk.accessibility jdk.internal.jvmstat jdk.attach jdk.charsets jdk.internal.opt jdk.zipfs jdk.compiler jdk.crypto.ec jdk.crypto.cryptoki jdk.dynalink jdk.internal.ed jdk.editpad jdk.hotspot.agent jdk.httpserver jdk.incubator.vector jdk.internal.le jdk.internal.vm.ci jdk.internal.vm.compiler jdk.internal.vm.compiler.management jdk.jartool jdk.javadoc jdk.jcmd jdk.management jdk.management.agent jdk.jconsole jdk.jdeps jdk.jdwp.agent jdk.jdi jdk.jfr jdk.jlink jdk.jpackage jdk.jshell jdk.jsobject jdk.jstatd jdk.localedata jdk.management.jfr jdk.naming.dns jdk.naming.rmi jdk.net jdk.nio.mapmode jdk.random jdk.sctp jdk.security.auth jdk.security.jgss jdk.unsupported jdk.unsupported.desktop jdk.xml.dom"
IMPLEMENTOR="JetBrains s.r.o."
IMPLEMENTOR_VERSION="JBRSDK-21.0.11+10-1163.116-nomod"
JAVA_RUNTIME_VERSION="21.0.11+10-b1163.116"
LIBC="gnu"
OS_ARCH="x86_64"
OS_NAME="Linux"
SOURCE=".:git:cf1f197170a0+"

Environment Variables:
PATH=/usr/local/sbin:/usr/local/bin:/usr/sbin:/usr/bin:/sbin:/bin:/usr/games:/usr/local/games:/snap/bin:/snap/bin
USERNAME=muhammad-usman
SHELL=/bin/bash
DISPLAY=:0
WAYLAND_DISPLAY=wayland-0
LANG=en_US.UTF-8

Active Locale:
LC_ALL=en_US.UTF-8
LC_COLLATE=en_US.UTF-8
LC_CTYPE=en_US.UTF-8
LC_MESSAGES=en_US.UTF-8
LC_MONETARY=en_US.UTF-8
LC_NUMERIC=en_US.UTF-8
LC_TIME=en_US.UTF-8

Signal Handlers:
   SIGSEGV: crash_handler in libjvm.so, mask=11100100010111111101111111111110, flags=SA_RESTART|SA_SIGINFO, unblocked
    SIGBUS: crash_handler in libjvm.so, mask=11100100010111111101111111111110, flags=SA_RESTART|SA_SIGINFO, unblocked
    SIGFPE: crash_handler in libjvm.so, mask=11100100010111111101111111111110, flags=SA_RESTART|SA_SIGINFO, unblocked
   SIGPIPE: javaSignalHandler in libjvm.so, mask=11100100010111111101111111111110, flags=SA_RESTART|SA_SIGINFO, blocked
   SIGXFSZ: javaSignalHandler in libjvm.so, mask=11100100010111111101111111111110, flags=SA_RESTART|SA_SIGINFO, blocked
    SIGILL: crash_handler in libjvm.so, mask=11100100010111111101111111111110, flags=SA_RESTART|SA_SIGINFO, unblocked
   SIGUSR2: SR_handler in libjvm.so, mask=00000000000000000000000000000000, flags=SA_RESTART|SA_SIGINFO, blocked
    SIGHUP: UserHandler in libjvm.so, mask=11100100010111111101111111111110, flags=SA_RESTART|SA_SIGINFO, blocked
    SIGINT: UserHandler in libjvm.so, mask=11100100010111111101111111111110, flags=SA_RESTART|SA_SIGINFO, blocked
   SIGTERM: UserHandler in libjvm.so, mask=11100100010111111101111111111110, flags=SA_RESTART|SA_SIGINFO, blocked
   SIGQUIT: UserHandler in libjvm.so, mask=11100100010111111101111111111110, flags=SA_RESTART|SA_SIGINFO, blocked
   SIGTRAP: crash_handler in libjvm.so, mask=11100100010111111101111111111110, flags=SA_RESTART|SA_SIGINFO, unblocked


Periodic native trim disabled

JNI global refs:
JNI global refs: 33, weak refs: 10

JNI global refs memory usage: 859, weak refs: 857

Process memory usage:
Resident Set Size: 685408K (4% of 15729892K total physical memory with 11282156K free physical memory)

OOME stack traces (most recent first):
Classloader memory used:
Loader org.gradle.internal.classloader.VisitableURLClassLoader                         : 41112K
Loader org.gradle.internal.classloader.VisitableURLClassLoader$InstrumentingVisitableURLClassLoader: 39519K
Loader org.gradle.initialization.MixInLegacyTypesClassLoader                           : 14053K
Loader bootstrap                                                                       : 13765K
Loader org.gradle.internal.classloader.VisitableURLClassLoader                         : 8544K
Loader jdk.internal.reflect.DelegatingClassLoader                                      : 750K
Loader jdk.internal.loader.ClassLoaders$PlatformClassLoader                            : 433K
Loader org.gradle.groovy.scripts.internal.DefaultScriptCompilationHandler$ScriptClassLoader: 390K
Loader jdk.internal.loader.ClassLoaders$AppClassLoader                                 : 237K
Loader org.codehaus.groovy.runtime.callsite.CallSiteClassLoader                        : 75568B

Classes loaded by more than one classloader:
Class com.google.common.collect.UnmodifiableListIterator                              : loaded 4 times (x 95B)
Class com.google.common.collect.Iterators$ArrayItr                                    : loaded 4 times (x 97B)
Class com.google.common.collect.UnmodifiableIterator                                  : loaded 4 times (x 80B)
Class com.google.common.collect.Iterators                                             : loaded 4 times (x 71B)
Class com.google.common.collect.Lists$StringAsImmutableList                           : loaded 4 times (x 207B)
Class com.google.common.collect.AbstractIterator                                      : loaded 4 times (x 82B)
Class com.google.common.collect.AbstractIndexedListIterator                           : loaded 4 times (x 96B)
Class com.google.common.collect.Iterators$1                                           : loaded 4 times (x 81B)
Class com.google.common.collect.Iterators$4                                           : loaded 4 times (x 82B)
Class com.google.common.collect.Iterators$5                                           : loaded 4 times (x 82B)
Class com.google.common.collect.ImmutableCollection                                   : loaded 4 times (x 125B)
Class com.google.common.collect.Lists                                                 : loaded 4 times (x 71B)
Class com.google.common.collect.Iterators$9                                           : loaded 4 times (x 81B)
Class com.google.common.base.Preconditions                                            : loaded 4 times (x 71B)
Class com.google.common.collect.PeekingIterator                                       : loaded 4 times (x 70B)
Class com.google.common.collect.ImmutableList                                         : loaded 4 times (x 206B)
Class com.google.common.collect.Iterators$MergingIterator                             : loaded 4 times (x 81B)
Class com.google.common.base.CharMatcher$IsEither                                     : loaded 3 times (x 111B)
Class com.google.common.collect.ImmutableList$1                                       : loaded 3 times (x 97B)
Class com.google.common.collect.ImmutableCollection$Builder                           : loaded 3 times (x 76B)
Class com.google.common.base.Joiner                                                   : loaded 3 times (x 79B)
Class com.intellij.gradle.toolingExtension.util.GradleVersionUtil                     : loaded 3 times (x 71B)
Class com.google.common.collect.Iterators$SingletonIterator                           : loaded 3 times (x 81B)
Class com.google.common.collect.ImmutableList$Builder                                 : loaded 3 times (x 77B)
Class com.google.common.collect.RegularImmutableAsList                                : loaded 3 times (x 217B)
Class com.google.common.base.CharMatcher$And                                          : loaded 3 times (x 112B)
Class com.google.common.base.Objects                                                  : loaded 3 times (x 71B)
Class com.google.common.collect.Multimap                                              : loaded 3 times (x 70B)
Class com.google.common.base.ExtraObjectsMethodsForWeb                                : loaded 3 times (x 71B)
Class com.google.common.collect.SingletonImmutableList                                : loaded 3 times (x 207B)
Class com.google.common.collect.ImmutableList$ReverseImmutableList                    : loaded 3 times (x 209B)
Class com.google.common.collect.SingletonImmutableSet                                 : loaded 3 times (x 146B)
Class com.google.common.base.CharMatcher$ForPredicate                                 : loaded 3 times (x 112B)
Class com.google.common.base.CharMatcher$AnyOf                                        : loaded 3 times (x 112B)
Class com.google.common.collect.ImmutableSet$CachingAsList                            : loaded 3 times (x 148B)
Class com.google.common.collect.ImmutableAsList                                       : loaded 3 times (x 209B)
Class com.google.common.base.CharMatcher$IsNot                                        : loaded 3 times (x 111B)
Class com.google.common.base.Function                                                 : loaded 3 times (x 70B)
Class com.google.common.collect.RegularImmutableList                                  : loaded 3 times (x 213B)
Class com.google.common.base.CharMatcher$BitSetMatcher                                : loaded 3 times (x 112B)
Class com.google.common.collect.ImmutableSet                                          : loaded 3 times (x 145B)
Class com.google.common.base.CharMatcher$Or                                           : loaded 3 times (x 112B)
Class org.gradle.internal.Cast                                                        : loaded 3 times (x 71B)
Class org.gradle.api.Action                                                           : loaded 3 times (x 70B)
Class com.google.common.base.CharMatcher$FastMatcher                                  : loaded 3 times (x 111B)
Class com.google.common.base.Predicate                                                : loaded 3 times (x 70B)
Class com.google.common.base.CharMatcher$NegatedFastMatcher                           : loaded 3 times (x 113B)
Class org.gradle.api.GradleException                                                  : loaded 3 times (x 82B)
Class org.gradle.internal.IoActions                                                   : loaded 3 times (x 71B)
Class com.google.common.collect.ImmutableSet$RegularSetBuilderImpl                    : loaded 3 times (x 77B)
Class com.google.common.base.CharMatcher$Is                                           : loaded 3 times (x 111B)
Class com.google.common.base.CharMatcher$Negated                                      : loaded 3 times (x 113B)
Class com.google.common.base.Joiner$1                                                 : loaded 3 times (x 80B)
Class com.google.common.base.CharMatcher                                              : loaded 3 times (x 111B)
Class com.google.common.base.Joiner$2                                                 : loaded 3 times (x 79B)
Class com.google.common.base.CharMatcher$NamedFastMatcher                             : loaded 3 times (x 112B)
Class com.google.common.base.CharMatcher$1                                            : loaded 3 times (x 113B)
Class com.google.common.base.CharMatcher$InRange                                      : loaded 3 times (x 111B)
Class com.google.common.collect.ImmutableSet$SetBuilderImpl                           : loaded 3 times (x 76B)
Class com.google.common.collect.ImmutableList$SubList                                 : loaded 3 times (x 209B)
Class com.google.common.collect.RegularImmutableSet                                   : loaded 3 times (x 149B)
Class com.android.builder.model.v2.ide.ViewBindingOptions                             : loaded 2 times (x 70B)
Class com.google.gson.Gson$FutureTypeAdapter                                          : loaded 2 times (x 76B)
Class com.google.common.base.Equivalence$Identity                                     : loaded 2 times (x 82B)
Class com.google.common.base.PairwiseEquivalence                                      : loaded 2 times (x 83B)
Class com.google.gson.internal.bind.ObjectTypeAdapter$1                               : loaded 2 times (x 76B)
Class com.google.common.collect.RegularImmutableMap$KeySet                            : loaded 2 times (x 152B)
Class com.amazon.ion.impl.bin.IonManagedBinaryWriter$UserState$1                      : loaded 2 times (x 85B)
Class org.jetbrains.plugins.gradle.tooling.serialization.internal.IdeaProjectSerializationService$ReadContext: loaded 2 times (x 72B)
Class com.android.ide.gradle.model.dependencies.DeclaredDependencies                  : loaded 2 times (x 70B)
Class kotlin.text.StringsKt__StringsKt                                                : loaded 2 times (x 71B)
Class kotlin.text.MatchGroupCollection                                                : loaded 2 times (x 70B)
Class kotlin.text.MatcherMatchResult                                                  : loaded 2 times (x 80B)
Class kotlin.sequences.FlatteningSequence                                             : loaded 2 times (x 75B)
Class kotlin.NotImplementedError                                                      : loaded 2 times (x 82B)
Class org.gradle.internal.classloader.FilteringClassLoader                            : loaded 2 times (x 105B)
Class com.amazon.ion.impl.bin.IonManagedBinaryWriter$UserState$2                      : loaded 2 times (x 85B)
Class com.amazon.ion.impl._Private_IonValue                                           : loaded 2 times (x 70B)
Class com.intellij.gradle.toolingExtension.impl.model.sourceSetModel.GradleSourceSetSerialisationService$Companion: loaded 2 times (x 71B)
Class kotlin.sequences.FilteringSequence$iterator$1                                   : loaded 2 times (x 79B)
Class kotlin.jvm.internal.CollectionToArray                                           : loaded 2 times (x 71B)
Class kotlin.io.FilesKt__FileTreeWalkKt                                               : loaded 2 times (x 71B)
Class kotlin.sequences.SequencesKt__SequenceBuilderKt                                 : loaded 2 times (x 71B)
Class kotlin.collections.CollectionsKt__ReversedViewsKt                               : loaded 2 times (x 71B)
Class org.gradle.internal.classloader.ClassLoaderHierarchy                            : loaded 2 times (x 70B)
Class com.android.builder.model.v2.models.VariantDependenciesAdjacencyList            : loaded 2 times (x 70B)
Class com.google.common.collect.ImmutableEnumSet                                      : loaded 2 times (x 146B)
Class com.google.common.util.concurrent.ExecutionError                                : loaded 2 times (x 82B)
Class com.google.gson.JsonObject                                                      : loaded 2 times (x 93B)
Class com.amazon.ion.impl.bin.IonManagedBinaryWriter$UserState$3                      : loaded 2 times (x 85B)
Class com.amazon.ion.util.GzipStreamInterceptor                                       : loaded 2 times (x 85B)
Class com.amazon.ion.IonException                                                     : loaded 2 times (x 84B)
Class [Lio.opentelemetry.api.trace.ImmutableTraceFlags;                               : loaded 2 times (x 69B)
Class org.jetbrains.plugins.gradle.tooling.util.IntObjectMap$ObjectFactory            : loaded 2 times (x 70B)
Class org.gradle.tooling.model.build.GradleEnvironment                                : loaded 2 times (x 70B)
Class org.gradle.tooling.internal.adapter.ProtocolToModelAdapter$InvocationHandlerImpl: loaded 2 times (x 77B)
Class org.gradle.api.internal.classpath.ManifestUtil                                  : loaded 2 times (x 71B)
Class com.android.builder.model.v2.ide.AndroidArtifact                                : loaded 2 times (x 70B)
Class com.google.gson.stream.MalformedJsonException                                   : loaded 2 times (x 82B)
Class com.google.common.collect.RegularImmutableMap                                   : loaded 2 times (x 121B)
Class com.google.common.collect.ImmutableMap$MapViewOfValuesAsSingletonSets           : loaded 2 times (x 126B)
Class org.jetbrains.plugins.gradle.model.UnresolvedExternalDependency                 : loaded 2 times (x 70B)
Class com.amazon.ion.impl.bin.IonManagedBinaryWriter$UserState$4                      : loaded 2 times (x 85B)
Class com.amazon.ion.system.IonBinaryWriterBuilder                                    : loaded 2 times (x 99B)
Class io.opentelemetry.context.ContextStorageProvider                                 : loaded 2 times (x 70B)
Class org.jetbrains.plugins.gradle.model.AnnotationProcessingModel                    : loaded 2 times (x 70B)
Class org.jetbrains.plugins.gradle.model.GradleExtensions                             : loaded 2 times (x 70B)
Class kotlin.ranges.IntProgression$Companion                                          : loaded 2 times (x 71B)
Class org.gradle.tooling.internal.adapter.TargetTypeProvider                          : loaded 2 times (x 70B)
Class com.android.builder.model.v2.ide.AaptOptions$Namespacing                        : loaded 2 times (x 79B)
Class com.android.utils.FileUtils                                                     : loaded 2 times (x 71B)
Class [Lorg.objectweb.asm.Symbol;                                                     : loaded 2 times (x 69B)
Class org.objectweb.asm.ClassVisitor                                                  : loaded 2 times (x 88B)
Class com.google.gson.internal.bind.TypeAdapters$30                                   : loaded 2 times (x 76B)
Class com.google.gson.internal.bind.JsonTreeReader                                    : loaded 2 times (x 98B)
Class com.google.gson.TypeAdapterFactory                                              : loaded 2 times (x 70B)
Class com.intellij.util.ThrowableConsumer                                             : loaded 2 times (x 70B)
Class io.opentelemetry.api.internal.OtelEncodingUtils                                 : loaded 2 times (x 71B)
Class kotlin.sequences.TransformingSequence                                           : loaded 2 times (x 75B)
Class org.gradle.tooling.internal.adapter.MethodInvocation                            : loaded 2 times (x 85B)
Class org.gradle.internal.operations.MultipleBuildOperationFailures                   : loaded 2 times (x 95B)
Class com.google.common.base.Platform$JdkPatternCompiler                              : loaded 2 times (x 75B)
Class org.objectweb.asm.MethodTooLargeException                                       : loaded 2 times (x 83B)
Class [Lcom.google.common.cache.CacheBuilder$OneWeigher;                              : loaded 2 times (x 69B)
Class com.google.common.base.Suppliers                                                : loaded 2 times (x 71B)
Class com.google.gson.internal.bind.JsonAdapterAnnotationTypeAdapterFactory$DummyTypeAdapterFactory: loaded 2 times (x 75B)
Class com.google.gson.internal.bind.TypeAdapters$31                                   : loaded 2 times (x 76B)
Class com.google.gson.JsonSyntaxException                                             : loaded 2 times (x 82B)
Class org.jetbrains.kotlin.idea.gradleTooling.AndroidAwareGradleModelProvider$Companion: loaded 2 times (x 71B)
Class [Lcom.amazon.ion.impl.bin.IonRawBinaryWriter$StreamCloseMode;                   : loaded 2 times (x 69B)
Class com.amazon.ion.impl.lite.IonSymbolLite                                          : loaded 2 times (x 247B)
Class com.amazon.ion.impl.bin.IonManagedBinaryWriter$ImportedSymbolResolverMode$1     : loaded 2 times (x 80B)
Class io.opentelemetry.api.GlobalOpenTelemetry                                        : loaded 2 times (x 71B)
Class com.intellij.util.containers.IntObjectHashMap$ArrayProducer                     : loaded 2 times (x 70B)
Class org.gradle.internal.classloader.DefaultClassLoaderFactory                       : loaded 2 times (x 82B)
Class com.google.gson.internal.bind.TypeAdapters$32                                   : loaded 2 times (x 76B)
Class com.amazon.ion.impl.bin.IonManagedBinaryWriter$ImportedSymbolResolverMode$2     : loaded 2 times (x 80B)
Class io.opentelemetry.context.Scope                                                  : loaded 2 times (x 70B)
Class com.google.common.collect.ReverseNaturalOrdering                                : loaded 2 times (x 114B)
Class kotlin.text.MatcherMatchResult$groupValues$1                                    : loaded 2 times (x 198B)
Class kotlin.sequences.SequencesKt___SequencesKt                                      : loaded 2 times (x 71B)
Class kotlin.collections.AbstractList$Companion                                       : loaded 2 times (x 71B)
Class org.gradle.internal.classloader.ClassLoaderVisitor                              : loaded 2 times (x 76B)
Class com.google.gson.internal.bind.ObjectTypeAdapter                                 : loaded 2 times (x 74B)
Class [Lcom.google.common.collect.ImmutableMapEntry;                                  : loaded 2 times (x 69B)
Class [Lcom.android.ide.common.repository.AgpVersion$PreviewKind;                     : loaded 2 times (x 69B)
Class org.jetbrains.plugins.gradle.tooling.serialization.internal.IdeaProjectSerializationService: loaded 2 times (x 77B)
Class com.google.common.collect.Ordering                                              : loaded 2 times (x 114B)
Class kotlin.sequences.SequencesKt___SequencesKt$flatMap$2                            : loaded 2 times (x 129B)
Class org.gradle.api.internal.classpath.EffectiveClassPath                            : loaded 2 times (x 90B)
Class ijJvmDebugger1_1nxz8iacv3bg692g0l3pkvalm$_run_closure1                          : loaded 2 times (x 139B)
Class com.android.builder.model.v2.models.AndroidDsl                                  : loaded 2 times (x 70B)
Class [Lorg.apache.commons.io.StandardLineSeparator;                                  : loaded 2 times (x 69B)
Class org.apache.commons.io.output.StringBuilderWriter                                : loaded 2 times (x 100B)
Class com.google.common.collect.ListMultimap                                          : loaded 2 times (x 70B)
Class com.google.common.collect.ImmutableEnumMap                                      : loaded 2 times (x 126B)
Class com.amazon.ion.impl.lite.IonSystemLite                                          : loaded 2 times (x 275B)
Class com.amazon.ion.util.InputStreamInterceptor                                      : loaded 2 times (x 70B)
Class com.amazon.ion.impl.bin.IonRawBinaryWriter$PreallocationMode                    : loaded 2 times (x 82B)
Class com.amazon.ion.impl.bin._Private_IonRawWriter                                   : loaded 2 times (x 70B)
Class com.amazon.ion.IonWriter                                                        : loaded 2 times (x 70B)
Class kotlin.text.StringsKt__AppendableKt                                             : loaded 2 times (x 71B)
Class com.google.common.collect.ImmutableRangeSet                                     : loaded 2 times (x 115B)
Class org.gradle.tooling.internal.gradle.DefaultProjectIdentifier                     : loaded 2 times (x 86B)
Class com.android.ide.common.gradle.Numeric                                           : loaded 2 times (x 77B)
Class com.google.common.collect.Sets$1                                                : loaded 2 times (x 139B)
Class org.objectweb.asm.AnnotationVisitor                                             : loaded 2 times (x 78B)
Class com.google.gson.internal.bind.TypeAdapters                                      : loaded 2 times (x 71B)
Class com.google.gson.FormattingStyle                                                 : loaded 2 times (x 78B)
Class com.google.gson.FieldNamingPolicy                                               : loaded 2 times (x 83B)
Class com.amazon.ion.impl._Private_IonContainer                                       : loaded 2 times (x 70B)
Class com.intellij.gradle.toolingExtension.impl.model.buildScriptClasspathModel.GradleBuildScriptClasspathSerializationService$ReadContext: loaded 2 times (x 72B)
Class com.google.common.collect.ComparatorOrdering                                    : loaded 2 times (x 115B)
Class org.gradle.api.internal.DefaultClassPathProvider                                : loaded 2 times (x 76B)
Class com.android.builder.model.v2.models.BasicAndroidProject                         : loaded 2 times (x 70B)
Class com.google.common.collect.Sets$2                                                : loaded 2 times (x 139B)
Class com.google.gson.JsonArray                                                       : loaded 2 times (x 100B)
Class com.google.gson.FieldNamingStrategy                                             : loaded 2 times (x 70B)
Class com.amazon.ion.impl.SharedSymbolTable                                           : loaded 2 times (x 93B)
Class com.amazon.ion.impl.bin.IonRawBinaryWriter                                      : loaded 2 times (x 168B)
Class com.amazon.ion.SymbolToken                                                      : loaded 2 times (x 70B)
Class kotlin.text.StringsKt__StringNumberConversionsJVMKt                             : loaded 2 times (x 71B)
Class com.google.common.collect.NaturalOrdering                                       : loaded 2 times (x 115B)
Class kotlin.text.MatchResult                                                         : loaded 2 times (x 70B)
Class kotlin.sequences.SequenceScope                                                  : loaded 2 times (x 73B)
Class kotlin.sequences.Sequence                                                       : loaded 2 times (x 70B)
Class org.gradle.tooling.ToolingModelContract                                         : loaded 2 times (x 70B)
Class [Lorg.gradle.api.internal.ClassPathProvider;                                    : loaded 2 times (x 69B)
Class org.gradle.api.internal.ClassPathProvider                                       : loaded 2 times (x 70B)
Class com.google.common.collect.Sets$3                                                : loaded 2 times (x 139B)
Class com.google.common.util.concurrent.AbstractFuture$SafeAtomicHelper               : loaded 2 times (x 79B)
Class com.google.common.cache.LocalCache$LocalLoadingCache                            : loaded 2 times (x 134B)
Class com.amazon.ion.impl.lite.IonBoolLite                                            : loaded 2 times (x 179B)
Class kotlin.collections.CollectionsKt___CollectionsKt$asSequence$$inlined$Sequence$1 : loaded 2 times (x 75B)
Class org.gradle.internal.service.UnknownServiceException                             : loaded 2 times (x 83B)
Class com.google.common.collect.Sets$4                                                : loaded 2 times (x 139B)
Class org.objectweb.asm.ModuleVisitor                                                 : loaded 2 times (x 81B)
Class com.google.common.cache.LocalCache$Strength$1                                   : loaded 2 times (x 81B)
Class org.jetbrains.kotlin.idea.gradleTooling.model.kapt.KaptGradleModel              : loaded 2 times (x 70B)
Class org.jetbrains.kotlin.idea.gradleTooling.KotlinDslScriptAdditionalTask           : loaded 2 times (x 70B)
Class org.jetbrains.plugins.gradle.model.ClasspathEntryModel                          : loaded 2 times (x 70B)
Class org.apache.commons.io.output.QueueOutputStream                                  : loaded 2 times (x 87B)
Class com.google.common.util.concurrent.SettableFuture                                : loaded 2 times (x 114B)
Class com.google.common.cache.LocalCache$Strength$2                                   : loaded 2 times (x 81B)
Class com.amazon.ion.IonTimestamp                                                     : loaded 2 times (x 70B)
Class com.amazon.ion.impl.bin.PooledBlockAllocatorProvider$PooledBlockAllocator       : loaded 2 times (x 81B)
Class com.intellij.platform.diagnostic.telemetry.rt.context.TelemetryContextGetter    : loaded 2 times (x 75B)
Class org.jetbrains.plugins.gradle.tooling.serialization.GradleExtensionsSerializationService: loaded 2 times (x 77B)
Class org.gradle.api.JavaVersion                                                      : loaded 2 times (x 79B)
Class org.gradle.tooling.model.Dependency                                             : loaded 2 times (x 70B)
Class com.android.builder.model.v2.ide.AbstractArtifact                               : loaded 2 times (x 70B)
Class com.google.common.cache.LocalCache$Strength$3                                   : loaded 2 times (x 81B)
Class com.google.common.collect.MapDifference                                         : loaded 2 times (x 70B)
Class com.amazon.ion.IonDatagram                                                      : loaded 2 times (x 70B)
Class com.amazon.ion.impl.bin.IonManagedBinaryWriter$ImportedSymbolResolverMode$1$1   : loaded 2 times (x 78B)
Class com.amazon.ion.impl._Private_ByteTransferSink                                   : loaded 2 times (x 70B)
Class com.intellij.openapi.externalSystem.model.project.dependencies.ResolutionState  : loaded 2 times (x 79B)
Class kotlin.text.StringsKt__RegexExtensionsJVMKt                                     : loaded 2 times (x 71B)
Class com.google.common.collect.AllEqualOrdering                                      : loaded 2 times (x 114B)
Class kotlin.collections.ArraysKt___ArraysJvmKt                                       : loaded 2 times (x 71B)
Class kotlin.collections.CollectionsKt__CollectionsKt                                 : loaded 2 times (x 71B)
Class org.objectweb.asm.FieldWriter                                                   : loaded 2 times (x 78B)
Class com.google.common.cache.CacheBuilder$NullListener                               : loaded 2 times (x 82B)
Class com.google.gson.LongSerializationPolicy                                         : loaded 2 times (x 80B)
Class org.jetbrains.plugins.gradle.model.ExternalLibraryDependency                    : loaded 2 times (x 70B)
Class kotlin.text.Regex$Companion                                                     : loaded 2 times (x 71B)
Class org.gradle.internal.classpath.TransformedClassPath                              : loaded 2 times (x 96B)
Class org.gradle.internal.classloader.InstrumentingClassLoader                        : loaded 2 times (x 70B)
Class com.google.common.collect.ImmutableListMultimap                                 : loaded 2 times (x 176B)
Class org.apache.commons.io.output.UnsynchronizedByteArrayOutputStream                : loaded 2 times (x 102B)
Class com.google.common.cache.CacheLoader$FunctionToCacheLoader                       : loaded 2 times (x 75B)
Class com.amazon.ion.IonValue                                                         : loaded 2 times (x 70B)
Class com.google.common.collect.ImmutableRangeSet$AsSet                               : loaded 2 times (x 300B)
Class kotlin.jvm.internal.FunctionReference                                           : loaded 2 times (x 126B)
Class [Lkotlin.coroutines.intrinsics.CoroutineSingletons;                             : loaded 2 times (x 69B)
Class kotlin.jvm.internal.FunctionBase                                                : loaded 2 times (x 70B)
Class kotlin.enums.EnumEntriesList                                                    : loaded 2 times (x 223B)
Class com.google.common.collect.EmptyImmutableListMultimap                            : loaded 2 times (x 176B)
Class com.google.common.collect.BaseImmutableMultimap                                 : loaded 2 times (x 123B)
Class org.apache.commons.io.output.ByteArrayOutputStream                              : loaded 2 times (x 102B)
Class com.google.common.base.MoreObjects                                              : loaded 2 times (x 71B)
Class com.google.gson.internal.bind.DefaultDateTypeAdapter                            : loaded 2 times (x 74B)
Class com.google.gson.GsonBuilder                                                     : loaded 2 times (x 72B)
Class com.amazon.ion.impl.bin.IonRawBinaryWriter$ContainerType                        : loaded 2 times (x 79B)
Class com.amazon.ion.impl._Private_IonTextWriterBuilder$Mutable                       : loaded 2 times (x 102B)
Class kotlin.comparisons.ComparisonsKt___ComparisonsJvmKt                             : loaded 2 times (x 71B)
Class kotlin.collections.CollectionsKt__IteratorsJVMKt                                : loaded 2 times (x 71B)
Class com.android.builder.model.v2.ide.TestInfo$Execution                             : loaded 2 times (x 79B)
Class com.google.gson.internal.Primitives                                             : loaded 2 times (x 71B)
Class com.google.common.collect.Platform                                              : loaded 2 times (x 71B)
Class [Lorg.objectweb.asm.Type;                                                       : loaded 2 times (x 69B)
Class com.google.gson.stream.JsonWriter                                               : loaded 2 times (x 98B)
Class org.jetbrains.kotlin.idea.gradleTooling.KotlinSourceSetContainer                : loaded 2 times (x 70B)
Class io.opentelemetry.context.ContextStorageWrappers                                 : loaded 2 times (x 71B)
Class io.opentelemetry.context.propagation.DefaultContextPropagators                  : loaded 2 times (x 75B)
Class org.jetbrains.plugins.gradle.model.IntelliJSettings                             : loaded 2 times (x 70B)
Class kotlin.Result                                                                   : loaded 2 times (x 72B)
Class org.gradle.internal.service.ServiceLocator                                      : loaded 2 times (x 70B)
Class com.google.common.base.Ascii                                                    : loaded 2 times (x 71B)
Class com.google.common.collect.SingletonImmutableBiMap                               : loaded 2 times (x 143B)
Class com.google.common.cache.LocalCache$1                                            : loaded 2 times (x 89B)
Class com.google.gson.internal.bind.TypeAdapterRuntimeTypeWrapper                     : loaded 2 times (x 74B)
Class com.google.common.collect.AbstractMapEntry                                      : loaded 2 times (x 81B)
Class com.amazon.ion.impl.IonWriterSystem                                             : loaded 2 times (x 171B)
Class com.amazon.ion.impl.bin.Symbols$2                                               : loaded 2 times (x 107B)
Class com.amazon.ion.impl.bin._Private_IonManagedWriter                               : loaded 2 times (x 70B)
Class com.android.ide.gradle.model.GradlePropertiesModel                              : loaded 2 times (x 70B)
Class kotlin.sequences.TransformingSequence$iterator$1                                : loaded 2 times (x 79B)
Class kotlin.Pair                                                                     : loaded 2 times (x 72B)
Class org.gradle.tooling.internal.adapter.ProtocolToModelAdapter$SupportedPropertyInvoker: loaded 2 times (x 76B)
Class org.gradle.tooling.model.UnsupportedMethodException                             : loaded 2 times (x 82B)
Class com.android.builder.model.v2.ide.BytecodeTransformation                         : loaded 2 times (x 79B)
Class com.google.common.collect.Sets$ImprovedAbstractSet                              : loaded 2 times (x 135B)
Class com.google.common.collect.AbstractMultimap                                      : loaded 2 times (x 123B)
Class com.google.common.cache.LocalCache$2                                            : loaded 2 times (x 142B)
Class com.amazon.ion.impl.lite.IonContainerLite                                       : loaded 2 times (x 249B)
Class com.amazon.ion.IonBufferConfiguration$OversizedSymbolTableHandler               : loaded 2 times (x 70B)
Class com.amazon.ion.system.IonWriterBuilder                                          : loaded 2 times (x 74B)
Class org.jetbrains.plugins.gradle.tooling.serialization.ToolingStreamApiUtils        : loaded 2 times (x 71B)
Class com.amazon.ion.facet.Faceted                                                    : loaded 2 times (x 70B)
Class kotlin.collections.CollectionsKt__MutableCollectionsKt                          : loaded 2 times (x 71B)
Class com.android.builder.model.v2.ide.CodeShrinker                                   : loaded 2 times (x 79B)
Class com.google.common.util.concurrent.AbstractFuture$UnsafeAtomicHelper$1           : loaded 2 times (x 76B)
Class com.google.gson.internal.bind.MapTypeAdapterFactory$Adapter                     : loaded 2 times (x 74B)
Class com.google.gson.internal.sql.SqlTimeTypeAdapter$1                               : loaded 2 times (x 75B)
Class com.amazon.ion.impl.bin.utf8.Poolable                                           : loaded 2 times (x 79B)
Class com.amazon.ion.IonSymbol                                                        : loaded 2 times (x 70B)
Class io.opentelemetry.api.trace.SpanContext                                          : loaded 2 times (x 70B)
Class io.opentelemetry.api.trace.DefaultTracer$NoopSpanBuilder                        : loaded 2 times (x 91B)
Class org.jetbrains.plugins.gradle.tooling.serialization.AnnotationProcessingModelSerializationService$WriteContext: loaded 2 times (x 72B)
Class kotlin.io.TerminateException                                                    : loaded 2 times (x 82B)
Class kotlin.io.FilesKt__FilePathComponentsKt                                         : loaded 2 times (x 71B)
Class com.google.common.collect.ImmutableRangeSet$1                                   : loaded 2 times (x 210B)
Class kotlin.reflect.KCallable                                                        : loaded 2 times (x 70B)
Class com.google.common.util.concurrent.AbstractFuture$Trusted                        : loaded 2 times (x 70B)
Class com.intellij.compose.ide.plugin.gradleTooling.rt.ComposeResourcesModel          : loaded 2 times (x 70B)
Class com.intellij.gradle.toolingExtension.impl.util.collectionUtil.GradleCollections : loaded 2 times (x 71B)
Class com.amazon.ion.impl.lite.IonStructLite                                          : loaded 2 times (x 299B)
Class com.amazon.ion.impl._Private_ReaderWriter                                       : loaded 2 times (x 70B)
Class com.amazon.ion.impl.bin.AbstractSymbolTable                                     : loaded 2 times (x 107B)
Class com.amazon.ion.Decimal                                                          : loaded 2 times (x 133B)
Class com.amazon.ion.impl.bin._Private_IonManagedBinaryWriterBuilder$AllocatorMode$1  : loaded 2 times (x 80B)
Class org.jetbrains.plugins.gradle.tooling.serialization.ProjectDependenciesSerializationService$WriteContext: loaded 2 times (x 72B)
Class org.jetbrains.plugins.gradle.tooling.serialization.ProjectDependenciesSerializationService: loaded 2 times (x 77B)
Class kotlin.text.CharsKt                                                             : loaded 2 times (x 71B)
Class com.google.common.collect.Range                                                 : loaded 2 times (x 86B)
Class org.gradle.tooling.internal.adapter.CollectionMapper                            : loaded 2 times (x 73B)
Class [Lcom.android.builder.model.v2.ide.LibraryType;                                 : loaded 2 times (x 69B)
Class com.android.builder.model.v2.ide.LibraryType                                    : loaded 2 times (x 79B)
Class com.google.common.util.concurrent.UncheckedExecutionException                   : loaded 2 times (x 82B)
Class com.google.gson.internal.bind.DefaultDateTypeAdapter$DateType                   : loaded 2 times (x 73B)
Class com.amazon.ion.impl.lite.IonFloatLite                                           : loaded 2 times (x 187B)
Class com.amazon.ion.impl._Private_IonTextWriterBuilder                               : loaded 2 times (x 102B)
Class com.amazon.ion.impl.bin._Private_IonManagedBinaryWriterBuilder$AllocatorMode$2  : loaded 2 times (x 80B)
Class io.opentelemetry.api.trace.DefaultTracerProvider                                : loaded 2 times (x 79B)
Class com.google.common.collect.ExplicitOrdering                                      : loaded 2 times (x 115B)
Class com.google.gson.internal.bind.ReflectiveTypeAdapterFactory$1                    : loaded 2 times (x 74B)
Class org.jetbrains.plugins.gradle.ExternalDependencyId                               : loaded 2 times (x 70B)
Class com.amazon.ion.impl._Private_IonReaderBuilder                                   : loaded 2 times (x 97B)
Class com.amazon.ion.IonMutableCatalog                                                : loaded 2 times (x 70B)
Class gnu.trove.THash                                                                 : loaded 2 times (x 81B)
Class com.intellij.gradle.toolingExtension.impl.model.buildScriptClasspathModel.GradleBuildScriptClasspathSerializationService$WriteContext: loaded 2 times (x 72B)
Class org.gradle.tooling.internal.adapter.ProtocolToModelAdapter                      : loaded 2 times (x 80B)
Class org.gradle.internal.InternalTransformer                                         : loaded 2 times (x 70B)
Class com.android.builder.model.v2.ide.AndroidGradlePluginProjectFlags$BooleanFlag    : loaded 2 times (x 79B)
Class com.google.common.collect.AbstractMapBasedMultimap$KeySet$1                     : loaded 2 times (x 82B)
Class com.android.ide.common.gradle.Separator                                         : loaded 2 times (x 79B)
Class org.objectweb.asm.ClassWriter                                                   : loaded 2 times (x 106B)
Class com.google.common.cache.CacheLoader$UnsupportedLoadingOperationException        : loaded 2 times (x 82B)
Class com.google.gson.internal.bind.ReflectiveTypeAdapterFactory$2                    : loaded 2 times (x 79B)
Class [Lio.opentelemetry.context.ThreadLocalContextStorage$NoopScope;                 : loaded 2 times (x 69B)
Class io.opentelemetry.context.ThreadLocalContextStorage$NoopScope                    : loaded 2 times (x 85B)
Class kotlin.collections.MapsKt__MapsJVMKt                                            : loaded 2 times (x 71B)
Class kotlin.collections.EmptyList                                                    : loaded 2 times (x 174B)
Class org.gradle.internal.time.DefaultTimer                                           : loaded 2 times (x 80B)
Class org.gradle.internal.classloader.ClasspathUtil$1                                 : loaded 2 times (x 76B)
Class org.objectweb.asm.FieldVisitor                                                  : loaded 2 times (x 77B)
Class com.google.gson.ToNumberStrategy                                                : loaded 2 times (x 70B)
Class com.google.gson.TypeAdapter                                                     : loaded 2 times (x 73B)
Class com.google.common.collect.IndexedImmutableSet                                   : loaded 2 times (x 152B)
Class com.google.common.collect.ImmutableMap$1                                        : loaded 2 times (x 81B)
Class com.google.common.collect.BiMap                                                 : loaded 2 times (x 70B)
Class com.amazon.ion.impl.bin.PooledBlockAllocatorProvider$PooledBlockAllocator$1     : loaded 2 times (x 79B)
Class com.amazon.ion.impl.lite.IonStringLite                                          : loaded 2 times (x 213B)
Class io.opentelemetry.context.ImplicitContextKeyed                                   : loaded 2 times (x 70B)
Class org.gradle.tooling.internal.adapter.ProtocolToModelAdapter$ViewKey              : loaded 2 times (x 72B)
Class org.gradle.api.internal.classpath.DefaultModuleRegistry$DefaultModule           : loaded 2 times (x 86B)
Class ijKotlinCoroutineJvmDebugInit1_84wf0hjeca84oepavwu4apobm$_run_closure1          : loaded 2 times (x 139B)
Class com.android.builder.model.v2.CustomSourceDirectory                              : loaded 2 times (x 70B)
Class com.google.common.primitives.Ints                                               : loaded 2 times (x 71B)
Class com.android.ide.common.repository.AgpVersion                                    : loaded 2 times (x 75B)
Class com.amazon.ion.impl.bin.Block                                                   : loaded 2 times (x 79B)
Class io.opentelemetry.context.DefaultContextKey                                      : loaded 2 times (x 72B)
Class com.google.common.collect.NullsFirstOrdering                                    : loaded 2 times (x 115B)
Class kotlin.ResultKt                                                                 : loaded 2 times (x 71B)
Class org.gradle.tooling.internal.adapter.ProtocolToModelAdapter$PropertyCachingMethodInvoker: loaded 2 times (x 76B)
Class com.android.builder.model.v2.models.ProjectSyncIssues                           : loaded 2 times (x 70B)
Class com.google.common.collect.ObjectArrays                                          : loaded 2 times (x 71B)
Class com.google.common.collect.Multiset                                              : loaded 2 times (x 70B)
Class com.google.common.collect.ArrayListMultimapGwtSerializationDependencies         : loaded 2 times (x 172B)
Class com.google.common.math.MathPreconditions                                        : loaded 2 times (x 71B)
Class com.intellij.openapi.externalSystem.model.ExternalSystemException               : loaded 2 times (x 86B)
Class org.jetbrains.plugins.gradle.model.ExternalTask                                 : loaded 2 times (x 70B)
Class com.amazon.ion.impl.bin.utf8.Utf8StringEncoderPool$1                            : loaded 2 times (x 76B)
Class com.amazon.ion.impl.lite.IonLoaderLite                                          : loaded 2 times (x 82B)
Class com.amazon.ion.impl.lite.IonContext                                             : loaded 2 times (x 70B)
Class com.amazon.ion.impl.IonWriterSystemText                                         : loaded 2 times (x 190B)
Class [Lcom.amazon.ion.impl.bin.IonManagedBinaryWriter$ImportedSymbolResolverMode;    : loaded 2 times (x 69B)
Class com.amazon.ion.ValueFactory                                                     : loaded 2 times (x 70B)
Class io.opentelemetry.api.internal.IncubatingUtil                                    : loaded 2 times (x 71B)
Class io.opentelemetry.api.GlobalOpenTelemetry$ObfuscatedOpenTelemetry                : loaded 2 times (x 92B)
Class kotlin.collections.ArraysKt__ArraysKt                                           : loaded 2 times (x 71B)
Class kotlin.Result$Failure                                                           : loaded 2 times (x 72B)
Class org.gradle.internal.time.DefaultCountdownTimer                                  : loaded 2 times (x 88B)
Class org.apache.commons.io.output.NullOutputStream                                   : loaded 2 times (x 85B)
Class com.google.gson.internal.ObjectConstructor                                      : loaded 2 times (x 70B)
Class com.google.common.collect.ImmutableMapEntrySet                                  : loaded 2 times (x 152B)
Class com.amazon.ion.impl.bin.IonManagedBinaryWriter$SymbolResolver                   : loaded 2 times (x 70B)
Class com.amazon.ion.impl._Private_SymbolToken                                        : loaded 2 times (x 70B)
Class com.amazon.ion.impl.bin._Private_IonManagedBinaryWriterBuilder$AllocatorMode    : loaded 2 times (x 80B)
Class org.jetbrains.plugins.gradle.model.GradleTaskModel                              : loaded 2 times (x 70B)
Class org.jetbrains.plugins.gradle.tooling.util.ObjectCollector                       : loaded 2 times (x 72B)
Class kotlin.collections.SetsKt__SetsJVMKt                                            : loaded 2 times (x 71B)
Class kotlin.Function                                                                 : loaded 2 times (x 70B)
Class org.gradle.tooling.internal.adapter.ProtocolToModelAdapter$AdaptingMethodInvoker: loaded 2 times (x 76B)
Class org.gradle.tooling.internal.gradle.DefaultBuildIdentifier                       : loaded 2 times (x 79B)
Class org.gradle.api.internal.classpath.Module                                        : loaded 2 times (x 70B)
Class com.google.common.cache.Weigher                                                 : loaded 2 times (x 70B)
Class [Lcom.amazon.ion.util.GzipStreamInterceptor;                                    : loaded 2 times (x 69B)
Class com.amazon.ion.impl._Private_IonReaderBuilder$Mutable                           : loaded 2 times (x 97B)
Class com.intellij.openapi.externalSystem.model.project.IExternalSystemSourceType     : loaded 2 times (x 70B)
Class kotlin.io.FileAlreadyExistsException                                            : loaded 2 times (x 82B)
Class kotlin.internal.ProgressionUtilKt                                               : loaded 2 times (x 71B)
Class org.gradle.api.internal.classpath.UnknownModuleException                        : loaded 2 times (x 82B)
Class com.google.common.base.Stopwatch                                                : loaded 2 times (x 72B)
Class com.google.common.cache.LocalCache$Strength                                     : loaded 2 times (x 81B)
Class com.google.common.cache.Cache                                                   : loaded 2 times (x 70B)
Class io.opentelemetry.api.trace.TraceStateBuilder                                    : loaded 2 times (x 70B)
Class com.intellij.openapi.externalSystem.model.project.dependencies.ProjectDependencies: loaded 2 times (x 70B)
Class org.jetbrains.plugins.gradle.tooling.serialization.ProjectDependenciesSerializationService$ReadContext: loaded 2 times (x 72B)
Class com.google.common.util.concurrent.AbstractFuture$Cancellation                   : loaded 2 times (x 72B)
Class com.google.common.collect.ImmutableMap$Builder                                  : loaded 2 times (x 82B)
Class build_d4dk1d984209f7p9jyfr724g1                                                 : loaded 2 times (x 180B)
Class com.google.common.cache.RemovalListener                                         : loaded 2 times (x 70B)
Class [Lcom.google.gson.ToNumberPolicy;                                               : loaded 2 times (x 69B)
Class com.google.gson.ToNumberPolicy                                                  : loaded 2 times (x 83B)
Class com.amazon.ion.IonBufferConfiguration                                           : loaded 2 times (x 72B)
Class com.amazon.ion.impl.bin.Symbols                                                 : loaded 2 times (x 71B)
Class org.jetbrains.plugins.gradle.tooling.serialization.RepositoriesModelSerializationService: loaded 2 times (x 82B)
Class com.android.ide.gradle.model.artifacts.AdditionalClassifierArtifactsModel       : loaded 2 times (x 70B)
Class org.gradle.tooling.internal.gradle.GradleProjectIdentity                        : loaded 2 times (x 70B)
Class org.gradle.api.internal.DefaultClassPathRegistry                                : loaded 2 times (x 76B)
Class com.google.common.collect.ImmutableMultimap$Keys                                : loaded 2 times (x 166B)
Class com.android.builder.model.v2.ide.JavaArtifact                                   : loaded 2 times (x 70B)
Class com.google.common.primitives.IntsMethodsForWeb                                  : loaded 2 times (x 71B)
Class settings_c6b2slg1ndf4wldq80rxch94i$_run_closure1$_closure2                      : loaded 2 times (x 139B)
Class [Lcom.amazon.ion.impl.bin.AbstractIonWriter$WriteValueOptimization;             : loaded 2 times (x 69B)
Class io.opentelemetry.api.internal.AutoValue_ImmutableSpanContext                    : loaded 2 times (x 92B)
Class org.jetbrains.plugins.gradle.tooling.serialization.RepositoriesModelSerializationService$ReadContext: loaded 2 times (x 72B)
Class kotlin.ranges.ClosedRange                                                       : loaded 2 times (x 70B)
Class org.gradle.api.internal.ClassPathRegistry                                       : loaded 2 times (x 70B)
Class org.gradle.internal.classpath.DefaultClassPath$ImmutableUniqueList              : loaded 2 times (x 199B)
Class org.apache.commons.io.IOUtils                                                   : loaded 2 times (x 71B)
Class com.amazon.ion.impl.bin.IonManagedBinaryWriter$UserState                        : loaded 2 times (x 85B)
Class com.amazon.ion.impl._Private_IonWriter                                          : loaded 2 times (x 70B)
Class com.amazon.ion.impl.bin._Private_IonManagedBinaryWriterBuilder                  : loaded 2 times (x 72B)
Class com.intellij.gradle.toolingExtension.impl.model.projectModel.GradleExternalProjectSerializationService$WriteContext: loaded 2 times (x 73B)
Class kotlin.text.StringsKt__StringsJVMKt                                             : loaded 2 times (x 71B)
Class com.google.common.collect.NullnessCasts                                         : loaded 2 times (x 71B)
Class com.android.builder.model.v2.dsl.SigningConfig                                  : loaded 2 times (x 70B)
Class com.android.builder.model.v2.models.AndroidProject                              : loaded 2 times (x 70B)
Class com.android.builder.model.v2.AndroidModel                                       : loaded 2 times (x 70B)
Class com.google.common.cache.CacheBuilder                                            : loaded 2 times (x 72B)
Class com.google.gson.internal.bind.ArrayTypeAdapter$1                                : loaded 2 times (x 75B)
Class com.google.gson.internal.bind.JsonTreeWriter                                    : loaded 2 times (x 98B)
Class [Lcom.amazon.ion.SymbolToken;                                                   : loaded 2 times (x 69B)
Class io.opentelemetry.api.trace.ImmutableTraceFlags                                  : loaded 2 times (x 77B)
Class kotlin.text.StringsKt__IndentKt                                                 : loaded 2 times (x 71B)
Class kotlin.collections.SetsKt                                                       : loaded 2 times (x 71B)
Class org.gradle.internal.classpath.ClassPath                                         : loaded 2 times (x 70B)
Class org.gradle.api.UncheckedIOException                                             : loaded 2 times (x 82B)
Class ijKotlinCoroutineJvmDebugInit1_84wf0hjeca84oepavwu4apobm$_run_closure1$_closure2: loaded 2 times (x 139B)
Class com.google.common.base.JdkPattern                                               : loaded 2 times (x 75B)
Class org.jetbrains.plugins.gradle.model.ExternalProjectDependency                    : loaded 2 times (x 70B)
Class org.jetbrains.plugins.gradle.tooling.serialization.KotlinDslScriptsModelSerializationService: loaded 2 times (x 81B)
Class kotlin.reflect.KFunction                                                        : loaded 2 times (x 70B)
Class kotlin.collections.ArrayDeque                                                   : loaded 2 times (x 207B)
Class org.objectweb.asm.SymbolTable$Entry                                             : loaded 2 times (x 74B)
Class com.google.common.util.concurrent.AbstractFuture$AtomicHelper                   : loaded 2 times (x 78B)
Class com.amazon.ion.system.IonSystemBuilder$Mutable                                  : loaded 2 times (x 75B)
Class com.amazon.ion.impl.bin.IonManagedBinaryWriter$SymbolResolverBuilder            : loaded 2 times (x 70B)
Class org.jetbrains.kotlin.idea.gradleTooling.KotlinGradleModel                       : loaded 2 times (x 70B)
Class [Lio.opentelemetry.api.trace.TraceFlags;                                        : loaded 2 times (x 69B)
Class [Lio.opentelemetry.context.ContextStorage;                                      : loaded 2 times (x 69B)
Class com.intellij.platform.diagnostic.telemetry.rt.context.TelemetryContext          : loaded 2 times (x 134B)
Class org.jetbrains.plugins.gradle.tooling.serialization.ExternalTestsSerializationService$WriteContext: loaded 2 times (x 72B)
Class kotlin.collections.MapsKt__MapsKt                                               : loaded 2 times (x 71B)
Class com.android.builder.model.v2.ide.Variant                                        : loaded 2 times (x 70B)
Class org.objectweb.asm.Edge                                                          : loaded 2 times (x 72B)
Class com.google.common.base.Suppliers$SupplierOfInstance                             : loaded 2 times (x 79B)
Class com.google.gson.internal.bind.ReflectiveTypeAdapterFactory                      : loaded 2 times (x 75B)
Class com.google.gson.internal.sql.SqlTimestampTypeAdapter                            : loaded 2 times (x 76B)
Class com.amazon.ion.impl.bin.IonManagedBinaryWriter$LocalSymbolTableView             : loaded 2 times (x 119B)
Class com.amazon.ion.impl.bin.IonRawBinaryWriter$ThrowingRunnable                     : loaded 2 times (x 70B)
Class io.opentelemetry.context.ThreadLocalContextStorage                              : loaded 2 times (x 85B)
Class ijInit1_11vqlwagrmqhcgwnw0hsow9sa                                               : loaded 2 times (x 179B)
Class org.gradle.tooling.model.Model                                                  : loaded 2 times (x 70B)
Class com.google.common.cache.LocalCache$ComputingValueReference                      : loaded 2 times (x 96B)
Class com.google.gson.internal.sql.SqlDateTypeAdapter$1                               : loaded 2 times (x 75B)
Class com.google.common.collect.ImmutableMap$IteratorBasedImmutableMap                : loaded 2 times (x 126B)
Class com.amazon.ion.UnknownSymbolException                                           : loaded 2 times (x 86B)
Class com.android.ide.gradle.model.composites.BuildMap                                : loaded 2 times (x 70B)
Class kotlin.text.MatchResult$Destructured                                            : loaded 2 times (x 72B)
Class kotlin.Metadata                                                                 : loaded 2 times (x 70B)
Class kotlin.UninitializedPropertyAccessException                                     : loaded 2 times (x 82B)
Class com.android.builder.model.v2.ide.Library                                        : loaded 2 times (x 70B)
Class com.android.builder.model.v2.ide.ArtifactDependenciesAdjacencyList              : loaded 2 times (x 70B)
Class com.android.builder.model.v2.models.Versions                                    : loaded 2 times (x 70B)
Class com.google.common.cache.LocalCache$Segment                                      : loaded 2 times (x 154B)
Class io.opentelemetry.context.Context                                                : loaded 2 times (x 70B)
Class org.jetbrains.plugins.gradle.model.IntelliJProjectSettings                      : loaded 2 times (x 70B)
Class org.gradle.tooling.internal.adapter.ProtocolToModelAdapter$MethodInvocationCache: loaded 2 times (x 73B)
Class com.android.builder.model.v2.models.ndk.NativeModule                            : loaded 2 times (x 70B)
Class com.google.common.collect.AbstractListMultimap                                  : loaded 2 times (x 172B)
Class [Lorg.objectweb.asm.SymbolTable$Entry;                                          : loaded 2 times (x 69B)
Class com.google.common.cache.CacheLoader                                             : loaded 2 times (x 74B)
Class com.google.gson.internal.bind.ReflectiveTypeAdapterFactory$Adapter              : loaded 2 times (x 77B)
Class com.google.gson.internal.bind.TypeAdapters$10                                   : loaded 2 times (x 75B)
Class com.google.common.collect.ImmutableBiMap                                        : loaded 2 times (x 143B)
Class org.jetbrains.plugins.gradle.model.ExternalDependency                           : loaded 2 times (x 70B)
Class com.intellij.util.containers.IntObjectHashMap                                   : loaded 2 times (x 72B)
Class com.google.common.collect.SortedIterable                                        : loaded 2 times (x 70B)
Class org.gradle.internal.installation.GradleInstallation$1                           : loaded 2 times (x 75B)
Class org.gradle.api.internal.classpath.ModuleRegistry                                : loaded 2 times (x 70B)
Class org.apache.commons.io.output.NullWriter                                         : loaded 2 times (x 99B)
Class com.google.common.util.concurrent.internal.InternalFutureFailureAccess          : loaded 2 times (x 72B)
Class com.google.gson.internal.bind.TypeAdapters$11                                   : loaded 2 times (x 75B)
Class [Lcom.google.gson.FieldNamingPolicy;                                            : loaded 2 times (x 69B)
Class com.android.ide.common.repository.AgpVersion$PreviewKind$Companion              : loaded 2 times (x 71B)
Class com.google.common.collect.ImmutableSet$JdkBackedSetBuilderImpl                  : loaded 2 times (x 76B)
Class com.amazon.ion.impl.bin.IonManagedBinaryWriter$SymbolState$1                    : loaded 2 times (x 80B)
Class com.amazon.ion.impl.LocalSymbolTableAsStruct$Factory                            : loaded 2 times (x 79B)
Class [Lcom.amazon.ion.IonType;                                                       : loaded 2 times (x 69B)
Class org.jetbrains.plugins.gradle.model.VersionCatalogsModel                         : loaded 2 times (x 70B)
Class com.intellij.gradle.toolingExtension.impl.model.sourceSetDependencyModel.GradleSourceSetDependencySerialisationService$SourceSetDependencyModelReadContext: loaded 2 times (x 72B)
Class com.intellij.gradle.toolingExtension.impl.model.dependencyModel.DependencyReadContext: loaded 2 times (x 72B)
Class org.gradle.tooling.internal.adapter.ObjectGraphAdapter                          : loaded 2 times (x 70B)
Class com.google.common.collect.ImmutableMultimap$Values                              : loaded 2 times (x 126B)
Class com.android.builder.model.v2.ide.Installation                                   : loaded 2 times (x 70B)
Class com.google.common.util.concurrent.AbstractFuture$UnsafeAtomicHelper             : loaded 2 times (x 78B)
Class com.google.common.cache.LocalCache$LocalManualCache$1                           : loaded 2 times (x 75B)
Class com.google.gson.internal.bind.TypeAdapters$12                                   : loaded 2 times (x 75B)
Class [Lcom.google.gson.ToNumberStrategy;                                             : loaded 2 times (x 69B)
Class org.jetbrains.plugins.gradle.model.ProjectImportModelProvider                   : loaded 2 times (x 70B)
Class org.jetbrains.plugins.gradle.model.ExternalSourceSet                            : loaded 2 times (x 70B)
Class com.amazon.ion.impl.bin.IonManagedBinaryWriter$SymbolState$2                    : loaded 2 times (x 80B)
Class com.amazon.ion.IonNull                                                          : loaded 2 times (x 70B)
Class com.intellij.gradle.toolingExtension.impl.model.warmUp.GradleTaskWarmUpRequest  : loaded 2 times (x 70B)
Class com.android.ide.gradle.model.LegacyAndroidGradlePluginPropertiesModelParameters : loaded 2 times (x 70B)
Class com.google.common.collect.ImmutableSortedAsList                                 : loaded 2 times (x 221B)
Class kotlin.text.RegexKt                                                             : loaded 2 times (x 71B)
Class kotlin.coroutines.intrinsics.IntrinsicsKt__IntrinsicsKt                         : loaded 2 times (x 71B)
Class com.android.builder.model.v2.models.ModelBuilderParameter                       : loaded 2 times (x 70B)
Class com.google.gson.internal.bind.TypeAdapters$13                                   : loaded 2 times (x 75B)
Class com.amazon.ion.impl.bin.IonRawBinaryWriter$ContainerInfo                        : loaded 2 times (x 74B)
Class com.amazon.ion.impl.bin.IonManagedBinaryWriter$SymbolState$3                    : loaded 2 times (x 80B)
Class com.amazon.ion.impl.bin.IonRawBinaryWriter$StreamFlushMode                      : loaded 2 times (x 79B)
Class com.amazon.ion.IonBinaryWriter                                                  : loaded 2 times (x 70B)
Class com.intellij.gradle.toolingExtension.impl.model.sourceSetArtifactIndex.GradleSourceSetArtifactBuildRequest: loaded 2 times (x 70B)
Class kotlin.io.FilesKt__UtilsKt                                                      : loaded 2 times (x 71B)
Class com.google.common.collect.Lists$TransformingRandomAccessList                    : loaded 2 times (x 199B)
Class kotlin.collections.CollectionsKt__CollectionsJVMKt                              : loaded 2 times (x 71B)
Class org.gradle.api.internal.classpath.DefaultModuleRegistry                         : loaded 2 times (x 86B)
Class com.google.common.util.concurrent.ListenableFuture                              : loaded 2 times (x 70B)
Class com.google.common.cache.ReferenceEntry                                          : loaded 2 times (x 70B)
Class com.google.gson.internal.bind.NumberTypeAdapter$1                               : loaded 2 times (x 76B)
Class com.google.gson.internal.bind.TypeAdapters$1                                    : loaded 2 times (x 75B)
Class com.google.gson.internal.bind.TypeAdapters$14                                   : loaded 2 times (x 75B)
Class com.google.common.base.Converter                                                : loaded 2 times (x 90B)
Class com.amazon.ion.impl.bin.IonManagedBinaryWriter$SymbolState$4                    : loaded 2 times (x 80B)
Class [Lcom.amazon.ion.util.InputStreamInterceptor;                                   : loaded 2 times (x 69B)
Class org.jetbrains.plugins.gradle.tooling.serialization.internal.IdeaProjectSerializationService$WriteContext$1: loaded 2 times (x 83B)
Class org.jetbrains.plugins.gradle.model.ExternalProject                              : loaded 2 times (x 70B)
Class kotlin.sequences.SequencesKt                                                    : loaded 2 times (x 71B)
Class kotlin.collections.CollectionsKt__IteratorsKt                                   : loaded 2 times (x 71B)
Class [Lcom.android.builder.model.v2.ide.CodeShrinker;                                : loaded 2 times (x 69B)
Class com.google.common.collect.AbstractMapBasedMultimap                              : loaded 2 times (x 139B)
Class com.google.common.util.concurrent.AbstractFuture                                : loaded 2 times (x 106B)
Class com.google.common.base.FunctionalEquivalence                                    : loaded 2 times (x 83B)
Class com.google.gson.Strictness                                                      : loaded 2 times (x 79B)
Class com.google.gson.internal.sql.SqlTypesSupport$1                                  : loaded 2 times (x 74B)
Class com.google.gson.internal.bind.TypeAdapters$2                                    : loaded 2 times (x 75B)
Class com.google.gson.internal.bind.TypeAdapters$15                                   : loaded 2 times (x 75B)
Class com.amazon.ion.impl.bin.utf8.Pool                                               : loaded 2 times (x 74B)
Class org.jetbrains.plugins.gradle.tooling.serialization.internal.IdeaProjectSerializationService$WriteContext$2: loaded 2 times (x 83B)
Class kotlin.text.StringsKt                                                           : loaded 2 times (x 71B)
Class com.google.common.collect.ImmutableMultiset                                     : loaded 2 times (x 163B)
Class org.objectweb.asm.RecordComponentVisitor                                        : loaded 2 times (x 77B)
Class com.google.common.cache.CacheLoader$SupplierToCacheLoader                       : loaded 2 times (x 75B)
Class com.google.gson.internal.sql.SqlTypesSupport$2                                  : loaded 2 times (x 74B)
Class com.google.gson.internal.bind.TypeAdapters$16                                   : loaded 2 times (x 75B)
Class com.google.gson.internal.bind.TypeAdapters$3                                    : loaded 2 times (x 75B)
Class com.amazon.ion.impl._Private_IonSymbol                                          : loaded 2 times (x 70B)
Class com.amazon.ion.impl.lite.IonValueLite                                           : loaded 2 times (x 148B)
Class com.amazon.ion.IonContainer                                                     : loaded 2 times (x 70B)
Class com.amazon.ion.impl.bin.PooledBlockAllocatorProvider                            : loaded 2 times (x 73B)
Class [Lio.opentelemetry.context.Scope;                                               : loaded 2 times (x 69B)
Class org.jetbrains.plugins.gradle.tooling.serialization.AnnotationProcessingModelSerializationService$ReadContext: loaded 2 times (x 72B)
Class org.jetbrains.plugins.gradle.tooling.serialization.internal.IdeaProjectSerializationService$WriteContext$3: loaded 2 times (x 83B)
Class gnu.trove.TObjectHash$NULL                                                      : loaded 2 times (x 71B)
Class org.gradle.util.internal.DefaultGradleVersion$Stage                             : loaded 2 times (x 75B)
Class kotlin.coroutines.jvm.internal.RestrictedContinuationImpl                       : loaded 2 times (x 87B)
Class com.google.gson.internal.bind.TypeAdapters$17                                   : loaded 2 times (x 75B)
Class com.google.gson.internal.bind.TypeAdapters$4                                    : loaded 2 times (x 75B)
Class com.google.common.collect.Maps$EntryTransformer                                 : loaded 2 times (x 70B)
Class org.jetbrains.kotlin.idea.gradleTooling.AndroidAwareGradleModelProvider         : loaded 2 times (x 79B)
Class com.intellij.gradle.toolingExtension.impl.telemetry.GradleOpenTelemetry         : loaded 2 times (x 72B)
Class org.jetbrains.plugins.gradle.tooling.serialization.internal.IdeaProjectSerializationService$WriteContext$4: loaded 2 times (x 83B)
Class com.intellij.gradle.toolingExtension.impl.model.sourceSetDependencyModel.GradleSourceSetDependencySerialisationService$Companion: loaded 2 times (x 71B)
Class [Lkotlin.Pair;                                                                  : loaded 2 times (x 69B)
Class kotlin.text.StringsKt__StringNumberConversionsKt                                : loaded 2 times (x 71B)
Class kotlin.io.FilesKt__FileReadWriteKt                                              : loaded 2 times (x 71B)
Class com.google.common.collect.UsingToStringOrdering                                 : loaded 2 times (x 114B)
Class kotlin.text.MatchNamedGroupCollection                                           : loaded 2 times (x 70B)
Class kotlin.jvm.internal.markers.KMutableList                                        : loaded 2 times (x 70B)
Class org.gradle.internal.time.MonotonicClock                                         : loaded 2 times (x 77B)
Class org.gradle.internal.service.ServiceLookupException                              : loaded 2 times (x 82B)
Class ijJvmDebugger1_1nxz8iacv3bg692g0l3pkvalm$_run_closure1$_closure2                : loaded 2 times (x 140B)
Class build_d4dk1d984209f7p9jyfr724g1$_run_closure1                                   : loaded 2 times (x 139B)
Class com.google.gson.annotations.JsonAdapter                                         : loaded 2 times (x 70B)
Class com.google.common.collect.Lists$ReverseList                                     : loaded 2 times (x 200B)
Class [Lcom.google.common.cache.LocalCache$EntryFactory;                              : loaded 2 times (x 69B)
Class com.google.gson.internal.bind.SerializationDelegatingTypeAdapter                : loaded 2 times (x 74B)
Class com.google.gson.internal.bind.TypeAdapters$18                                   : loaded 2 times (x 75B)
Class com.google.gson.internal.bind.TypeAdapters$5                                    : loaded 2 times (x 75B)
Class com.amazon.ion.BufferConfiguration$Builder                                      : loaded 2 times (x 78B)
Class com.intellij.gradle.toolingExtension.util.GradleVersionSpecificsUtil            : loaded 2 times (x 71B)
Class io.opentelemetry.context.ContextStorage                                         : loaded 2 times (x 70B)
Class org.jetbrains.plugins.gradle.tooling.serialization.internal.IdeaProjectSerializationService$WriteContext$5: loaded 2 times (x 83B)
Class com.intellij.gradle.toolingExtension.impl.model.sourceSetDependencyModel.GradleSourceSetDependencySerialisationService$SourceSetDependencyModelWriteContext: loaded 2 times (x 72B)
Class kotlin.sequences.SequencesKt___SequencesKt$sortedWith$1                         : loaded 2 times (x 75B)
Class com.google.common.collect.ImmutableSortedSet                                    : loaded 2 times (x 300B)
Class org.gradle.internal.classloader.ClassLoaderFactory                              : loaded 2 times (x 70B)
Class com.android.builder.model.v2.ide.LibraryInfo                                    : loaded 2 times (x 70B)
Class org.apache.commons.io.CloseableURLConnection                                    : loaded 2 times (x 116B)
Class com.google.common.base.CommonPattern                                            : loaded 2 times (x 74B)
Class com.google.common.cache.LocalCache$LocalManualCache                             : loaded 2 times (x 99B)
Class com.google.gson.internal.bind.ReflectiveTypeAdapterFactory$FieldReflectionAdapter: loaded 2 times (x 77B)
Class com.google.gson.internal.bind.TypeAdapters$19                                   : loaded 2 times (x 75B)
Class com.google.gson.internal.bind.TypeAdapters$6                                    : loaded 2 times (x 75B)
Class com.amazon.ion.impl.bin.IntList                                                 : loaded 2 times (x 77B)
Class com.amazon.ion.impl.lite._Private_LiteDomTrampoline                             : loaded 2 times (x 71B)
Class com.amazon.ion.IonType                                                          : loaded 2 times (x 79B)
Class org.jetbrains.plugins.gradle.tooling.serialization.internal.IdeaProjectSerializationService$WriteContext$6: loaded 2 times (x 83B)
Class org.jetbrains.plugins.gradle.tooling.util.IntObjectMap                          : loaded 2 times (x 73B)
Class org.gradle.internal.service.CachingServiceLocator                               : loaded 2 times (x 82B)
Class com.google.common.collect.Streams                                               : loaded 2 times (x 71B)
Class com.google.common.collect.AbstractMapBasedMultimap$KeySet                       : loaded 2 times (x 137B)
Class com.google.gson.annotations.SerializedName                                      : loaded 2 times (x 70B)
Class com.google.gson.internal.bind.TypeAdapters$7                                    : loaded 2 times (x 75B)
Class com.google.common.math.IntMath                                                  : loaded 2 times (x 71B)
Class com.amazon.ion.impl.lite.ValueFactoryLite                                       : loaded 2 times (x 218B)
Class org.jetbrains.plugins.gradle.model.RepositoryModels                             : loaded 2 times (x 70B)
Class org.jetbrains.plugins.gradle.tooling.serialization.internal.IdeaProjectSerializationService$WriteContext$7: loaded 2 times (x 83B)
Class com.google.common.collect.RegularImmutableSortedSet                             : loaded 2 times (x 300B)
Class kotlin.collections.AbstractList$SubList                                         : loaded 2 times (x 198B)
Class kotlin.jvm.internal.CallableReference                                           : loaded 2 times (x 110B)
Class com.google.gson.internal.bind.CollectionTypeAdapterFactory$Adapter              : loaded 2 times (x 74B)
Class com.google.gson.internal.bind.TypeAdapters$8                                    : loaded 2 times (x 75B)
Class com.google.common.collect.ImmutableMapEntry                                     : loaded 2 times (x 85B)
Class com.amazon.ion.impl.bin.WriteBuffer                                             : loaded 2 times (x 78B)
Class com.amazon.ion.impl.bin.IonManagedBinaryWriter                                  : loaded 2 times (x 165B)
Class org.jetbrains.plugins.gradle.tooling.serialization.internal.IdeaProjectSerializationService$WriteContext$8: loaded 2 times (x 83B)
Class gnu.trove.TObjectIntProcedure                                                   : loaded 2 times (x 70B)
Class [Lorg.gradle.api.JavaVersion;                                                   : loaded 2 times (x 69B)
Class kotlin.ranges.IntRange                                                          : loaded 2 times (x 93B)
Class org.gradle.tooling.model.idea.IdeaDependencyScope                               : loaded 2 times (x 70B)
Class org.gradle.internal.time.TimeSource                                             : loaded 2 times (x 70B)
Class org.gradle.tooling.model.kotlin.dsl.KotlinDslScriptsModel                       : loaded 2 times (x 70B)
Class com.google.common.collect.ImmutableMultimap                                     : loaded 2 times (x 147B)
Class com.android.builder.model.v2.ide.TestInfo                                       : loaded 2 times (x 70B)
Class com.google.common.base.Equivalence                                              : loaded 2 times (x 82B)
Class com.google.gson.internal.bind.TypeAdapters$9                                    : loaded 2 times (x 75B)
Class com.google.common.collect.ImmutableMapEntry$NonTerminalImmutableMapEntry        : loaded 2 times (x 85B)
Class com.amazon.ion.impl.lite.IonBlobLite                                            : loaded 2 times (x 220B)
Class com.amazon.ion.impl.LocalSymbolTable                                            : loaded 2 times (x 127B)
Class org.jetbrains.plugins.gradle.tooling.serialization.SerializationService         : loaded 2 times (x 70B)
Class org.gradle.tooling.internal.gradle.GradleBuildIdentity                          : loaded 2 times (x 70B)
Class kotlin.enums.EnumEntries                                                        : loaded 2 times (x 70B)
Class com.android.builder.model.v2.ide.JavaCompileOptions                             : loaded 2 times (x 70B)
Class org.apache.commons.io.output.AbstractByteArrayOutputStream                      : loaded 2 times (x 102B)
Class com.google.common.collect.IndexedImmutableSet$1                                 : loaded 2 times (x 213B)
Class com.google.common.cache.CacheBuilder$OneWeigher                                 : loaded 2 times (x 82B)
Class com.google.gson.JsonParseException                                              : loaded 2 times (x 82B)
Class com.amazon.ion.IonList                                                          : loaded 2 times (x 70B)
Class org.jetbrains.plugins.gradle.tooling.serialization.internal.adapter.Supplier    : loaded 2 times (x 70B)
Class org.gradle.tooling.internal.adapter.ProtocolToModelAdapter$MixInMappingAction   : loaded 2 times (x 80B)
Class org.gradle.internal.exceptions.ResolutionProvider                               : loaded 2 times (x 70B)
Class settings_c6b2slg1ndf4wldq80rxch94i$_run_closure1                                : loaded 2 times (x 139B)
Class com.amazon.ion.IonSystem                                                        : loaded 2 times (x 70B)
Class com.amazon.ion.impl.bin.IonManagedBinaryWriter$ImportedSymbolContext            : loaded 2 times (x 72B)
Class kotlin.text.MatchResult$DefaultImpls                                            : loaded 2 times (x 71B)
Class org.gradle.tooling.model.idea.IdeaCompilerOutput                                : loaded 2 times (x 70B)
Class org.gradle.tooling.model.ProjectIdentifier                                      : loaded 2 times (x 70B)
Class org.gradle.internal.classloader.ClasspathUtil                                   : loaded 2 times (x 71B)
Class com.android.builder.model.v2.ide.ComponentInfo                                  : loaded 2 times (x 70B)
Class com.google.common.base.Charsets                                                 : loaded 2 times (x 71B)
Class com.google.common.util.concurrent.Uninterruptibles                              : loaded 2 times (x 71B)
Class com.android.builder.model.v2.ide.ProjectType                                    : loaded 2 times (x 79B)
Class com.intellij.gradle.toolingExtension.impl.model.sourceSetModel.GradleSourceSetSerialisationService: loaded 2 times (x 77B)
Class kotlin.io.FileSystemException                                                   : loaded 2 times (x 82B)
Class com.android.builder.model.v2.dsl.BaseConfig                                     : loaded 2 times (x 70B)
Class com.google.common.collect.Maps                                                  : loaded 2 times (x 71B)
Class com.amazon.ion.impl.lite.IonIntLite                                             : loaded 2 times (x 190B)
Class com.amazon.ion.impl._Private_IonReaderBuilder$TwoElementInputStream             : loaded 2 times (x 92B)
Class com.amazon.ion.util._Private_FastAppendable                                     : loaded 2 times (x 70B)
Class [Lcom.amazon.ion.impl.bin.IonRawBinaryWriter$PreallocationMode;                 : loaded 2 times (x 69B)
Class io.opentelemetry.context.propagation.TextMapGetter                              : loaded 2 times (x 70B)
Class org.gradle.internal.time.TimeSource$1                                           : loaded 2 times (x 77B)
Class kotlin.jvm.internal.DefaultConstructorMarker                                    : loaded 2 times (x 71B)
Class org.gradle.api.specs.Spec                                                       : loaded 2 times (x 70B)
Class com.google.gson.internal.sql.SqlDateTypeAdapter                                 : loaded 2 times (x 74B)
Class [Lcom.google.common.collect.ImmutableEntry;                                     : loaded 2 times (x 69B)
Class com.amazon.ion.impl.lite.IonSexpLite                                            : loaded 2 times (x 491B)
Class com.amazon.ion.impl.lite.IonListLite                                            : loaded 2 times (x 491B)
Class com.amazon.ion.IonFloat                                                         : loaded 2 times (x 70B)
Class io.opentelemetry.context.ThreadLocalContextStorage$ScopeImpl                    : loaded 2 times (x 79B)
Class sync_studio_tooling_d4xmr6pngf9tpxv87sornrvx9                                   : loaded 2 times (x 179B)
Class com.google.common.cache.LocalCache$LoadingValueReference                        : loaded 2 times (x 96B)
Class com.amazon.ion.impl.LocalSymbolTable$Factory                                    : loaded 2 times (x 77B)
Class com.amazon.ion.impl.bin.IonManagedBinaryWriter$ImportedSymbolResolverMode       : loaded 2 times (x 80B)
Class com.intellij.gradle.toolingExtension.impl.model.buildScriptClasspathModel.GradleBuildScriptClasspathSerializationService: loaded 2 times (x 77B)
Class com.google.common.base.Platform                                                 : loaded 2 times (x 71B)
Class com.google.gson.internal.bind.ReflectiveTypeAdapterFactory$RecordAdapter        : loaded 2 times (x 77B)
Class com.amazon.ion.impl.LocalSymbolTableAsStruct                                    : loaded 2 times (x 132B)
Class com.amazon.ion.impl.lite.IonTimestampLite                                       : loaded 2 times (x 193B)
Class org.jetbrains.plugins.gradle.model.FileCollectionDependency                     : loaded 2 times (x 70B)
Class io.opentelemetry.api.trace.SpanBuilder                                          : loaded 2 times (x 70B)
Class io.opentelemetry.api.DefaultOpenTelemetry                                       : loaded 2 times (x 89B)
Class com.intellij.gradle.toolingExtension.impl.model.utilDummyModel.DummyModel       : loaded 2 times (x 70B)
Class kotlin.text.StringsKt__RegexExtensionsKt                                        : loaded 2 times (x 71B)
Class kotlin.collections.EmptyIterator                                                : loaded 2 times (x 89B)
Class org.gradle.internal.time.Clock                                                  : loaded 2 times (x 70B)
Class ijKotlinCoroutineJvmDebugInit1_84wf0hjeca84oepavwu4apobm                        : loaded 2 times (x 179B)
Class com.android.builder.model.v2.dsl.ProductFlavor                                  : loaded 2 times (x 70B)
Class [Lcom.android.builder.model.v2.ide.TestInfo$Execution;                          : loaded 2 times (x 69B)
Class com.google.gson.internal.reflect.ReflectionHelper$RecordNotSupportedHelper      : loaded 2 times (x 78B)
Class com.google.gson.JsonIOException                                                 : loaded 2 times (x 82B)
Class com.google.common.collect.Maps$8                                                : loaded 2 times (x 82B)
Class com.amazon.ion.IonString                                                        : loaded 2 times (x 70B)
Class io.opentelemetry.context.propagation.TextMapPropagator                          : loaded 2 times (x 70B)
Class org.jetbrains.plugins.gradle.model.GradleSourceSetDependencyModel               : loaded 2 times (x 70B)
Class com.google.common.collect.CompoundOrdering                                      : loaded 2 times (x 115B)
Class kotlin.sequences.SequencesKt__SequencesJVMKt                                    : loaded 2 times (x 71B)
Class kotlin.coroutines.jvm.internal.RestrictedSuspendLambda                          : loaded 2 times (x 91B)
Class org.gradle.tooling.internal.adapter.TypeInspector                               : loaded 2 times (x 73B)
Class org.gradle.tooling.internal.adapter.ProtocolToModelAdapter$NoOpDecoration       : loaded 2 times (x 79B)
Class org.gradle.tooling.model.Element                                                : loaded 2 times (x 70B)
Class kotlin.collections.AbstractList                                                 : loaded 2 times (x 197B)
Class kotlin.collections.AbstractCollection                                           : loaded 2 times (x 117B)
Class com.google.common.collect.Lists$ReverseList$1                                   : loaded 2 times (x 99B)
Class com.google.common.collect.Sets$SetView                                          : loaded 2 times (x 138B)
Class com.google.common.cache.LocalCache$StrongValueReference                         : loaded 2 times (x 90B)
Class com.google.common.util.concurrent.AbstractFuture$SynchronizedHelper             : loaded 2 times (x 78B)
Class settings_c6b2slg1ndf4wldq80rxch94i                                              : loaded 2 times (x 179B)
Class com.amazon.ion.BufferConfiguration                                              : loaded 2 times (x 72B)
Class com.amazon.ion.system.SimpleCatalog                                             : loaded 2 times (x 91B)
Class io.opentelemetry.context.ArrayBasedContext                                      : loaded 2 times (x 100B)
Class com.intellij.gradle.toolingExtension.impl.model.taskModel.GradleTaskSerialisationService: loaded 2 times (x 76B)
Class com.android.ide.gradle.model.LegacyV1AgpVersionModel                            : loaded 2 times (x 70B)
Class kotlin.text.StringsKt__StringBuilderJVMKt                                       : loaded 2 times (x 71B)
Class com.google.common.collect.ImmutableRangeSet$Builder                             : loaded 2 times (x 77B)
Class kotlin.text.Regex                                                               : loaded 2 times (x 72B)
Class kotlin.sequences.SequencesKt__SequenceBuilderKt$sequence$$inlined$Sequence$1    : loaded 2 times (x 75B)
Class org.objectweb.asm.Type                                                          : loaded 2 times (x 72B)
Class com.google.gson.LongSerializationPolicy$1                                       : loaded 2 times (x 80B)
Class org.jetbrains.plugins.gradle.tooling.util.IntObjectMap$1                        : loaded 2 times (x 77B)
Class org.gradle.tooling.model.internal.ImmutableDomainObjectSet                      : loaded 2 times (x 155B)
Class org.gradle.internal.classloader.VisitableURLClassLoader$InstrumentingVisitableURLClassLoader: loaded 2 times (x 123B)
Class com.android.builder.model.v2.ide.AndroidGradlePluginProjectFlags                : loaded 2 times (x 70B)
Class [Lcom.android.builder.model.v2.ide.AndroidGradlePluginProjectFlags$BooleanFlag; : loaded 2 times (x 69B)
Class com.android.builder.model.v2.ide.BasicVariant                                   : loaded 2 times (x 70B)
Class org.objectweb.asm.ByteVector                                                    : loaded 2 times (x 79B)
Class [Lcom.google.common.cache.CacheBuilder$NullListener;                            : loaded 2 times (x 69B)
Class com.google.gson.LongSerializationPolicy$2                                       : loaded 2 times (x 80B)
Class com.google.common.math.IntMath$1                                                : loaded 2 times (x 71B)
Class [Lcom.amazon.ion.impl.bin.IonRawBinaryWriter$StreamFlushMode;                   : loaded 2 times (x 69B)
Class com.amazon.ion.UnsupportedIonVersionException                                   : loaded 2 times (x 85B)
Class io.opentelemetry.api.trace.SpanId                                               : loaded 2 times (x 71B)
Class kotlin.comparisons.ComparisonsKt__ComparisonsKt                                 : loaded 2 times (x 71B)
Class kotlin.ranges.RangesKt__RangesKt                                                : loaded 2 times (x 71B)
Class kotlin.collections.SetsKt___SetsKt                                              : loaded 2 times (x 71B)
Class kotlin.sequences.SequencesKt__SequencesKt                                       : loaded 2 times (x 71B)
Class kotlin.coroutines.Continuation                                                  : loaded 2 times (x 70B)
Class org.gradle.internal.classloader.VisitableURLClassLoader$Spec                    : loaded 2 times (x 74B)
Class org.gradle.internal.classpath.DefaultClassPath                                  : loaded 2 times (x 90B)
Class com.android.builder.model.v2.ide.BundleInfo                                     : loaded 2 times (x 70B)
Class com.android.builder.model.v2.ide.SourceProvider                                 : loaded 2 times (x 70B)
Class org.objectweb.asm.Symbol                                                        : loaded 2 times (x 73B)
Class com.amazon.ion.impl.bin.IonManagedBinaryWriter$SymbolState                      : loaded 2 times (x 80B)
Class com.amazon.ion.IonStruct                                                        : loaded 2 times (x 70B)
Class org.jetbrains.plugins.gradle.model.GradleBuildScriptClasspathModel              : loaded 2 times (x 70B)
Class kotlin.sequences.FilteringSequence                                              : loaded 2 times (x 75B)
Class kotlin.text.CharsKt__CharJVMKt                                                  : loaded 2 times (x 71B)
Class kotlin.comparisons.ComparisonsKt                                                : loaded 2 times (x 71B)
Class kotlin.comparisons.ComparisonsKt___ComparisonsKt                                : loaded 2 times (x 71B)
Class kotlin.coroutines.jvm.internal.BaseContinuationImpl                             : loaded 2 times (x 87B)
Class kotlin.Result$Companion                                                         : loaded 2 times (x 71B)
Class org.gradle.util.internal.DefaultGradleVersion                                   : loaded 2 times (x 82B)
Class [Lcom.google.gson.Strictness;                                                   : loaded 2 times (x 69B)
Class com.google.gson.reflect.TypeToken                                               : loaded 2 times (x 75B)
Class com.google.common.collect.RegularImmutableMap$Values                            : loaded 2 times (x 207B)
Class [Lio.opentelemetry.context.ThreadLocalContextStorage;                           : loaded 2 times (x 69B)
Class org.gradle.internal.classloader.ClassLoaderSpec                                 : loaded 2 times (x 71B)
Class org.objectweb.asm.AnnotationWriter                                              : loaded 2 times (x 79B)
Class com.google.common.cache.CacheStats                                              : loaded 2 times (x 71B)
Class com.google.gson.internal.sql.SqlTimestampTypeAdapter$1                          : loaded 2 times (x 75B)
Class com.google.gson.JsonPrimitive                                                   : loaded 2 times (x 93B)
Class com.amazon.ion.impl.IonWriterSystemTextMarkup                                   : loaded 2 times (x 192B)
Class com.amazon.ion.impl.bin.BlockAllocator                                          : loaded 2 times (x 80B)
Class kotlin.jvm.internal.FunctionReferenceImpl                                       : loaded 2 times (x 126B)
Class kotlin.collections.CollectionsKt___CollectionsJvmKt                             : loaded 2 times (x 71B)
Class com.google.common.collect.ImmutableMultisetGwtSerializationDependencies         : loaded 2 times (x 125B)
Class [Lcom.google.gson.ReflectionAccessFilter$FilterResult;                          : loaded 2 times (x 69B)
Class org.objectweb.asm.RecordComponentWriter                                         : loaded 2 times (x 78B)
Class [Lcom.android.builder.model.v2.ide.ProjectType;                                 : loaded 2 times (x 69B)
Class com.google.common.util.concurrent.AbstractFuture$Listener                       : loaded 2 times (x 72B)
Class com.google.gson.JsonElement                                                     : loaded 2 times (x 92B)
Class com.amazon.ion.system.IonWriterBuilderBase                                      : loaded 2 times (x 83B)
Class io.opentelemetry.api.trace.Tracer                                               : loaded 2 times (x 70B)
Class kotlin.TuplesKt                                                                 : loaded 2 times (x 71B)
Class kotlin.jvm.internal.markers.KMutableIterable                                    : loaded 2 times (x 70B)
Class kotlin.Unit                                                                     : loaded 2 times (x 71B)
Class kotlin.sequences.SequencesKt___SequencesJvmKt                                   : loaded 2 times (x 71B)
Class org.gradle.tooling.internal.adapter.ProtocolToModelAdapter$DefaultViewBuilder   : loaded 2 times (x 80B)
Class [Lcom.android.builder.model.v2.ide.AaptOptions$Namespacing;                     : loaded 2 times (x 69B)
Class com.android.ide.common.gradle.Version$Companion$ParseState                      : loaded 2 times (x 70B)
Class org.objectweb.asm.Attribute                                                     : loaded 2 times (x 77B)
Class com.google.common.base.Supplier                                                 : loaded 2 times (x 70B)
Class com.google.gson.internal.bind.CollectionTypeAdapterFactory                      : loaded 2 times (x 75B)
Class io.opentelemetry.api.trace.ArrayBasedTraceState                                 : loaded 2 times (x 86B)
Class io.opentelemetry.context.ContextKey                                             : loaded 2 times (x 70B)
Class io.opentelemetry.context.propagation.TextMapSetter                              : loaded 2 times (x 70B)
Class kotlin.ranges.RangesKt                                                          : loaded 2 times (x 71B)
Class org.gradle.tooling.internal.adapter.ProtocolToModelAdapter$ViewGraphDetails$1   : loaded 2 times (x 77B)
Class org.gradle.internal.classloader.VisitableURLClassLoader                         : loaded 2 times (x 117B)
Class com.google.common.util.concurrent.AbstractFuture$Waiter                         : loaded 2 times (x 72B)
Class com.android.ide.common.repository.AgpVersion$Companion                          : loaded 2 times (x 71B)
Class [Lcom.amazon.ion.SymbolTable;                                                   : loaded 2 times (x 69B)
Class com.amazon.ion.impl.bin.IonBinaryWriterAdapter$Factory                          : loaded 2 times (x 70B)
Class com.amazon.ion.impl.BlockedBuffer$BufferedOutputStream                          : loaded 2 times (x 90B)
Class org.jetbrains.plugins.gradle.tooling.serialization.ExternalTestsSerializationService$ReadContext: loaded 2 times (x 72B)
Class kotlin.sequences.FlatteningSequence$iterator$1                                  : loaded 2 times (x 79B)
Class kotlin.jvm.functions.Function0                                                  : loaded 2 times (x 70B)
Class kotlin.collections.ArraysUtilJVM                                                : loaded 2 times (x 71B)
Class org.gradle.tooling.model.idea.IdeaDependency                                    : loaded 2 times (x 70B)
Class com.android.builder.model.v2.ide.AaptOptions                                    : loaded 2 times (x 70B)
Class [Lcom.android.builder.model.v2.ide.BytecodeTransformation;                      : loaded 2 times (x 69B)
Class com.google.common.base.Strings                                                  : loaded 2 times (x 71B)
Class com.android.ide.common.gradle.Version$Companion                                 : loaded 2 times (x 71B)
Class com.google.common.collect.Sets                                                  : loaded 2 times (x 71B)
Class org.objectweb.asm.Handler                                                       : loaded 2 times (x 72B)
Class com.google.common.base.Ticker                                                   : loaded 2 times (x 72B)
Class com.google.gson.internal.bind.TreeTypeAdapter                                   : loaded 2 times (x 75B)
Class com.google.gson.internal.sql.SqlTimeTypeAdapter                                 : loaded 2 times (x 74B)
Class com.amazon.ion.impl.bin.AbstractIonWriter$WriteValueOptimization                : loaded 2 times (x 79B)
Class kotlin.collections.AbstractMutableList                                          : loaded 2 times (x 206B)
Class kotlin.jvm.functions.Function1                                                  : loaded 2 times (x 70B)
Class com.android.builder.model.v2.models.ndk.NativeModelBuilderParameter             : loaded 2 times (x 70B)
Class [Lcom.google.common.cache.LocalCache$Segment;                                   : loaded 2 times (x 69B)
Class [Lcom.google.common.cache.LocalCache$Strength;                                  : loaded 2 times (x 69B)
Class com.google.common.cache.CacheBuilder$1                                          : loaded 2 times (x 85B)
Class com.google.gson.internal.bind.TypeAdapters$20                                   : loaded 2 times (x 75B)
Class com.google.common.collect.ImmutableMap                                          : loaded 2 times (x 120B)
Class com.amazon.ion.impl.bin.BlockAllocatorProvider                                  : loaded 2 times (x 72B)
Class io.opentelemetry.api.trace.ArrayBasedTraceStateBuilder                          : loaded 2 times (x 77B)
Class org.jetbrains.plugins.gradle.tooling.serialization.internal.IdeaProjectSerializationService$WriteContext: loaded 2 times (x 72B)
Class com.intellij.gradle.toolingExtension.impl.model.sourceSetDependencyModel.GradleSourceSetDependencySerialisationService: loaded 2 times (x 77B)
Class org.jetbrains.plugins.gradle.model.GradleSourceSetModel                         : loaded 2 times (x 70B)
Class kotlin.KotlinNothingValueException                                              : loaded 2 times (x 82B)
Class kotlin.jvm.functions.Function2                                                  : loaded 2 times (x 70B)
Class org.gradle.internal.classpath.DefaultClassPath$ImmutableUniqueList$Builder      : loaded 2 times (x 75B)
Class com.google.common.cache.LocalCache                                              : loaded 2 times (x 187B)
Class com.google.common.cache.CacheBuilder$2                                          : loaded 2 times (x 79B)
Class com.google.gson.internal.bind.TypeAdapters$21                                   : loaded 2 times (x 75B)
Class com.google.gson.FieldNamingPolicy$1                                             : loaded 2 times (x 83B)
Class com.amazon.ion.impl.lite.IonSequenceLite                                        : loaded 2 times (x 433B)
Class com.amazon.ion.impl._Private_Utils$1                                            : loaded 2 times (x 98B)
Class com.amazon.ion.impl.SymbolTableAsStruct                                         : loaded 2 times (x 70B)
Class io.opentelemetry.api.trace.TracerProvider                                       : loaded 2 times (x 70B)
Class com.android.ide.gradle.model.dependencies.Coordinates                           : loaded 2 times (x 70B)
Class com.google.common.collect.AbstractRangeSet                                      : loaded 2 times (x 114B)
Class kotlin.collections.MapsKt___MapsJvmKt                                           : loaded 2 times (x 71B)
Class org.gradle.tooling.internal.adapter.WeakIdentityHashMap$AbsentValueProvider     : loaded 2 times (x 70B)
Class com.google.common.collect.ArrayListMultimap                                     : loaded 2 times (x 172B)
Class com.google.common.cache.CacheBuilder$3                                          : loaded 2 times (x 72B)
Class com.google.gson.internal.bind.TypeAdapters$22                                   : loaded 2 times (x 75B)
Class com.google.gson.FieldNamingPolicy$2                                             : loaded 2 times (x 83B)
Class com.google.gson.internal.Excluder$1                                             : loaded 2 times (x 74B)
Class [Lcom.google.common.collect.AbstractMapEntry;                                   : loaded 2 times (x 69B)
Class com.google.common.collect.ImmutableEntry                                        : loaded 2 times (x 82B)
Class com.amazon.ion.impl.bin.AbstractIonWriter                                       : loaded 2 times (x 160B)
Class io.opentelemetry.api.trace.AutoValue_ArrayBasedTraceState                       : loaded 2 times (x 87B)
Class gnu.trove.TObjectHash                                                           : loaded 2 times (x 94B)
Class org.jetbrains.plugins.gradle.tooling.util.ObjectCollector$Processor             : loaded 2 times (x 70B)
Class kotlin.jvm.functions.Function4                                                  : loaded 2 times (x 70B)
Class kotlin.collections.EmptySet                                                     : loaded 2 times (x 122B)
Class kotlin.annotation.Target                                                        : loaded 2 times (x 70B)
Class kotlin.collections.CollectionsKt___CollectionsKt                                : loaded 2 times (x 71B)
Class org.gradle.internal.exceptions.NonGradleCauseExceptionsHolder                   : loaded 2 times (x 70B)
Class org.gradle.tooling.model.idea.IdeaModuleDependency                              : loaded 2 times (x 70B)
Class org.gradle.tooling.internal.adapter.ViewBuilder                                 : loaded 2 times (x 70B)
Class com.android.builder.model.v2.ide.AndroidLibraryData                             : loaded 2 times (x 70B)
Class com.android.builder.model.v2.ide.ApiVersion                                     : loaded 2 times (x 70B)
Class org.apache.commons.io.StandardLineSeparator                                     : loaded 2 times (x 79B)
Class com.android.ide.common.gradle.Version                                           : loaded 2 times (x 75B)
Class com.google.gson.internal.bind.TypeAdapters$23                                   : loaded 2 times (x 75B)
Class com.google.gson.FieldNamingPolicy$3                                             : loaded 2 times (x 83B)
Class com.google.common.collect.CollectPreconditions                                  : loaded 2 times (x 71B)
Class com.amazon.ion.system.IonReaderBuilder                                          : loaded 2 times (x 95B)
Class io.opentelemetry.api.trace.TraceState                                           : loaded 2 times (x 70B)
Class org.jetbrains.plugins.gradle.model.AnnotationProcessingConfig                   : loaded 2 times (x 70B)
Class com.amazon.ion.IonReader                                                        : loaded 2 times (x 70B)
Class gnu.trove.Equality                                                              : loaded 2 times (x 70B)
Class kotlin.text.StringsKt___StringsJvmKt                                            : loaded 2 times (x 71B)
Class kotlin.reflect.KDeclarationContainer                                            : loaded 2 times (x 70B)
Class kotlin.annotation.Retention                                                     : loaded 2 times (x 70B)
Class com.android.builder.model.v2.models.Versions$Version                            : loaded 2 times (x 70B)
Class com.google.gson.internal.bind.TypeAdapters$24                                   : loaded 2 times (x 75B)
Class com.google.gson.FieldNamingPolicy$4                                             : loaded 2 times (x 83B)
Class com.google.common.collect.SortedMapDifference                                   : loaded 2 times (x 70B)
Class com.amazon.ion.IonClob                                                          : loaded 2 times (x 70B)
Class io.opentelemetry.context.LazyStorage                                            : loaded 2 times (x 71B)
Class org.jetbrains.plugins.gradle.tooling.ModelBuilderService$Parameter              : loaded 2 times (x 70B)
Class kotlin.io.FilesKt                                                               : loaded 2 times (x 71B)
Class kotlin.collections.MapsKt___MapsKt                                              : loaded 2 times (x 71B)
Class kotlin.collections.ArraysKt___ArraysKt                                          : loaded 2 times (x 71B)
Class com.google.common.cache.LocalCache$WriteThroughEntry                            : loaded 2 times (x 79B)
Class com.google.common.cache.LocalCache$HashIterator                                 : loaded 2 times (x 86B)
Class com.google.common.cache.LocalCache$EntryFactory                                 : loaded 2 times (x 83B)
Class com.google.gson.internal.bind.TypeAdapters$25                                   : loaded 2 times (x 75B)
Class com.google.gson.FieldNamingPolicy$5                                             : loaded 2 times (x 83B)
Class com.amazon.ion.impl.lite.IonLobLite                                             : loaded 2 times (x 185B)
Class com.amazon.ion.impl.lite.IonTextLite                                            : loaded 2 times (x 182B)
Class com.amazon.ion.IonNumber                                                        : loaded 2 times (x 70B)
Class gnu.trove.TObjectHashingStrategy                                                : loaded 2 times (x 70B)
Class kotlin.collections.MapsKt__MapWithDefaultKt                                     : loaded 2 times (x 71B)
Class org.gradle.tooling.internal.adapter.ProtocolToModelAdapter$ReflectionMethodInvoker: loaded 2 times (x 76B)
Class [Lcom.android.ide.common.gradle.Separator;                                      : loaded 2 times (x 69B)
Class com.google.common.cache.LocalCache$AbstractReferenceEntry                       : loaded 2 times (x 107B)
Class com.google.gson.internal.bind.ArrayTypeAdapter                                  : loaded 2 times (x 74B)
Class com.google.gson.internal.bind.TypeAdapters$26                                   : loaded 2 times (x 75B)
Class com.google.gson.FieldNamingPolicy$6                                             : loaded 2 times (x 83B)
Class [Lcom.amazon.ion.impl.bin.IonManagedBinaryWriter$UserState;                     : loaded 2 times (x 69B)
Class com.amazon.ion.impl.bin.utf8.Utf8StringEncoder                                  : loaded 2 times (x 80B)
Class com.amazon.ion.IonBool                                                          : loaded 2 times (x 70B)
Class kotlin.text.StringsKt___StringsKt                                               : loaded 2 times (x 71B)
Class com.google.common.collect.NullsLastOrdering                                     : loaded 2 times (x 115B)
Class kotlin.collections.CollectionsKt__MutableCollectionsJVMKt                       : loaded 2 times (x 71B)
Class kotlin.enums.EnumEntriesKt                                                      : loaded 2 times (x 71B)
Class com.android.builder.model.v2.models.VariantDependencies                         : loaded 2 times (x 70B)
Class com.google.gson.internal.reflect.ReflectionHelper                               : loaded 2 times (x 71B)
Class org.objectweb.asm.SymbolTable                                                   : loaded 2 times (x 72B)
Class com.google.common.cache.CacheLoader$InvalidCacheLoadException                   : loaded 2 times (x 82B)
Class com.google.gson.internal.bind.TypeAdapters$27                                   : loaded 2 times (x 75B)
Class com.google.gson.FieldNamingPolicy$7                                             : loaded 2 times (x 83B)
Class com.amazon.ion.IonLoader                                                        : loaded 2 times (x 70B)
Class io.opentelemetry.context.propagation.NoopTextMapPropagator                      : loaded 2 times (x 76B)
Class com.intellij.gradle.toolingExtension.model.repositoryModel.ProjectRepositoriesModel: loaded 2 times (x 70B)
Class org.jetbrains.plugins.gradle.model.GradleProperty                               : loaded 2 times (x 70B)
Class gnu.trove.TObjectCanonicalHashingStrategy                                       : loaded 2 times (x 78B)
Class com.google.common.collect.ImmutableRangeSet$ComplementRanges                    : loaded 2 times (x 207B)
Class org.gradle.internal.classloader.SystemClassLoaderSpec                           : loaded 2 times (x 71B)
Class com.android.builder.model.v2.ide.TestedTargetVariant                            : loaded 2 times (x 70B)
Class com.google.common.cache.LocalCache$StrongEntry                                  : loaded 2 times (x 108B)
Class com.google.common.util.concurrent.AbstractFuture$TrustedFuture                  : loaded 2 times (x 114B)
Class com.google.common.cache.LoadingCache                                            : loaded 2 times (x 70B)
Class [Lcom.google.gson.LongSerializationPolicy;                                      : loaded 2 times (x 69B)
Class com.amazon.ion.impl._Private_Utils                                              : loaded 2 times (x 71B)
Class kotlin.ranges.IntRange$Companion                                                : loaded 2 times (x 71B)
Class kotlin.text.MatcherMatchResult$groups$1                                         : loaded 2 times (x 151B)
Class kotlin.collections.EmptyMap                                                     : loaded 2 times (x 108B)
Class kotlin.reflect.KAnnotatedElement                                                : loaded 2 times (x 70B)
Class kotlin.jvm.internal.markers.KMutableCollection                                  : loaded 2 times (x 70B)
Class kotlin.coroutines.intrinsics.IntrinsicsKt                                       : loaded 2 times (x 71B)
Class org.gradle.internal.exceptions.MultiCauseException                              : loaded 2 times (x 70B)
Class org.gradle.internal.time.CountdownTimer                                         : loaded 2 times (x 70B)
Class kotlin.jvm.internal.Intrinsics                                                  : loaded 2 times (x 71B)
Class org.objectweb.asm.MethodWriter                                                  : loaded 2 times (x 106B)
Class [Lcom.google.common.cache.Weigher;                                              : loaded 2 times (x 69B)
Class com.google.gson.internal.bind.MapTypeAdapterFactory                             : loaded 2 times (x 75B)
Class com.google.gson.internal.bind.TypeAdapters$29                                   : loaded 2 times (x 75B)
Class com.google.gson.JsonNull                                                        : loaded 2 times (x 92B)
Class com.google.common.collect.RegularImmutableMap$BucketOverflowException           : loaded 2 times (x 82B)
Class io.opentelemetry.api.trace.Span                                                 : loaded 2 times (x 70B)
Class com.intellij.gradle.toolingExtension.impl.model.projectModel.GradleExternalProjectSerializationService$ReadContext: loaded 2 times (x 73B)
Class com.intellij.gradle.toolingExtension.impl.model.dependencyModel.DependencyWriteContext: loaded 2 times (x 72B)
Class kotlin.collections.MapsKt                                                       : loaded 2 times (x 71B)
Class kotlin.coroutines.intrinsics.CoroutineSingletons                                : loaded 2 times (x 79B)
Class kotlin.collections.CollectionsKt__IterablesKt                                   : loaded 2 times (x 71B)
Class org.gradle.tooling.model.ProjectModel                                           : loaded 2 times (x 70B)
Class com.google.common.collect.ImmutableMultimap$1                                   : loaded 2 times (x 82B)
Class com.android.ide.common.gradle.Version$Companion$ParseState$EMPTY                : loaded 2 times (x 74B)
Class org.jetbrains.plugins.gradle.model.GradleConfiguration                          : loaded 2 times (x 70B)
Class com.amazon.ion.impl.bin.utf8.Utf8StringEncoderPool                              : loaded 2 times (x 74B)
Class com.amazon.ion.impl._Private_IonSystem                                          : loaded 2 times (x 70B)
Class com.amazon.ion.BufferConfiguration$OversizedValueHandler                        : loaded 2 times (x 70B)
Class kotlin.ranges.OpenEndRange                                                      : loaded 2 times (x 70B)
Class kotlin.sequences.SequenceBuilderIterator                                        : loaded 2 times (x 85B)
Class kotlin.KotlinNullPointerException                                               : loaded 2 times (x 83B)
Class com.google.common.collect.ImmutableMultimap$2                                   : loaded 2 times (x 81B)
Class com.android.ide.common.repository.AgpVersion$Companion$WhenMappings             : loaded 2 times (x 71B)
Class com.google.common.collect.RegularImmutableBiMap                                 : loaded 2 times (x 149B)
Class com.google.common.cache.LocalCache$ValueReference                               : loaded 2 times (x 70B)
Class com.google.gson.internal.bind.DefaultDateTypeAdapter$DateType$1                 : loaded 2 times (x 73B)
Class com.amazon.ion.IonDecimal                                                       : loaded 2 times (x 70B)
Class io.opentelemetry.api.OpenTelemetry                                              : loaded 2 times (x 70B)
Class org.jetbrains.plugins.gradle.model.tests.ExternalTestsModel                     : loaded 2 times (x 70B)
Class kotlin.ranges.RangesKt___RangesKt                                               : loaded 2 times (x 71B)
Class org.gradle.tooling.model.idea.IdeaLanguageLevel                                 : loaded 2 times (x 70B)
Class org.gradle.tooling.internal.adapter.ProtocolToModelAdapter$SafeMethodInvoker    : loaded 2 times (x 76B)
Class org.gradle.tooling.internal.adapter.WeakIdentityHashMap$WeakKey                 : loaded 2 times (x 79B)
Class org.gradle.internal.exceptions.DefaultMultiCauseException                       : loaded 2 times (x 95B)
Class com.google.common.hash.PrimitiveSink                                            : loaded 2 times (x 70B)
Class com.android.builder.model.v2.ide.ProjectInfo                                    : loaded 2 times (x 70B)
Class com.google.common.base.PatternCompiler                                          : loaded 2 times (x 70B)
Class com.google.common.util.concurrent.AbstractFuture$Failure                        : loaded 2 times (x 72B)
Class com.google.common.base.Equivalence$Equals                                       : loaded 2 times (x 82B)
Class com.google.gson.internal.LazilyParsedNumber                                     : loaded 2 times (x 78B)
Class com.google.common.collect.Hashing                                               : loaded 2 times (x 71B)
Class com.amazon.ion.impl.bin.IonRawBinaryWriter$StreamCloseMode                      : loaded 2 times (x 79B)
Class com.amazon.ion.impl._Private_IonBinaryWriterBuilder$Mutable                     : loaded 2 times (x 115B)
Class io.opentelemetry.api.trace.PropagatedSpan                                       : loaded 2 times (x 112B)
Class com.intellij.gradle.toolingExtension.impl.model.projectModel.GradleExternalProjectSerializationService: loaded 2 times (x 77B)
Class kotlin.text.CharsKt__CharKt                                                     : loaded 2 times (x 71B)
Class kotlin.collections.ArrayDeque$Companion                                         : loaded 2 times (x 71B)
Class kotlin.collections.ArraysKt                                                     : loaded 2 times (x 71B)
Class org.gradle.tooling.model.HierarchicalElement                                    : loaded 2 times (x 70B)
Class com.android.builder.model.v2.dsl.DependenciesInfo                               : loaded 2 times (x 70B)
Class org.objectweb.asm.Label                                                         : loaded 2 times (x 73B)
Class org.objectweb.asm.CurrentFrame                                                  : loaded 2 times (x 73B)
Class org.objectweb.asm.ClassTooLargeException                                        : loaded 2 times (x 83B)
Class com.google.gson.stream.JsonReader                                               : loaded 2 times (x 97B)
Class com.amazon.ion.impl.bin.IonRawBinaryWriter$PatchPoint                           : loaded 2 times (x 72B)
Class com.amazon.ion.IonSequence                                                      : loaded 2 times (x 70B)
Class com.amazon.ion.IonBlob                                                          : loaded 2 times (x 70B)
Class com.amazon.ion.IonLob                                                           : loaded 2 times (x 70B)
Class io.opentelemetry.api.trace.TraceFlags                                           : loaded 2 times (x 70B)
Class org.jetbrains.plugins.gradle.tooling.serialization.ExternalTestsSerializationService: loaded 2 times (x 77B)
Class com.google.common.collect.ByFunctionOrdering                                    : loaded 2 times (x 115B)
Class kotlin.collections.SetsKt__SetsKt                                               : loaded 2 times (x 71B)
Class kotlin.coroutines.EmptyCoroutineContext                                         : loaded 2 times (x 77B)
Class org.gradle.internal.time.Time                                                   : loaded 2 times (x 71B)
Class com.android.builder.model.v2.models.ProjectGraph                                : loaded 2 times (x 70B)
Class com.android.ide.common.gradle.Version$Companion$ParseState$NUMERIC              : loaded 2 times (x 74B)
Class com.google.gson.internal.reflect.ReflectionHelper$RecordSupportedHelper         : loaded 2 times (x 78B)
Class org.objectweb.asm.Frame                                                         : loaded 2 times (x 73B)
Class org.objectweb.asm.MethodVisitor                                                 : loaded 2 times (x 105B)
Class com.google.common.cache.LocalCache$EntryFactory$1                               : loaded 2 times (x 83B)
Class [Lcom.google.common.cache.RemovalListener;                                      : loaded 2 times (x 69B)
Class com.android.ide.common.repository.AgpVersion$PreviewKind                        : loaded 2 times (x 79B)
Class com.amazon.ion.system.IonTextWriterBuilder                                      : loaded 2 times (x 98B)
Class com.amazon.ion.impl.bin.IonManagedBinaryWriter$ImportedSymbolResolverMode$1$1$1 : loaded 2 times (x 76B)
Class com.amazon.ion.impl._Private_LocalSymbolTableFactory                            : loaded 2 times (x 70B)
Class org.jetbrains.plugins.gradle.tooling.serialization.AnnotationProcessingModelSerializationService: loaded 2 times (x 77B)
Class kotlin.collections.ArraysKt__ArraysJVMKt                                        : loaded 2 times (x 71B)
Class com.google.common.cache.LocalCache$EntryFactory$2                               : loaded 2 times (x 83B)
Class com.google.gson.internal.bind.JsonAdapterAnnotationTypeAdapterFactory           : loaded 2 times (x 75B)
Class com.amazon.ion.impl.lite.IonNullLite                                            : loaded 2 times (x 176B)
Class org.jetbrains.plugins.gradle.model.DependencyAccessorsModel                     : loaded 2 times (x 70B)
Class [Lcom.intellij.openapi.externalSystem.model.project.dependencies.ResolutionState;: loaded 2 times (x 69B)
Class gnu.trove.TObjectIntHashMap                                                     : loaded 2 times (x 109B)
Class kotlin.text.StringsKt__StringBuilderKt                                          : loaded 2 times (x 71B)
Class com.google.common.collect.RangeSet                                              : loaded 2 times (x 70B)
Class kotlin.jvm.internal.CallableReference$NoReceiver                                : loaded 2 times (x 71B)
Class org.gradle.api.internal.classpath.GlobalCacheRootsProvider                      : loaded 2 times (x 70B)
Class org.objectweb.asm.ModuleWriter                                                  : loaded 2 times (x 82B)
Class com.google.common.cache.LocalCache$EntryFactory$3                               : loaded 2 times (x 83B)
Class com.google.common.base.Ticker$1                                                 : loaded 2 times (x 72B)
Class com.google.gson.internal.bind.NumberTypeAdapter                                 : loaded 2 times (x 74B)
Class com.google.common.collect.Maps$BiMapConverter                                   : loaded 2 times (x 90B)
Class com.google.common.collect.ImmutableMapEntrySet$RegularEntrySet                  : loaded 2 times (x 152B)
Class com.amazon.ion.impl.lite.IonClobLite                                            : loaded 2 times (x 221B)
Class com.amazon.ion.impl._Private_ValueFactory                                       : loaded 2 times (x 70B)
Class com.amazon.ion.impl.bin.IonRawBinaryWriter$PreallocationMode$1                  : loaded 2 times (x 82B)
Class [Lcom.amazon.ion.impl.bin._Private_IonManagedBinaryWriterBuilder$AllocatorMode; : loaded 2 times (x 69B)
Class org.jetbrains.kotlin.idea.gradleTooling.KotlinMPPGradleModel                    : loaded 2 times (x 70B)
Class io.opentelemetry.context.propagation.ContextPropagators                         : loaded 2 times (x 70B)
Class com.intellij.gradle.toolingExtension.impl.model.dependencyDownloadPolicyModel.GradleDependencyDownloadPolicy: loaded 2 times (x 70B)
Class org.gradle.tooling.model.BuildIdentifier                                        : loaded 2 times (x 70B)
Class kotlin.NoWhenBranchMatchedException                                             : loaded 2 times (x 82B)
Class com.android.builder.model.v2.ide.VectorDrawablesOptions                         : loaded 2 times (x 70B)
Class com.google.common.cache.LocalCache$EntryFactory$4                               : loaded 2 times (x 83B)
Class com.google.gson.ToNumberPolicy$1                                                : loaded 2 times (x 83B)
Class [Lcom.google.gson.FieldNamingStrategy;                                          : loaded 2 times (x 69B)
Class com.google.gson.internal.Excluder                                               : loaded 2 times (x 75B)
Class com.google.common.collect.ImmutableSet$Builder                                  : loaded 2 times (x 85B)
Class com.amazon.ion.IonInt                                                           : loaded 2 times (x 70B)
Class com.amazon.ion.impl.bin.IonRawBinaryWriter$PreallocationMode$2                  : loaded 2 times (x 82B)
Class org.jetbrains.kotlin.idea.gradleTooling.PrepareKotlinIdeImportTaskModel         : loaded 2 times (x 70B)
Class com.android.builder.model.v2.ide.Edge                                           : loaded 2 times (x 70B)
Class com.android.builder.model.v2.models.VariantDependenciesFlatList                 : loaded 2 times (x 70B)
Class com.google.gson.internal.ReflectionAccessFilterHelper                           : loaded 2 times (x 71B)
Class com.google.gson.internal.reflect.ReflectionHelper$RecordHelper                  : loaded 2 times (x 75B)
Class com.google.common.cache.LocalCache$EntryFactory$5                               : loaded 2 times (x 83B)
Class com.google.gson.ToNumberPolicy$2                                                : loaded 2 times (x 83B)
Class com.amazon.ion.impl.bin.IonRawBinaryWriter$PreallocationMode$3                  : loaded 2 times (x 82B)
Class com.android.ide.gradle.model.GradlePluginModel                                  : loaded 2 times (x 70B)
Class com.google.common.collect.ReverseOrdering                                       : loaded 2 times (x 115B)
Class org.gradle.tooling.model.build.JavaEnvironment                                  : loaded 2 times (x 70B)
Class com.android.builder.model.v2.ide.SourceSetContainer                             : loaded 2 times (x 70B)
Class org.apache.commons.io.output.AppendableWriter                                   : loaded 2 times (x 100B)
Class com.google.gson.internal.bind.ReflectiveTypeAdapterFactory$FieldsData           : loaded 2 times (x 72B)
Class com.google.common.cache.LocalCache$EntryFactory$6                               : loaded 2 times (x 83B)
Class com.google.gson.ToNumberPolicy$3                                                : loaded 2 times (x 83B)
Class org.jetbrains.plugins.gradle.model.GradleExtension                              : loaded 2 times (x 70B)
Class com.amazon.ion.impl.lite.IonDecimalLite                                         : loaded 2 times (x 189B)
Class com.amazon.ion.IonBufferConfiguration$Builder                                   : loaded 2 times (x 78B)
Class org.gradle.internal.time.Timer                                                  : loaded 2 times (x 70B)
Class kotlin.jvm.internal.markers.KMappedMarker                                       : loaded 2 times (x 70B)
Class org.gradle.internal.installation.CurrentGradleInstallationLocator               : loaded 2 times (x 71B)
Class com.google.common.collect.ImmutableMultimap$Builder                             : loaded 2 times (x 86B)
Class com.android.builder.model.v2.ide.LintOptions                                    : loaded 2 times (x 70B)
Class org.apache.commons.io.output.ThresholdingOutputStream                           : loaded 2 times (x 95B)
Class com.google.common.collect.Maps$KeySet                                           : loaded 2 times (x 137B)
Class com.google.common.cache.LocalCache$EntryFactory$7                               : loaded 2 times (x 83B)
Class com.google.gson.ToNumberPolicy$4                                                : loaded 2 times (x 83B)
Class com.google.common.collect.ImmutableSet$EmptySetBuilderImpl                      : loaded 2 times (x 76B)
Class [Lcom.amazon.ion.impl.bin.IonRawBinaryWriter$ContainerType;                     : loaded 2 times (x 69B)
Class org.gradle.tooling.internal.adapter.ProtocolToModelAdapter$ViewGraphDetails     : loaded 2 times (x 72B)
Class org.gradle.tooling.model.idea.IdeaProject                                       : loaded 2 times (x 70B)
Class org.gradle.tooling.model.DomainObjectSet                                        : loaded 2 times (x 70B)
Class org.gradle.internal.service.DefaultServiceLocator                               : loaded 2 times (x 83B)
Class com.google.common.collect.ImmutableMultimap$EntryCollection                     : loaded 2 times (x 128B)
Class com.android.builder.model.v2.ide.BasicArtifact                                  : loaded 2 times (x 70B)
Class com.google.common.cache.LocalCache$EntryFactory$8                               : loaded 2 times (x 83B)
Class com.google.gson.internal.sql.SqlTypesSupport                                    : loaded 2 times (x 71B)
Class com.google.gson.Gson                                                            : loaded 2 times (x 72B)
Class com.amazon.ion.impl.bin.utf8.Utf8StringEncoder$Result                           : loaded 2 times (x 74B)
Class com.amazon.ion.impl.bin.utf8.Pool$Allocator                                     : loaded 2 times (x 70B)
Class com.amazon.ion.IonText                                                          : loaded 2 times (x 70B)
Class com.amazon.ion.impl.SymbolTokenImpl                                             : loaded 2 times (x 81B)
Class com.amazon.ion.SubstituteSymbolTableException                                   : loaded 2 times (x 84B)
Class io.opentelemetry.api.trace.SpanContextKey                                       : loaded 2 times (x 71B)
Class kotlin.coroutines.jvm.internal.SuspendFunction                                  : loaded 2 times (x 70B)
Class org.gradle.util.GradleVersion                                                   : loaded 2 times (x 81B)
Class org.gradle.internal.installation.CurrentGradleInstallation                      : loaded 2 times (x 73B)
Class com.google.common.cache.CacheLoader$1                                           : loaded 2 times (x 75B)
Class com.google.common.collect.ForwardingObject                                      : loaded 2 times (x 72B)
Class com.google.gson.Gson$1                                                          : loaded 2 times (x 76B)
Class com.amazon.ion.impl.bin.IonManagedBinaryWriter$ImportDescriptor                 : loaded 2 times (x 76B)
Class com.amazon.ion.SymbolTable                                                      : loaded 2 times (x 70B)
Class org.jetbrains.plugins.gradle.javaModel.JavaGradleManifestModel                  : loaded 2 times (x 70B)
Class org.jetbrains.plugins.gradle.tooling.serialization.GradleExtensionsSerializationService$WriteContext: loaded 2 times (x 72B)
Class com.intellij.gradle.toolingExtension.impl.model.taskModel.GradleTaskSerialisationService$Companion: loaded 2 times (x 71B)
Class kotlin.jvm.internal.Ref$BooleanRef                                              : loaded 2 times (x 71B)
Class kotlin.coroutines.intrinsics.IntrinsicsKt__IntrinsicsJvmKt                      : loaded 2 times (x 71B)
Class kotlin.coroutines.jvm.internal.CoroutineStackFrame                              : loaded 2 times (x 70B)
Class org.gradle.tooling.internal.adapter.ProtocolToModelAdapter$MethodInvocationCache$MethodInvocationKey: loaded 2 times (x 73B)
Class org.gradle.util.internal.GUtil                                                  : loaded 2 times (x 71B)
Class com.android.utils.StringHelper                                                  : loaded 2 times (x 71B)
Class com.google.common.util.concurrent.AbstractFuture$SetFuture                      : loaded 2 times (x 75B)
Class com.google.common.cache.AbstractCache$StatsCounter                              : loaded 2 times (x 70B)
Class com.google.gson.Gson$2                                                          : loaded 2 times (x 76B)
Class [Lcom.amazon.ion.impl.bin.IonManagedBinaryWriter$SymbolState;                   : loaded 2 times (x 69B)
Class com.amazon.ion.impl._Private_IonWriterBase                                      : loaded 2 times (x 162B)
Class com.amazon.ion.system.IonSystemBuilder                                          : loaded 2 times (x 75B)
Class com.amazon.ion.IonCatalog                                                       : loaded 2 times (x 70B)
Class io.opentelemetry.api.trace.TraceId                                              : loaded 2 times (x 71B)
Class com.intellij.gradle.toolingExtension.impl.model.utilTurnOffDefaultTasksModel.TurnOffDefaultTasks: loaded 2 times (x 70B)
Class com.intellij.gradle.toolingExtension.impl.model.sourceSetModel.GradleSourceSetSerialisationService$SourceSetModelReadContext: loaded 2 times (x 72B)
Class kotlin.io.NoSuchFileException                                                   : loaded 2 times (x 82B)
Class kotlin.collections.CollectionsKt                                                : loaded 2 times (x 71B)
Class com.android.builder.model.v2.dsl.BuildType                                      : loaded 2 times (x 70B)
Class com.google.gson.internal.bind.ReflectiveTypeAdapterFactory$BoundField           : loaded 2 times (x 75B)
Class com.google.gson.Gson$3                                                          : loaded 2 times (x 75B)
Class io.opentelemetry.api.internal.ImmutableSpanContext                              : loaded 2 times (x 91B)
Class com.intellij.gradle.toolingExtension.impl.model.sourceSetModel.GradleSourceSetSerialisationService$SourceSetModelWriteContext: loaded 2 times (x 72B)
Class kotlin.coroutines.CoroutineContext                                              : loaded 2 times (x 70B)
Class kotlin.coroutines.jvm.internal.DebugProbesKt                                    : loaded 2 times (x 71B)
Class org.gradle.tooling.internal.adapter.WeakIdentityHashMap                         : loaded 2 times (x 76B)
Class org.gradle.tooling.GradleConnectionException                                    : loaded 2 times (x 83B)
Class org.gradle.tooling.internal.adapter.ProtocolToModelAdapter$1                    : loaded 2 times (x 75B)
Class org.gradle.tooling.internal.adapter.ProtocolToModelAdapter$ViewDecoration       : loaded 2 times (x 70B)
Class org.gradle.internal.installation.GradleInstallation                             : loaded 2 times (x 75B)
Class com.google.gson.internal.bind.DefaultDateTypeAdapter$1                          : loaded 2 times (x 75B)
Class com.google.gson.Gson$4                                                          : loaded 2 times (x 76B)
Class com.google.gson.internal.ConstructorConstructor                                 : loaded 2 times (x 72B)
Class com.google.common.collect.Iterables                                             : loaded 2 times (x 71B)
Class com.amazon.ion.impl.lite.ContainerlessContext                                   : loaded 2 times (x 80B)
Class io.opentelemetry.api.trace.DefaultTracer                                        : loaded 2 times (x 74B)
Class org.jetbrains.plugins.gradle.tooling.serialization.GradleExtensionsSerializationService$ReadContext: loaded 2 times (x 72B)
Class com.google.common.collect.LexicographicalOrdering                               : loaded 2 times (x 115B)
Class org.gradle.tooling.internal.adapter.MethodInvoker                               : loaded 2 times (x 70B)
Class ijJvmDebugger1_1nxz8iacv3bg692g0l3pkvalm                                        : loaded 2 times (x 179B)
Class com.android.ide.common.gradle.Part                                              : loaded 2 times (x 77B)
Class com.google.gson.ReflectionAccessFilter$FilterResult                             : loaded 2 times (x 79B)
Class com.google.common.collect.Lists$RandomAccessReverseList                         : loaded 2 times (x 200B)
Class com.google.gson.Gson$5                                                          : loaded 2 times (x 76B)
Class gnu.trove.PrimeFinder                                                           : loaded 2 times (x 71B)
Class com.amazon.ion.UnexpectedEofException                                           : loaded 2 times (x 84B)
Class com.amazon.ion.IonSexp                                                          : loaded 2 times (x 70B)
Class com.amazon.ion.ReadOnlyValueException                                           : loaded 2 times (x 84B)
Class com.amazon.ion.impl._Private_LocalSymbolTable                                   : loaded 2 times (x 70B)
Class com.amazon.ion.BufferConfiguration$DataHandler                                  : loaded 2 times (x 70B)
Class com.amazon.ion.impl._Private_IonBinaryWriterBuilder                             : loaded 2 times (x 115B)
Class org.jetbrains.plugins.gradle.tooling.serialization.RepositoriesModelSerializationService$WriteContext: loaded 2 times (x 72B)
Class com.android.ide.gradle.model.LegacyAndroidGradlePluginProperties                : loaded 2 times (x 70B)
Class kotlin.ranges.IntProgression                                                    : loaded 2 times (x 81B)
Class kotlin.jvm.KotlinReflectionNotSupportedError                                    : loaded 2 times (x 82B)
Class org.gradle.tooling.model.gradle.GradleScript                                    : loaded 2 times (x 70B)

---------------  S Y S T E M  ---------------

OS:
DISTRIB_ID=Ubuntu
DISTRIB_RELEASE=26.04
DISTRIB_CODENAME=resolute
DISTRIB_DESCRIPTION="Ubuntu 26.04.1 LTS"
uname: Linux 7.0.0-31-generic #31-Ubuntu SMP PREEMPT_DYNAMIC Sat Aug  1 04:26:38 UTC 2026 x86_64
OS uptime: 0 days 0:02 hours
libc: glibc 2.43 NPTL 2.43 
rlimit (soft/hard): STACK 8192k/infinity , CORE 0k/infinity , NPROC 50826/50826 , NOFILE 524288/524288 , AS infinity/infinity , CPU infinity/infinity , DATA infinity/infinity , FSIZE infinity/infinity , MEMLOCK 8192k/8192k
load average: 5.09 2.65 1.03

/proc/meminfo:
MemTotal:       15729892 kB
MemFree:         8285252 kB
MemAvailable:   11276712 kB
Buffers:          140832 kB
Cached:          3284412 kB
SwapCached:            0 kB
Active:          5510296 kB
Inactive:        1170792 kB
Active(anon):    3520568 kB
Inactive(anon):        0 kB
Active(file):    1989728 kB
Inactive(file):  1170792 kB
Unevictable:      242344 kB
Mlocked:              32 kB
SwapTotal:       4194300 kB
SwapFree:        4194300 kB
Zswap:                 0 kB
Zswapped:              0 kB
Dirty:              2116 kB
Writeback:             0 kB
AnonPages:       3498224 kB
Mapped:          1208416 kB
Shmem:            264884 kB
KReclaimable:     164340 kB
Slab:             323752 kB
SReclaimable:     164340 kB
SUnreclaim:       159412 kB
KernelStack:       14000 kB
PageTables:        31320 kB
SecPageTables:         0 kB
NFS_Unstable:          0 kB
Bounce:                0 kB
WritebackTmp:          0 kB
CommitLimit:    12059244 kB
Committed_AS:    8519160 kB
VmallocTotal:   34359738367 kB
VmallocUsed:       56452 kB
VmallocChunk:          0 kB
Percpu:             3584 kB
HardwareCorrupted:     0 kB
AnonHugePages:         0 kB
ShmemHugePages:        0 kB
ShmemPmdMapped:        0 kB
FileHugePages:         0 kB
FilePmdMapped:         0 kB
CmaTotal:              0 kB
CmaFree:         2662400 kB
Unaccepted:            0 kB
Balloon:               0 kB
HugePages_Total:       0
HugePages_Free:        0
HugePages_Rsvd:        0
HugePages_Surp:        0
Hugepagesize:       2048 kB
Hugetlb:               0 kB
DirectMap4k:      235132 kB
DirectMap2M:     5939200 kB
DirectMap1G:    11534336 kB

/sys/kernel/mm/transparent_hugepage/enabled: always [madvise] never
/sys/kernel/mm/transparent_hugepage/hpage_pmd_size: 2097152
/sys/kernel/mm/transparent_hugepage/defrag (defrag/compaction efforts parameter): always defer defer+madvise [madvise] never

Process Memory:
Virtual Size: 5850908K (peak: 5868420K)
Resident Set Size: 685404K (peak: 685404K) (anon: 644696K, file: 40676K, shmem: 32K)
Swapped out: 0K
C-Heap outstanding allocations: 126372K, retained: 78463K
glibc malloc tunables: (default)

/proc/sys/kernel/threads-max (system-wide limit on the number of threads): 101653
/proc/sys/vm/max_map_count (maximum number of memory map areas a process may have): 1048576
/proc/sys/vm/swappiness (control to define how aggressively the kernel swaps out anonymous memory): 60
/proc/sys/kernel/pid_max (system-wide limit on number of process identifiers): 4194304

container information not found.
Steal ticks since vm start: 0
Steal ticks percentage since vm start:  0.000

CPU: total 4 (initial active 4) (2 cores per cpu, 2 threads per core) family 6 model 142 stepping 9 microcode 0xf6, cx8, cmov, fxsr, ht, mmx, 3dnowpref, sse, sse2, sse3, ssse3, sse4.1, sse4.2, popcnt, lzcnt, tsc, tscinvbit, avx, avx2, aes, erms, clmul, bmi1, bmi2, adx, fma, vzeroupper, clflush, clflushopt, rdtscp, f16c
CPU Model and flags from /proc/cpuinfo:
model name	: Intel(R) Core(TM) i5-7200U CPU @ 2.50GHz
flags		: fpu vme de pse tsc msr pae mce cx8 apic sep mtrr pge mca cmov pat pse36 clflush dts acpi mmx fxsr sse sse2 ss ht tm pbe syscall nx pdpe1gb rdtscp lm constant_tsc art arch_perfmon pebs bts rep_good nopl xtopology nonstop_tsc cpuid aperfmperf pni pclmulqdq dtes64 monitor ds_cpl vmx est tm2 ssse3 sdbg fma cx16 xtpr pdcm pcid sse4_1 sse4_2 x2apic movbe popcnt tsc_deadline_timer aes xsave avx f16c rdrand lahf_lm abm 3dnowprefetch cpuid_fault epb pti ssbd ibrs ibpb stibp tpr_shadow flexpriority ept vpid ept_ad fsgsbase tsc_adjust bmi1 avx2 smep bmi2 erms invpcid mpx rdseed adx smap clflushopt intel_pt xsaveopt xsavec xgetbv1 xsaves dtherm ida arat pln pts hwp hwp_notify hwp_act_window hwp_epp vnmi md_clear flush_l1d arch_capabilities

Online cpus: 0-3
Offline cpus: 
BIOS frequency limitation: <Not Available>
Frequency switch latency (ns): 0
Available cpu frequencies: <Not Available>
Current governor: powersave
Core performance/turbo boost: <Not Available>

Memory: 4k page, physical 15729892k(11276712k free), swap 4194300k(4194300k free)
Page Sizes: 4k

vm_info: OpenJDK 64-Bit Server VM (21.0.11+10-b1163.116) for linux-amd64 JRE (21.0.11+10-b1163.116), built on 2026-04-30 by "builduser" with gcc 10.3.1 20210422 (Red Hat 10.3.1-1.2.0.1)

END.
