#
# A fatal error has been detected by the Java Runtime Environment:
#
#  SIGSEGV (0xb) at pc=0x0000797c502253ba, pid=4749, tid=4769
#
# JRE version: OpenJDK Runtime Environment JBR-21.0.11+10-1163.116-nomod (21.0.11+10) (build 21.0.11+10-b1163.116)
# Java VM: OpenJDK 64-Bit Server VM JBR-21.0.11+10-1163.116-nomod (21.0.11+10-b1163.116, mixed mode, sharing, tiered, compressed oops, compressed class ptrs, g1 gc, linux-amd64)
# Problematic frame:
# V  [libjvm.so+0x8253ba]  G1ParScanThreadState::trim_queue_to_threshold(unsigned int)+0x179a
#
# Core dump will be written. Default location: Core dumps may be processed with "/usr/share/apport/apport -p%p -s%s -c%c -d%d -P%P -u%u -g%g -F%F -- %E" (or dumping to /run/media/muhammad-usman/New Volume/Projects/AndroidProjects/WeTalk/core.4749)
#
# If you would like to submit a bug report, please visit:
#   https://youtrack.jetbrains.com/issues/JBR
#

---------------  S U M M A R Y ------------

Command Line: --add-opens=java.base/java.lang=ALL-UNNAMED --add-opens=java.base/java.lang.invoke=ALL-UNNAMED --add-opens=java.base/java.util=ALL-UNNAMED --add-opens=java.prefs/java.util.prefs=ALL-UNNAMED --add-exports=jdk.compiler/com.sun.tools.javac.api=ALL-UNNAMED --add-exports=jdk.compiler/com.sun.tools.javac.util=ALL-UNNAMED --add-opens=java.base/java.util=ALL-UNNAMED --add-opens=java.prefs/java.util.prefs=ALL-UNNAMED --add-opens=java.base/java.nio.charset=ALL-UNNAMED --add-opens=java.base/java.net=ALL-UNNAMED --add-opens=java.base/java.util.concurrent.atomic=ALL-UNNAMED --add-opens=java.xml/javax.xml.namespace=ALL-UNNAMED -Xmx2048m -Dfile.encoding=UTF-8 -Duser.country=US -Duser.language=en -Duser.variant -javaagent:/home/muhammad-usman/.gradle/wrapper/dists/gradle-8.13-bin/5xuhj0ry160q40clulazy9h7d/gradle-8.13/lib/agents/gradle-instrumentation-agent-8.13.jar -Dawt.toolkit.name=XToolkit org.gradle.launcher.daemon.bootstrap.GradleDaemon 8.13

Host: Intel(R) Core(TM) i5-7200U CPU @ 2.50GHz, 4 cores, 15G, Ubuntu 26.04.1 LTS
Time: Sun Sep 27 17:20:47 2026 PKT elapsed time: 27.255913 seconds (0d 0h 0m 27s)

---------------  T H R E A D  ---------------

Current thread (0x0000797bcc006700):  WorkerThread "GC Thread#1"    [id=4769, stack(0x0000797c25f00000,0x0000797c26000000) (1024K)]

Stack: [0x0000797c25f00000,0x0000797c26000000],  sp=0x0000797c25ffe970,  free space=1018k
Native frames: (J=compiled Java code, j=interpreted, Vv=VM code, C=native code)
V  [libjvm.so+0x8253ba]  G1ParScanThreadState::trim_queue_to_threshold(unsigned int)+0x179a
V  [libjvm.so+0x8474ce]  G1ParCopyClosure<(G1Barrier)1, false>::do_oop(oopDesc**)+0xde
V  [libjvm.so+0x62c710]  ClassLoaderData::oops_do(OopClosure*, int, bool)+0xc0
V  [libjvm.so+0x82054b]  G1CLDScanClosure::do_cld(ClassLoaderData*)+0x3b
V  [libjvm.so+0x631e99]  ClassLoaderDataGraph::roots_cld_do(CLDClosure*, CLDClosure*)+0x39
V  [libjvm.so+0x849828]  G1RootProcessor::process_java_roots(G1RootClosures*, G1GCPhaseTimes*, unsigned int)+0xd8
V  [libjvm.so+0x849e91]  G1RootProcessor::evacuate_roots(G1ParScanThreadState*, unsigned int)+0x61
V  [libjvm.so+0x85df62]  G1EvacuateRegionsTask::scan_roots(G1ParScanThreadState*, unsigned int)+0x22
V  [libjvm.so+0x85e1d3]  G1EvacuateRegionsBaseTask::work(unsigned int)+0x83
V  [libjvm.so+0x1043580]  WorkerThread::run()+0x80
V  [libjvm.so+0xf88678]  Thread::call_run()+0xa8
V  [libjvm.so+0xd1382a]  thread_native_entry(Thread*)+0xda
C  [libc.so.6+0xa3dfa]

siginfo: si_signo: 11 (SIGSEGV), si_code: 1 (SEGV_MAPERR), si_addr: 0x0000000000080000

Registers:
RAX=0x0000797c48085200, RBX=0x0000797ba80123a0, RCX=0x0000000000000014, RDX=0x0000000000000000
RSP=0x0000797c25ffe970, RBP=0x0000797c25ffea10, RSI=0x0000000000000000, RDI=0x0000000000000000
R8 =0x0000000000000001, R9 =0x0000000087c51188, R10=0x0000000000000003, R11=0x0000000000000001
R12=0x0000000087c50449, R13=0x0000000000080000, R14=0x0000797c50ee3720, R15=0x0000797c50f24894
RIP=0x0000797c502253ba, EFLAGS=0x0000000000010246, CSGSFS=0x002b000000000033, ERR=0x0000000000000004
  TRAPNO=0x000000000000000e

XMM[0]=0x0000000000018198 0x0000000000000001
XMM[1]=0x8070a7588070a758 0x885129d000000001
XMM[2]=0x0000000088513f68 0x8070a7588070a758
XMM[3]=0x0000000000000000 0x0000000000018198
XMM[4]=0x0000000000000000 0x0000000000000000
XMM[5]=0x0000000000000000 0x0000000000000000
XMM[6]=0x00000000883e4768 0x0000000000000000
XMM[7]=0x0000000000000000 0x0000000000000000
XMM[8]=0x624f2f676e616c2f 0x6176616a4c3b7463
XMM[9]=0x0000000000000000 0x0000000000000000
XMM[10]=0x3f3f3f3f3f3f3f3f 0x3f3f3f3f3f3f3f3f
XMM[11]=0x9999999999999999 0x9999999999999999
XMM[12]=0x2020202020202020 0x2020202020202020
XMM[13]=0x0000000000000000 0x0000000000000000
XMM[14]=0x0000000000000000 0x0000000000000000
XMM[15]=0x0000000000000000 0x0000000000000000
  MXCSR=0x00001fa2


Register to memory mapping:

RAX=0x0000797c48085200 points into unknown readable memory: 0x0000000000000000 | 00 00 00 00 00 00 00 00
RBX=0x0000797ba80123a0 points into unknown readable memory: 0x0000797c50e16558 | 58 65 e1 50 7c 79 00 00
RCX=0x0000000000000014 is an unknown value
RDX=0x0 is null
RSP=0x0000797c25ffe970 points into unknown readable memory: 0x0000000087c503e0 | e0 03 c5 87 00 00 00 00
RBP=0x0000797c25ffea10 points into unknown readable memory: 0x0000797c25ffea60 | 60 ea ff 25 7c 79 00 00
RSI=0x0 is null
RDI=0x0 is null
R8 =0x0000000000000001 is an unknown value
R9 =0x0000000087c51188 is an oop: [B 
{0x0000000087c51188} - klass: {type array byte}
 - length: 3
R10=0x0000000000000003 is an unknown value
R11=0x0000000000000001 is an unknown value
R12=
[error occurred during error reporting (printing register info), id 0xb, SIGSEGV (0xb) at pc=0x0000797c501d7103]
R13=0x0000000000080000 is an unknown value
R14=0x0000797c50ee3720: <offset 0x00000000014e3720> in /home/muhammad-usman/.jdks/jbr-21.0.11-1/lib/server/libjvm.so at 0x0000797c4fa00000
R15=0x0000797c50f24894: <offset 0x0000000001524894> in /home/muhammad-usman/.jdks/jbr-21.0.11-1/lib/server/libjvm.so at 0x0000797c4fa00000

Top of Stack: (sp=0x0000797c25ffe970)
0x0000797c25ffe970:   0000000087c503e0 00000000885129d0   .........)Q.....
0x0000797c25ffe980:   0000797b00000000 0000000000000001   ....{y..........
0x0000797c25ffe990:   0000000000000009 0000797c48123940   ........@9.H|y..
0x0000797c25ffe9a0:   0000000000000000 0000797bd60025a0   .........%..{y..
0x0000797c25ffe9b0:   0000000087c51100 0000797c50ee1eb0   ...........P|y..
0x0000797c25ffe9c0:   0000004025ffe9d0 0000000087c51188   ...%@...........
0x0000797c25ffe9d0:   0001797c25ffe9f0 0000000000000001   ...%|y..........
0x0000797c25ffe9e0:   0000000000000072 0000797ba80123a0   r........#..{y..
0x0000797c25ffe9f0:   0000000657d04875 0000797b82d933c0   uH.W.....3..{y..
0x0000797c25ffea00:   0000797b82d932c0 0000797c25ffeb30   .2..{y..0..%|y..
0x0000797c25ffea10:   0000797c25ffea60 0000797c502474ce   `..%|y...t$P|y..
0x0000797c25ffea20:   0000797bb06d44b0 0000001132dedf2d   .Dm.{y..-..2....
0x0000797c25ffea30:   0000000657d01964 0000001132de5f96   d..W....._.2....
0x0000797c25ffea40:   0000797b82d93358 0000797b9c004f38   X3..{y..8O..{y..
0x0000797c25ffea50:   0000797b82d933c0 0000797b82d932c0   .3..{y...2..{y..
0x0000797c25ffea60:   0000797c25ffea90 0000797c5002c710   ...%|y.....P|y..
0x0000797c25ffea70:   0000797b9c004f98 0000797b9c004f98   .O..{y...O..{y..
0x0000797c25ffea80:   0000797b9c004ea8 0000000000000001   .N..{y..........
0x0000797c25ffea90:   0000797c25ffeae0 0000797c5022054b   ...%|y..K."P|y..
0x0000797c25ffeaa0:   0000797c25ffeac0 0000797c5071ee06   ...%|y....qP|y..
0x0000797c25ffeab0:   0000000000000072 000000001463fa09   r.........c.....
0x0000797c25ffeac0:   0000797c25ffeae0 0000797b81903aa0   ...%|y...:..{y..
0x0000797c25ffead0:   0000797b9c004f98 0000797b9c004ea8   .O..{y...N..{y..
0x0000797c25ffeae0:   0000797c25ffeb10 0000797c50031e99   ...%|y.....P|y..
0x0000797c25ffeaf0:   0000000657c61d0c 0000797c350fcf50   ...W....P..5|y..
0x0000797c25ffeb00:   0000797b9c004e10 0000797b9c004f98   .N..{y...O..{y..
0x0000797c25ffeb10:   0000797c25ffebc0 0000797c50249828   ...%|y..(.$P|y..
0x0000797c25ffeb20:   0000797b9c004ec0 0100000000000000   .N..{y..........
0x0000797c25ffeb30:   0000797c50e16160 0000000657c61d0c   `a.P|y.....W....
0x0000797c25ffeb40:   0000001132c34abc 0000797c00000005   .J.2........|y..
0x0000797c25ffeb50:   0000797bcc000eb0 0000797c00000001   ....{y......|y..
0x0000797c25ffeb60:   0000000000000000 0000000000000000   ................

Instructions: (pc=0x0000797c502253ba)
0x0000797c502252ba:   00 00 e9 3e ff ff ff 0f 1f 80 00 00 00 00 49 8b
0x0000797c502252ca:   b5 b0 02 00 00 48 c1 e0 03 48 85 f6 0f 85 7b 03
0x0000797c502252da:   00 00 49 8b 95 80 02 00 00 48 8d 78 08 48 8d 05
0x0000797c502252ea:   f2 7c fb ff 48 89 4d a0 44 89 45 a8 4d 8d 95 80
0x0000797c502252fa:   02 00 00 48 8b 12 4c 89 4d b8 48 39 c2 0f 85 fc
0x0000797c5022530a:   17 00 00 31 d2 be 05 00 00 00 e8 57 04 c1 ff 4c
0x0000797c5022531a:   8b 4d b8 44 8b 45 a8 48 89 c2 49 8b 85 88 02 00
0x0000797c5022532a:   00 48 8b 4d a0 48 8d 04 c2 49 8b b5 b8 02 00 00
0x0000797c5022533a:   48 89 30 49 8b 85 a8 02 00 00 49 89 95 b8 02 00
0x0000797c5022534a:   00 48 85 f6 74 07 49 03 85 88 02 00 00 49 89 85
0x0000797c5022535a:   a8 02 00 00 b8 01 00 00 00 e9 8b fd ff ff 0f 1f
0x0000797c5022536a:   84 00 00 00 00 00 48 8d 05 39 cb cb 00 45 8b 6c
0x0000797c5022537a:   24 ff 8b 70 08 48 8b 10 48 89 45 a8 48 8b 43 08
0x0000797c5022538a:   89 f1 49 d3 e5 8b 88 b8 05 00 00 48 8b 80 a8 05
0x0000797c5022539a:   00 00 49 01 d5 4c 89 ef 48 d3 ef 48 8d 04 78 0f
0x0000797c502253aa:   b6 78 01 40 88 7d a0 40 84 ff 0f 88 86 f3 ff ff
0x0000797c502253ba:   4d 8b 5d 00 4d 89 df 41 83 e7 03 49 83 ff 03 0f
0x0000797c502253ca:   85 f8 05 00 00 49 83 e3 fc 4c 8d 3d ba f4 cf 00
0x0000797c502253da:   4c 89 5d b8 48 8b 7d b8 89 f1 49 83 ec 01 48 89
0x0000797c502253ea:   f8 48 29 d0 48 d3 e8 41 89 04 24 48 89 f8 41 8b
0x0000797c502253fa:   0f 4c 31 e0 48 d3 e8 48 85 c0 0f 84 36 f3 ff ff
0x0000797c5022540a:   48 8b 43 08 4c 89 e2 8b 88 b8 05 00 00 48 8b 80
0x0000797c5022541a:   a8 05 00 00 48 d3 ea 80 7c 50 01 fe 0f 84 14 f3
0x0000797c5022542a:   ff ff 48 d3 ef 48 8d 04 78 80 78 01 00 0f 89 03
0x0000797c5022543a:   f3 ff ff 80 38 00 0f 84 fa f2 ff ff 48 8d 15 17
0x0000797c5022544a:   e8 ce 00 48 8b 43 60 8b 0a 49 d3 ec 4c 89 e6 e9
0x0000797c5022545a:   bb f2 ff ff 66 90 48 89 fe 48 83 c2 08 4c 89 c7
0x0000797c5022546a:   ff d0 4c 8b 5d b8 e9 66 eb ff ff 0f 1f 00 49 8b
0x0000797c5022547a:   8e b0 02 00 00 48 c1 e0 03 48 85 c9 0f 84 42 03
0x0000797c5022548a:   00 00 49 8b 96 c0 02 00 00 48 83 e9 01 48 01 d0
0x0000797c5022549a:   48 8b 30 49 89 8e b0 02 00 00 49 89 b6 c0 02 00
0x0000797c502254aa:   00 49 8b 8e b8 02 00 00 48 89 08 49 8b 86 a8 02


Stack slot to memory mapping:

stack at sp + 0 slots: 0x0000000087c503e0 is an oop: java.lang.Class 
{0x0000000087c503e0} - klass: 'java/lang/Class'
 - ---- fields (total size 15 words):
 - private volatile transient 'classRedefinedCount' 'I' @12  0 (0x00000000)
 - injected 'klass' 'J' @16  133572825875928 (0x0000797bd8d685d8)
 - injected 'array_klass' 'J' @24  0 (0x0000000000000000)
 - injected 'oop_size' 'I' @32  15 (0x0000000f)
 - injected 'static_oop_field_count' 'I' @36  1 (0x00000001)
 - private volatile transient 'cachedConstructor' 'Ljava/lang/reflect/Constructor;' @40  null (0x00000000)
 - private transient 'name' 'Ljava/lang/String;' @44  null (0x00000000)
 - private transient 'module' 'Ljava/lang/Module;' @48  a 'java/lang/Module'{0x00000000851a5a28} (0x851a5a28)
 - private final 'classLoader' 'Ljava/lang/ClassLoader;' @52  a 'org/gradle/internal/classloader/VisitableURLClassLoader$InstrumentingVisitableURLClassLoader'{0x00000000850c4c60} (0x850c4c60)
 - private transient 'classData' 'Ljava/lang/Object;' @56  null (0x00000000)
 - private transient 'packageName' 'Ljava/lang/String;' @60  null (0x00000000)
 - private final 'componentType' 'Ljava/lang/Class;' @64  null (0x00000000)
 - private volatile transient 'reflectionData' 'Ljava/lang/ref/SoftReference;' @68  a 'java/lang/ref/SoftReference'{0x0000000087c50488} (0x87c50488)
 - private volatile transient 'genericInfo' 'Lsun/reflect/generics/repository/ClassRepository;' @72  null (0x00000000)
 - private volatile transient 'enumConstants' '[Ljava/lang/Object;' @76  null (0x00000000)
 - private volatile transient 'enumConstantDirectory' 'Ljava/util/Map;' @80  null (0x00000000)
 - private volatile transient 'annotationData' 'Ljava/lang/Class$AnnotationData;' @84  null (0x00000000)
 - private volatile transient 'annotationType' 'Lsun/reflect/annotation/AnnotationType;' @88  null (0x00000000)
 - transient 'classValueMap' 'Ljava/lang/ClassValue$ClassValueMap;' @92  null (0x00000000)
 - injected 'protection_domain' 'Ljava/lang/Object;' @96  a 'java/security/ProtectionDomain'{0x00000000852ca6a8} (0x852ca6a8)
 - injected 'signers_name' 'Ljava/lang/Object;' @100  null (0x00000000)
 - injected 'source_file' 'Ljava/lang/Object;' @104  
[error occurred during error reporting (inspecting top of stack), id 0xb, SIGSEGV (0xb) at pc=0x0000797c506f8f65]
stack at sp + 1 slots: 0x00000000885129d0 is an oop: java.lang.Class 
{0x00000000885129d0} - klass: 'java/lang/Class'
 - ---- fields (total size 15 words):
 - private volatile transient 'classRedefinedCount' 'I' @12  0 (0x00000000)
 - injected 'klass' 'J' @16  133572825875928 (0x0000797bd8d685d8)
 - injected 'array_klass' 'J' @24  0 (0x0000000000000000)
 - injected 'oop_size' 'I' @32  15 (0x0000000f)
 - injected 'static_oop_field_count' 'I' @36  1 (0x00000001)
 - private volatile transient 'cachedConstructor' 'Ljava/lang/reflect/Constructor;' @40  null (0x00000000)
 - private transient 'name' 'Ljava/lang/String;' @44  null (0x00000000)
 - private transient 'module' 'Ljava/lang/Module;' @48  a 'java/lang/Module'{0x00000000851a5a28} (0x851a5a28)
 - private final 'classLoader' 'Ljava/lang/ClassLoader;' @52  a 'org/gradle/internal/classloader/VisitableURLClassLoader$InstrumentingVisitableURLClassLoader'{0x00000000850c4c60} (0x850c4c60)
 - private transient 'classData' 'Ljava/lang/Object;' @56  null (0x00000000)
 - private transient 'packageName' 'Ljava/lang/String;' @60  null (0x00000000)
 - private final 'componentType' 'Ljava/lang/Class;' @64  null (0x00000000)
 - private volatile transient 'reflectionData' 'Ljava/lang/ref/SoftReference;' @68  a 'java/lang/ref/SoftReference'{0x0000000088512ad0} (0x88512ad0)
 - private volatile transient 'genericInfo' 'Lsun/reflect/generics/repository/ClassRepository;' @72  null (0x00000000)
 - private volatile transient 'enumConstants' '[Ljava/lang/Object;' @76  null (0x00000000)
 - private volatile transient 'enumConstantDirectory' 'Ljava/util/Map;' @80  null (0x00000000)
 - private volatile transient 'annotationData' 'Ljava/lang/Class$AnnotationData;' @84  null (0x00000000)
 - private volatile transient 'annotationType' 'Lsun/reflect/annotation/AnnotationType;' @88  null (0x00000000)
 - transient 'classValueMap' 'Ljava/lang/ClassValue$ClassValueMap;' @92  null (0x00000000)
 - injected 'protection_domain' 'Ljava/lang/Object;' @96  a 'java/security/ProtectionDomain'{0x00000000852ca6a8} (0x852ca6a8)
 - injected 'signers_name' 'Ljava/lang/Object;' @100  null (0x00000000)
 - injected 'source_file' 'Ljava/lang/Object;' @104  
[error occurred during error reporting (inspecting top of stack, attempt 2), id 0xb, SIGSEGV (0xb) at pc=0x0000797c506f8f65]
stack at sp + 2 slots: 0x0000797b00000000 is an unknown value
stack at sp + 3 slots: 0x0000000000000001 is an unknown value
stack at sp + 4 slots: 0x0000000000000009 is an unknown value
stack at sp + 5 slots: 0x0000797c48123940 points into unknown readable memory: 0x0000000088500000 | 00 00 50 88 00 00 00 00
stack at sp + 6 slots: 0x0 is null
stack at sp + 7 slots: 0x0000797bd60025a0 is a pointer to class: 


---------------  P R O C E S S  ---------------

Threads class SMR info:
_java_thread_list=0x0000797bb06d5050, length=57, elements={
0x0000797c4802e6d0, 0x0000797c481b4110, 0x0000797c481b7240, 0x0000797c481b87c0,
0x0000797c481b9f50, 0x0000797c481bb5a0, 0x0000797c481bcb40, 0x0000797c481be680,
0x0000797c481bfd40, 0x0000797c4829c6a0, 0x0000797c493f9730, 0x0000797c49463750,
0x0000797c494a13a0, 0x0000797b8c01bac0, 0x0000797b84005710, 0x0000797b8400b8f0,
0x0000797b8400fc30, 0x0000797b80002f30, 0x0000797b8000cdd0, 0x0000797b8000f0f0,
0x0000797b80225500, 0x0000797b80230140, 0x0000797b801085d0, 0x0000797b80ad4430,
0x0000797b80adc3b0, 0x0000797b80bdd6d0, 0x0000797b80be2ea0, 0x0000797b80c15100,
0x0000797b80c15810, 0x0000797b80c16a20, 0x0000797b80c17990, 0x0000797b81038780,
0x0000797b81050b40, 0x0000797b81644c10, 0x0000797b816865e0, 0x0000797b80523050,
0x0000797b805240a0, 0x0000797b815817d0, 0x0000797b81583ca0, 0x0000797b80357da0,
0x0000797b803592f0, 0x0000797b8035a880, 0x0000797b80490a00, 0x0000797b80491b30,
0x0000797b80492da0, 0x0000797b81cbd7d0, 0x0000797b81cbe6c0, 0x0000797b81cbf780,
0x0000797b81cc1bf0, 0x0000797b81cc3540, 0x0000797b81cc4730, 0x0000797b81cad5d0,
0x0000797b81cc9c70, 0x0000797b81ccaf80, 0x0000797b8247f150, 0x0000797b827425c0,
0x0000797bb06d44b0
}

Java Threads: ( => current thread )
  0x0000797c4802e6d0 JavaThread "main"                              [_thread_blocked, id=4752, stack(0x0000797c4f7da000,0x0000797c4f8da000) (1024K)]
  0x0000797c481b4110 JavaThread "Common-Cleaner"             daemon [_thread_blocked, id=4760, stack(0x0000797c34900000,0x0000797c34a00000) (1024K)]
  0x0000797c481b7240 JavaThread "Reference Handler"          daemon [_thread_blocked, id=4761, stack(0x0000797c34800000,0x0000797c34900000) (1024K)]
  0x0000797c481b87c0 JavaThread "Finalizer"                  daemon [_thread_blocked, id=4762, stack(0x0000797c34700000,0x0000797c34800000) (1024K)]
  0x0000797c481b9f50 JavaThread "Signal Dispatcher"          daemon [_thread_blocked, id=4763, stack(0x0000797c34600000,0x0000797c34700000) (1024K)]
  0x0000797c481bb5a0 JavaThread "Service Thread"             daemon [_thread_blocked, id=4764, stack(0x0000797c34500000,0x0000797c34600000) (1024K)]
  0x0000797c481bcb40 JavaThread "Monitor Deflation Thread"   daemon [_thread_blocked, id=4765, stack(0x0000797c34400000,0x0000797c34500000) (1024K)]
  0x0000797c481be680 JavaThread "C2 CompilerThread0"         daemon [_thread_in_native, id=4766, stack(0x0000797c34300000,0x0000797c34400000) (1024K)]
  0x0000797c481bfd40 JavaThread "C1 CompilerThread0"         daemon [_thread_blocked, id=4767, stack(0x0000797c34200000,0x0000797c34300000) (1024K)]
  0x0000797c4829c6a0 JavaThread "Notification Thread"        daemon [_thread_blocked, id=4768, stack(0x0000797c3402f000,0x0000797c3412f000) (1024K)]
  0x0000797c493f9730 JavaThread "Daemon health stats"               [_thread_blocked, id=4780, stack(0x0000797c25a6c000,0x0000797c25b6c000) (1024K)]
  0x0000797c49463750 JavaThread "Incoming local TCP Connector on port 45899"        [_thread_in_native, id=4781, stack(0x0000797c25700000,0x0000797c25800000) (1024K)]
  0x0000797c494a13a0 JavaThread "Daemon periodic checks"            [_thread_blocked, id=4784, stack(0x0000797c25600000,0x0000797c25700000) (1024K)]
  0x0000797b8c01bac0 JavaThread "Daemon"                            [_thread_blocked, id=4785, stack(0x0000797c25500000,0x0000797c25600000) (1024K)]
  0x0000797b84005710 JavaThread "Handler for socket connection from /127.0.0.1:45899 to /127.0.0.1:59946"        [_thread_in_native, id=4786, stack(0x0000797c25400000,0x0000797c25500000) (1024K)]
  0x0000797b8400b8f0 JavaThread "Cancel handler"                    [_thread_blocked, id=4787, stack(0x0000797c25300000,0x0000797c25400000) (1024K)]
  0x0000797b8400fc30 JavaThread "Daemon worker"                     [_thread_blocked, id=4788, stack(0x0000797c25200000,0x0000797c25300000) (1024K)]
  0x0000797b80002f30 JavaThread "Asynchronous log dispatcher for DefaultDaemonConnection: socket connection from /127.0.0.1:45899 to /127.0.0.1:59946"        [_thread_blocked, id=4789, stack(0x0000797c25100000,0x0000797c25200000) (1024K)]
  0x0000797b8000cdd0 JavaThread "Stdin handler"                     [_thread_blocked, id=4790, stack(0x0000797c25000000,0x0000797c25100000) (1024K)]
  0x0000797b8000f0f0 JavaThread "Daemon client event forwarder"        [_thread_blocked, id=4791, stack(0x0000797c24f00000,0x0000797c25000000) (1024K)]
  0x0000797b80225500 JavaThread "Cache worker for journal cache (/home/muhammad-usman/.gradle/caches/journal-1)"        [_thread_blocked, id=4792, stack(0x0000797c24e00000,0x0000797c24f00000) (1024K)]
  0x0000797b80230140 JavaThread "File lock request listener"        [_thread_in_native, id=4793, stack(0x0000797c24d00000,0x0000797c24e00000) (1024K)]
  0x0000797b801085d0 JavaThread "Cache worker for file hash cache (/home/muhammad-usman/.gradle/caches/8.13/fileHashes)"        [_thread_blocked, id=4794, stack(0x0000797c24c00000,0x0000797c24d00000) (1024K)]
  0x0000797b80ad4430 JavaThread "Cache worker for file hash cache (/run/media/muhammad-usman/New Volume/Projects/AndroidProjects/WeTalk/.gradle/8.13/fileHashes)"        [_thread_blocked, id=4795, stack(0x0000797c24b00000,0x0000797c24c00000) (1024K)]
  0x0000797b80adc3b0 JavaThread "Cache worker for Build Output Cleanup Cache (/run/media/muhammad-usman/New Volume/Projects/AndroidProjects/WeTalk/.gradle/buildOutputCleanup)"        [_thread_blocked, id=4796, stack(0x0000797c24a00000,0x0000797c24b00000) (1024K)]
  0x0000797b80bdd6d0 JavaThread "File watcher server"        daemon [_thread_in_native, id=4797, stack(0x0000797c24900000,0x0000797c24a00000) (1024K)]
  0x0000797b80be2ea0 JavaThread "File watcher consumer"      daemon [_thread_blocked, id=4798, stack(0x0000797c24800000,0x0000797c24900000) (1024K)]
  0x0000797b80c15100 JavaThread "jar transforms"                    [_thread_blocked, id=4799, stack(0x0000797c24700000,0x0000797c24800000) (1024K)]
  0x0000797b80c15810 JavaThread "jar transforms Thread 2"           [_thread_blocked, id=4800, stack(0x0000797c24600000,0x0000797c24700000) (1024K)]
  0x0000797b80c16a20 JavaThread "jar transforms Thread 3"           [_thread_blocked, id=4801, stack(0x0000797c24500000,0x0000797c24600000) (1024K)]
  0x0000797b80c17990 JavaThread "jar transforms Thread 4"           [_thread_blocked, id=4802, stack(0x0000797c24400000,0x0000797c24500000) (1024K)]
  0x0000797b81038780 JavaThread "Cache worker for checksums cache (/run/media/muhammad-usman/New Volume/Projects/AndroidProjects/WeTalk/.gradle/8.13/checksums)"        [_thread_blocked, id=4803, stack(0x0000797c24300000,0x0000797c24400000) (1024K)]
  0x0000797b81050b40 JavaThread "Cache worker for file content cache (/home/muhammad-usman/.gradle/caches/8.13/fileContent)"        [_thread_blocked, id=4804, stack(0x0000797c24200000,0x0000797c24300000) (1024K)]
  0x0000797b81644c10 JavaThread "Cache worker for cache directory md-supplier (/home/muhammad-usman/.gradle/caches/8.13/md-supplier)"        [_thread_blocked, id=4805, stack(0x0000797c24100000,0x0000797c24200000) (1024K)]
  0x0000797b816865e0 JavaThread "Cache worker for cache directory md-rule (/home/muhammad-usman/.gradle/caches/8.13/md-rule)"        [_thread_blocked, id=4806, stack(0x0000797c24000000,0x0000797c24100000) (1024K)]
  0x0000797b80523050 JavaThread "Unconstrained build operations"        [_thread_blocked, id=4807, stack(0x0000797bd1f00000,0x0000797bd2000000) (1024K)]
  0x0000797b805240a0 JavaThread "Unconstrained build operations Thread 2"        [_thread_blocked, id=4808, stack(0x0000797bd1e00000,0x0000797bd1f00000) (1024K)]
  0x0000797b815817d0 JavaThread "Unconstrained build operations Thread 3"        [_thread_blocked, id=4809, stack(0x0000797bd1d00000,0x0000797bd1e00000) (1024K)]
  0x0000797b81583ca0 JavaThread "Unconstrained build operations Thread 4"        [_thread_blocked, id=4810, stack(0x0000797bd1c00000,0x0000797bd1d00000) (1024K)]
  0x0000797b80357da0 JavaThread "Unconstrained build operations Thread 5"        [_thread_blocked, id=4811, stack(0x0000797bd1b00000,0x0000797bd1c00000) (1024K)]
  0x0000797b803592f0 JavaThread "Unconstrained build operations Thread 6"        [_thread_blocked, id=4812, stack(0x0000797bd1a00000,0x0000797bd1b00000) (1024K)]
  0x0000797b8035a880 JavaThread "Unconstrained build operations Thread 7"        [_thread_blocked, id=4813, stack(0x0000797bd1900000,0x0000797bd1a00000) (1024K)]
  0x0000797b80490a00 JavaThread "Unconstrained build operations Thread 8"        [_thread_blocked, id=4814, stack(0x0000797bd1800000,0x0000797bd1900000) (1024K)]
  0x0000797b80491b30 JavaThread "Unconstrained build operations Thread 9"        [_thread_blocked, id=4815, stack(0x0000797bd1700000,0x0000797bd1800000) (1024K)]
  0x0000797b80492da0 JavaThread "Unconstrained build operations Thread 10"        [_thread_blocked, id=4816, stack(0x0000797bd1600000,0x0000797bd1700000) (1024K)]
  0x0000797b81cbd7d0 JavaThread "Unconstrained build operations Thread 11"        [_thread_blocked, id=4819, stack(0x0000797bd1500000,0x0000797bd1600000) (1024K)]
  0x0000797b81cbe6c0 JavaThread "Unconstrained build operations Thread 12"        [_thread_blocked, id=4820, stack(0x0000797bd1400000,0x0000797bd1500000) (1024K)]
  0x0000797b81cbf780 JavaThread "Unconstrained build operations Thread 13"        [_thread_blocked, id=4821, stack(0x0000797bd1300000,0x0000797bd1400000) (1024K)]
  0x0000797b81cc1bf0 JavaThread "Unconstrained build operations Thread 14"        [_thread_blocked, id=4822, stack(0x0000797bd1200000,0x0000797bd1300000) (1024K)]
  0x0000797b81cc3540 JavaThread "Unconstrained build operations Thread 15"        [_thread_blocked, id=4823, stack(0x0000797bd1100000,0x0000797bd1200000) (1024K)]
  0x0000797b81cc4730 JavaThread "Unconstrained build operations Thread 16"        [_thread_blocked, id=4824, stack(0x0000797bd1000000,0x0000797bd1100000) (1024K)]
  0x0000797b81cad5d0 JavaThread "Unconstrained build operations Thread 17"        [_thread_blocked, id=4825, stack(0x0000797bd0f00000,0x0000797bd1000000) (1024K)]
  0x0000797b81cc9c70 JavaThread "Unconstrained build operations Thread 18"        [_thread_blocked, id=4826, stack(0x0000797bd0e00000,0x0000797bd0f00000) (1024K)]
  0x0000797b81ccaf80 JavaThread "Unconstrained build operations Thread 19"        [_thread_blocked, id=4827, stack(0x0000797bd0d00000,0x0000797bd0e00000) (1024K)]
  0x0000797b8247f150 JavaThread "Memory manager"                    [_thread_blocked, id=4835, stack(0x0000797bd0c00000,0x0000797bd0d00000) (1024K)]
  0x0000797b827425c0 JavaThread "Problems report writer"            [_thread_blocked, id=4837, stack(0x0000797bd0b00000,0x0000797bd0c00000) (1024K)]
  0x0000797bb06d44b0 JavaThread "C2 CompilerThread1"         daemon [_thread_blocked, id=4838, stack(0x0000797c25bfd000,0x0000797c25cfd000) (1024K)]
Total: 57

Other Threads:
  0x0000797c481ac510 VMThread "VM Thread"                           [id=4759, stack(0x0000797c34fff000,0x0000797c350ff000) (1024K)]
  0x0000797c4819aa50 WatcherThread "VM Periodic Task Thread"        [id=4758, stack(0x0000797c35100000,0x0000797c35200000) (1024K)]
  0x0000797c48087300 WorkerThread "GC Thread#0"                     [id=4753, stack(0x0000797c4c900000,0x0000797c4ca00000) (1024K)]
=>0x0000797bcc006700 WorkerThread "GC Thread#1"                     [id=4769, stack(0x0000797c25f00000,0x0000797c26000000) (1024K)]
  0x0000797bcc007220 WorkerThread "GC Thread#2"                     [id=4770, stack(0x0000797c25dff000,0x0000797c25eff000) (1024K)]
  0x0000797bcc007d40 WorkerThread "GC Thread#3"                     [id=4771, stack(0x0000797c25cfe000,0x0000797c25dfe000) (1024K)]
  0x0000797c480987c0 ConcurrentGCThread "G1 Main Marker"            [id=4754, stack(0x0000797c4c7ff000,0x0000797c4c8ff000) (1024K)]
  0x0000797c48099760 WorkerThread "G1 Conc#0"                       [id=4755, stack(0x0000797c4c6fe000,0x0000797c4c7fe000) (1024K)]
  0x0000797c48185fb0 ConcurrentGCThread "G1 Refine#0"               [id=4756, stack(0x0000797c4c1f9000,0x0000797c4c2f9000) (1024K)]
  0x0000797c48186f70 ConcurrentGCThread "G1 Service"                [id=4757, stack(0x0000797c4c0f8000,0x0000797c4c1f8000) (1024K)]
Total: 10

Threads with active compile tasks:
C2 CompilerThread0  27275 11482       4       com.google.common.io.LineBuffer::add (204 bytes)
Total: 1

VM state: at safepoint (normal execution)

VM Mutex/Monitor currently owned by a thread:  ([mutex/lock_event])
[0x0000797c50f3f2d8] Threads_lock - owner thread: 0x0000797c481ac510
[0x0000797c50f3f1d8] Heap_lock - owner thread: 0x0000797b8400fc30

Heap address: 0x0000000080000000, size: 2048 MB, Compressed Oops mode: 32-bit

CDS archive(s) mapped at: [0x0000797bd6000000-0x0000797bd7c8d000-0x0000797bd7c8d000), size 29937664, SharedBaseAddress: 0x0000797bd6000000, ArchiveRelocationMode: 1.
Compressed class space mapped at: 0x0000797bd8000000-0x0000797c18000000, reserved size: 1073741824
Narrow klass base: 0x0000797bd6000000, Narrow klass shift: 0, Narrow klass range: 0x100000000

GC Precious Log:
 CardTable entry size: 512
 Card Set container configuration: InlinePtr #cards 5 size 8 Array Of Cards #cards 12 size 40 Howl #buckets 4 coarsen threshold 1843 Howl Bitmap #cards 512 size 80 coarsen threshold 460 Card regions per heap region 1 cards per card region 2048
 CPUs: 4 total, 4 available
 Memory: 15361M
 Large Page Support: Disabled
 NUMA Support: Disabled
 Compressed Oops: Enabled (32-bit)
 Heap Region Size: 1M
 Heap Min Capacity: 8M
 Heap Initial Capacity: 242M
 Heap Max Capacity: 2G
 Pre-touch: Disabled
 Parallel Workers: 4
 Concurrent Workers: 1
 Concurrent Refinement Workers: 4
 Periodic GC: Disabled

Heap:
 garbage-first heap   total 197632K, used 180758K [0x0000000080000000, 0x0000000100000000)
  region size 1024K, 65 young (66560K), 5 survivors (5120K)
 Metaspace       used 88733K, committed 90752K, reserved 1179648K
  class space    used 12825K, committed 13760K, reserved 1048576K

Heap Regions: E=young(eden), S=young(survivor), O=old, HS=humongous(starts), HC=humongous(continues), CS=collection set, F=free, TAMS=top-at-mark-start, PB=parsable bottom
|   0|0x0000000080000000, 0x0000000080100000, 0x0000000080100000|100%|HS|  |TAMS 0x0000000080100000| PB 0x0000000080000000| Complete 
|   1|0x0000000080100000, 0x0000000080200000, 0x0000000080200000|100%|HC|  |TAMS 0x0000000080200000| PB 0x0000000080100000| Complete 
|   2|0x0000000080200000, 0x0000000080300000, 0x0000000080300000|100%|HC|  |TAMS 0x0000000080300000| PB 0x0000000080200000| Complete 
|   3|0x0000000080300000, 0x0000000080400000, 0x0000000080400000|100%| O|  |TAMS 0x0000000080400000| PB 0x0000000080300000| Untracked 
|   4|0x0000000080400000, 0x0000000080500000, 0x0000000080500000|100%| O|  |TAMS 0x0000000080500000| PB 0x0000000080400000| Untracked 
|   5|0x0000000080500000, 0x0000000080600000, 0x0000000080600000|100%| O|  |TAMS 0x0000000080600000| PB 0x0000000080500000| Untracked 
|   6|0x0000000080600000, 0x0000000080700000, 0x0000000080700000|100%|HS|  |TAMS 0x0000000080700000| PB 0x0000000080600000| Complete 
|   7|0x0000000080700000, 0x0000000080800000, 0x0000000080800000|100%| O|  |TAMS 0x0000000080800000| PB 0x0000000080700000| Untracked 
|   8|0x0000000080800000, 0x0000000080900000, 0x0000000080900000|100%| O|  |TAMS 0x0000000080900000| PB 0x0000000080800000| Untracked 
|   9|0x0000000080900000, 0x0000000080a00000, 0x0000000080a00000|100%| O|  |TAMS 0x0000000080a00000| PB 0x0000000080900000| Untracked 
|  10|0x0000000080a00000, 0x0000000080b00000, 0x0000000080b00000|100%| O|  |TAMS 0x0000000080b00000| PB 0x0000000080a00000| Untracked 
|  11|0x0000000080b00000, 0x0000000080c00000, 0x0000000080c00000|100%| O|  |TAMS 0x0000000080c00000| PB 0x0000000080b00000| Untracked 
|  12|0x0000000080c00000, 0x0000000080d00000, 0x0000000080d00000|100%| O|  |TAMS 0x0000000080d00000| PB 0x0000000080c00000| Untracked 
|  13|0x0000000080d00000, 0x0000000080e00000, 0x0000000080e00000|100%| O|  |TAMS 0x0000000080e00000| PB 0x0000000080d00000| Untracked 
|  14|0x0000000080e00000, 0x0000000080f00000, 0x0000000080f00000|100%| O|  |TAMS 0x0000000080f00000| PB 0x0000000080e00000| Untracked 
|  15|0x0000000080f00000, 0x0000000081000000, 0x0000000081000000|100%| O|  |TAMS 0x0000000081000000| PB 0x0000000080f00000| Untracked 
|  16|0x0000000081000000, 0x0000000081100000, 0x0000000081100000|100%| O|  |TAMS 0x0000000081100000| PB 0x0000000081000000| Untracked 
|  17|0x0000000081100000, 0x0000000081200000, 0x0000000081200000|100%| O|  |TAMS 0x0000000081200000| PB 0x0000000081100000| Untracked 
|  18|0x0000000081200000, 0x0000000081300000, 0x0000000081300000|100%| O|  |TAMS 0x0000000081300000| PB 0x0000000081200000| Untracked 
|  19|0x0000000081300000, 0x0000000081400000, 0x0000000081400000|100%| O|  |TAMS 0x0000000081400000| PB 0x0000000081300000| Untracked 
|  20|0x0000000081400000, 0x0000000081500000, 0x0000000081500000|100%| O|  |TAMS 0x0000000081500000| PB 0x0000000081400000| Untracked 
|  21|0x0000000081500000, 0x0000000081600000, 0x0000000081600000|100%| O|  |TAMS 0x0000000081600000| PB 0x0000000081500000| Untracked 
|  22|0x0000000081600000, 0x0000000081700000, 0x0000000081700000|100%|HS|  |TAMS 0x0000000081700000| PB 0x0000000081600000| Complete 
|  23|0x0000000081700000, 0x0000000081800000, 0x0000000081800000|100%|HC|  |TAMS 0x0000000081800000| PB 0x0000000081700000| Complete 
|  24|0x0000000081800000, 0x0000000081900000, 0x0000000081900000|100%|HC|  |TAMS 0x0000000081900000| PB 0x0000000081800000| Complete 
|  25|0x0000000081900000, 0x0000000081a00000, 0x0000000081a00000|100%|HC|  |TAMS 0x0000000081a00000| PB 0x0000000081900000| Complete 
|  26|0x0000000081a00000, 0x0000000081b00000, 0x0000000081b00000|100%|HC|  |TAMS 0x0000000081b00000| PB 0x0000000081a00000| Complete 
|  27|0x0000000081b00000, 0x0000000081c00000, 0x0000000081c00000|100%|HC|  |TAMS 0x0000000081c00000| PB 0x0000000081b00000| Complete 
|  28|0x0000000081c00000, 0x0000000081d00000, 0x0000000081d00000|100%|HS|  |TAMS 0x0000000081d00000| PB 0x0000000081c00000| Complete 
|  29|0x0000000081d00000, 0x0000000081e00000, 0x0000000081e00000|100%|HS|  |TAMS 0x0000000081e00000| PB 0x0000000081d00000| Complete 
|  30|0x0000000081e00000, 0x0000000081f00000, 0x0000000081f00000|100%|HS|  |TAMS 0x0000000081f00000| PB 0x0000000081e00000| Complete 
|  31|0x0000000081f00000, 0x0000000082000000, 0x0000000082000000|100%|HC|  |TAMS 0x0000000082000000| PB 0x0000000081f00000| Complete 
|  32|0x0000000082000000, 0x0000000082100000, 0x0000000082100000|100%|HC|  |TAMS 0x0000000082100000| PB 0x0000000082000000| Complete 
|  33|0x0000000082100000, 0x0000000082200000, 0x0000000082200000|100%|HC|  |TAMS 0x0000000082200000| PB 0x0000000082100000| Complete 
|  34|0x0000000082200000, 0x0000000082300000, 0x0000000082300000|100%|HC|  |TAMS 0x0000000082300000| PB 0x0000000082200000| Complete 
|  35|0x0000000082300000, 0x0000000082400000, 0x0000000082400000|100%|HC|  |TAMS 0x0000000082400000| PB 0x0000000082300000| Complete 
|  36|0x0000000082400000, 0x0000000082500000, 0x0000000082500000|100%|HS|  |TAMS 0x0000000082500000| PB 0x0000000082400000| Complete 
|  37|0x0000000082500000, 0x0000000082600000, 0x0000000082600000|100%|HS|  |TAMS 0x0000000082600000| PB 0x0000000082500000| Complete 
|  38|0x0000000082600000, 0x0000000082700000, 0x0000000082700000|100%| O|  |TAMS 0x0000000082700000| PB 0x0000000082600000| Untracked 
|  39|0x0000000082700000, 0x0000000082800000, 0x0000000082800000|100%| O|  |TAMS 0x0000000082800000| PB 0x0000000082700000| Untracked 
|  40|0x0000000082800000, 0x0000000082900000, 0x0000000082900000|100%| O|  |TAMS 0x0000000082900000| PB 0x0000000082800000| Untracked 
|  41|0x0000000082900000, 0x0000000082a00000, 0x0000000082a00000|100%| O|  |TAMS 0x0000000082a00000| PB 0x0000000082900000| Untracked 
|  42|0x0000000082a00000, 0x0000000082b00000, 0x0000000082b00000|100%| O|  |TAMS 0x0000000082b00000| PB 0x0000000082a00000| Untracked 
|  43|0x0000000082b00000, 0x0000000082c00000, 0x0000000082c00000|100%| O|  |TAMS 0x0000000082c00000| PB 0x0000000082b00000| Untracked 
|  44|0x0000000082c00000, 0x0000000082d00000, 0x0000000082d00000|100%| O|  |TAMS 0x0000000082d00000| PB 0x0000000082c00000| Untracked 
|  45|0x0000000082d00000, 0x0000000082e00000, 0x0000000082e00000|100%| O|  |TAMS 0x0000000082e00000| PB 0x0000000082d00000| Untracked 
|  46|0x0000000082e00000, 0x0000000082f00000, 0x0000000082f00000|100%| O|  |TAMS 0x0000000082f00000| PB 0x0000000082e00000| Untracked 
|  47|0x0000000082f00000, 0x0000000083000000, 0x0000000083000000|100%| O|  |TAMS 0x0000000083000000| PB 0x0000000082f00000| Untracked 
|  48|0x0000000083000000, 0x0000000083100000, 0x0000000083100000|100%| O|  |TAMS 0x0000000083100000| PB 0x0000000083000000| Untracked 
|  49|0x0000000083100000, 0x0000000083200000, 0x0000000083200000|100%| O|  |TAMS 0x0000000083200000| PB 0x0000000083100000| Untracked 
|  50|0x0000000083200000, 0x0000000083300000, 0x0000000083300000|100%| O|  |TAMS 0x0000000083300000| PB 0x0000000083200000| Untracked 
|  51|0x0000000083300000, 0x0000000083400000, 0x0000000083400000|100%| O|  |TAMS 0x0000000083400000| PB 0x0000000083300000| Untracked 
|  52|0x0000000083400000, 0x0000000083500000, 0x0000000083500000|100%| O|  |TAMS 0x0000000083500000| PB 0x0000000083400000| Untracked 
|  53|0x0000000083500000, 0x0000000083600000, 0x0000000083600000|100%| O|  |TAMS 0x0000000083600000| PB 0x0000000083500000| Untracked 
|  54|0x0000000083600000, 0x0000000083700000, 0x0000000083700000|100%| O|  |TAMS 0x0000000083700000| PB 0x0000000083600000| Untracked 
|  55|0x0000000083700000, 0x0000000083800000, 0x0000000083800000|100%| O|  |TAMS 0x0000000083800000| PB 0x0000000083700000| Untracked 
|  56|0x0000000083800000, 0x0000000083900000, 0x0000000083900000|100%| O|  |TAMS 0x0000000083900000| PB 0x0000000083800000| Untracked 
|  57|0x0000000083900000, 0x0000000083a00000, 0x0000000083a00000|100%| O|  |TAMS 0x0000000083a00000| PB 0x0000000083900000| Untracked 
|  58|0x0000000083a00000, 0x0000000083b00000, 0x0000000083b00000|100%| O|  |TAMS 0x0000000083b00000| PB 0x0000000083a00000| Untracked 
|  59|0x0000000083b00000, 0x0000000083c00000, 0x0000000083c00000|100%| O|  |TAMS 0x0000000083c00000| PB 0x0000000083b00000| Untracked 
|  60|0x0000000083c00000, 0x0000000083d00000, 0x0000000083d00000|100%| O|  |TAMS 0x0000000083d00000| PB 0x0000000083c00000| Untracked 
|  61|0x0000000083d00000, 0x0000000083e00000, 0x0000000083e00000|100%| O|  |TAMS 0x0000000083e00000| PB 0x0000000083d00000| Untracked 
|  62|0x0000000083e00000, 0x0000000083f00000, 0x0000000083f00000|100%| O|  |TAMS 0x0000000083f00000| PB 0x0000000083e00000| Untracked 
|  63|0x0000000083f00000, 0x0000000084000000, 0x0000000084000000|100%| O|  |TAMS 0x0000000084000000| PB 0x0000000083f00000| Untracked 
|  64|0x0000000084000000, 0x0000000084100000, 0x0000000084100000|100%| O|  |TAMS 0x0000000084100000| PB 0x0000000084000000| Untracked 
|  65|0x0000000084100000, 0x0000000084200000, 0x0000000084200000|100%| O|  |TAMS 0x0000000084200000| PB 0x0000000084100000| Untracked 
|  66|0x0000000084200000, 0x0000000084200000, 0x0000000084300000|  0%| F|  |TAMS 0x0000000084200000| PB 0x0000000084200000| Untracked 
|  67|0x0000000084300000, 0x0000000084400000, 0x0000000084400000|100%| O|  |TAMS 0x0000000084400000| PB 0x0000000084300000| Untracked 
|  68|0x0000000084400000, 0x0000000084500000, 0x0000000084500000|100%| O|  |TAMS 0x0000000084500000| PB 0x0000000084400000| Untracked 
|  69|0x0000000084500000, 0x0000000084500000, 0x0000000084600000|  0%| F|  |TAMS 0x0000000084500000| PB 0x0000000084500000| Untracked 
|  70|0x0000000084600000, 0x0000000084700000, 0x0000000084700000|100%| O|  |TAMS 0x0000000084700000| PB 0x0000000084600000| Untracked 
|  71|0x0000000084700000, 0x0000000084800000, 0x0000000084800000|100%| O|  |TAMS 0x0000000084800000| PB 0x0000000084700000| Untracked 
|  72|0x0000000084800000, 0x0000000084900000, 0x0000000084900000|100%| O|  |TAMS 0x0000000084900000| PB 0x0000000084800000| Untracked 
|  73|0x0000000084900000, 0x0000000084a00000, 0x0000000084a00000|100%| O|  |TAMS 0x0000000084a00000| PB 0x0000000084900000| Untracked 
|  74|0x0000000084a00000, 0x0000000084b00000, 0x0000000084b00000|100%| O|  |TAMS 0x0000000084b00000| PB 0x0000000084a00000| Untracked 
|  75|0x0000000084b00000, 0x0000000084c00000, 0x0000000084c00000|100%| O|  |TAMS 0x0000000084c00000| PB 0x0000000084b00000| Untracked 
|  76|0x0000000084c00000, 0x0000000084d00000, 0x0000000084d00000|100%| O|  |TAMS 0x0000000084d00000| PB 0x0000000084c00000| Untracked 
|  77|0x0000000084d00000, 0x0000000084e00000, 0x0000000084e00000|100%| O|  |TAMS 0x0000000084e00000| PB 0x0000000084d00000| Untracked 
|  78|0x0000000084e00000, 0x0000000084f00000, 0x0000000084f00000|100%| O|  |TAMS 0x0000000084f00000| PB 0x0000000084e00000| Untracked 
|  79|0x0000000084f00000, 0x0000000084f00000, 0x0000000085000000|  0%| F|  |TAMS 0x0000000084f00000| PB 0x0000000084f00000| Untracked 
|  80|0x0000000085000000, 0x0000000085100000, 0x0000000085100000|100%| O|  |TAMS 0x0000000085100000| PB 0x0000000085000000| Untracked 
|  81|0x0000000085100000, 0x0000000085200000, 0x0000000085200000|100%| O|  |TAMS 0x0000000085200000| PB 0x0000000085100000| Untracked 
|  82|0x0000000085200000, 0x0000000085300000, 0x0000000085300000|100%| O|  |TAMS 0x0000000085300000| PB 0x0000000085200000| Untracked 
|  83|0x0000000085300000, 0x0000000085400000, 0x0000000085400000|100%|HS|  |TAMS 0x0000000085400000| PB 0x0000000085300000| Complete 
|  84|0x0000000085400000, 0x0000000085500000, 0x0000000085500000|100%|HS|  |TAMS 0x0000000085500000| PB 0x0000000085400000| Complete 
|  85|0x0000000085500000, 0x0000000085600000, 0x0000000085600000|100%|HS|  |TAMS 0x0000000085600000| PB 0x0000000085500000| Complete 
|  86|0x0000000085600000, 0x0000000085700000, 0x0000000085700000|100%|HS|  |TAMS 0x0000000085700000| PB 0x0000000085600000| Complete 
|  87|0x0000000085700000, 0x0000000085800000, 0x0000000085800000|100%|HS|  |TAMS 0x0000000085800000| PB 0x0000000085700000| Complete 
|  88|0x0000000085800000, 0x0000000085900000, 0x0000000085900000|100%| O|  |TAMS 0x0000000085900000| PB 0x0000000085800000| Untracked 
|  89|0x0000000085900000, 0x0000000085a00000, 0x0000000085a00000|100%|HS|  |TAMS 0x0000000085a00000| PB 0x0000000085900000| Complete 
|  90|0x0000000085a00000, 0x0000000085b00000, 0x0000000085b00000|100%| O|  |TAMS 0x0000000085b00000| PB 0x0000000085a00000| Untracked 
|  91|0x0000000085b00000, 0x0000000085b00000, 0x0000000085c00000|  0%| F|  |TAMS 0x0000000085b00000| PB 0x0000000085b00000| Untracked 
|  92|0x0000000085c00000, 0x0000000085d00000, 0x0000000085d00000|100%| O|  |TAMS 0x0000000085d00000| PB 0x0000000085c00000| Untracked 
|  93|0x0000000085d00000, 0x0000000085e00000, 0x0000000085e00000|100%|HS|  |TAMS 0x0000000085e00000| PB 0x0000000085d00000| Complete 
|  94|0x0000000085e00000, 0x0000000085f00000, 0x0000000085f00000|100%| O|  |TAMS 0x0000000085f00000| PB 0x0000000085e00000| Untracked 
|  95|0x0000000085f00000, 0x0000000086000000, 0x0000000086000000|100%| O|  |TAMS 0x0000000086000000| PB 0x0000000085f00000| Untracked 
|  96|0x0000000086000000, 0x0000000086100000, 0x0000000086100000|100%| O|  |TAMS 0x0000000086100000| PB 0x0000000086000000| Untracked 
|  97|0x0000000086100000, 0x0000000086200000, 0x0000000086200000|100%| O|  |TAMS 0x0000000086200000| PB 0x0000000086100000| Untracked 
|  98|0x0000000086200000, 0x0000000086300000, 0x0000000086300000|100%| O|  |TAMS 0x0000000086300000| PB 0x0000000086200000| Untracked 
|  99|0x0000000086300000, 0x0000000086400000, 0x0000000086400000|100%| O|  |TAMS 0x0000000086400000| PB 0x0000000086300000| Untracked 
| 100|0x0000000086400000, 0x0000000086500000, 0x0000000086500000|100%| O|  |TAMS 0x0000000086500000| PB 0x0000000086400000| Untracked 
| 101|0x0000000086500000, 0x0000000086600000, 0x0000000086600000|100%| O|  |TAMS 0x0000000086600000| PB 0x0000000086500000| Untracked 
| 102|0x0000000086600000, 0x0000000086700000, 0x0000000086700000|100%| O|  |TAMS 0x0000000086700000| PB 0x0000000086600000| Untracked 
| 103|0x0000000086700000, 0x0000000086800000, 0x0000000086800000|100%| O|  |TAMS 0x0000000086800000| PB 0x0000000086700000| Untracked 
| 104|0x0000000086800000, 0x0000000086900000, 0x0000000086900000|100%| O|  |TAMS 0x0000000086900000| PB 0x0000000086800000| Untracked 
| 105|0x0000000086900000, 0x0000000086a00000, 0x0000000086a00000|100%| O|  |TAMS 0x0000000086a00000| PB 0x0000000086900000| Untracked 
| 106|0x0000000086a00000, 0x0000000086b00000, 0x0000000086b00000|100%| O|  |TAMS 0x0000000086b00000| PB 0x0000000086a00000| Untracked 
| 107|0x0000000086b00000, 0x0000000086c00000, 0x0000000086c00000|100%| O|  |TAMS 0x0000000086c00000| PB 0x0000000086b00000| Untracked 
| 108|0x0000000086c00000, 0x0000000086d00000, 0x0000000086d00000|100%| O|  |TAMS 0x0000000086d00000| PB 0x0000000086c00000| Untracked 
| 109|0x0000000086d00000, 0x0000000086e00000, 0x0000000086e00000|100%| O|  |TAMS 0x0000000086e00000| PB 0x0000000086d00000| Untracked 
| 110|0x0000000086e00000, 0x0000000086f00000, 0x0000000086f00000|100%| O|  |TAMS 0x0000000086f00000| PB 0x0000000086e00000| Untracked 
| 111|0x0000000086f00000, 0x0000000087000000, 0x0000000087000000|100%| O|  |TAMS 0x0000000087000000| PB 0x0000000086f00000| Untracked 
| 112|0x0000000087000000, 0x0000000087039010, 0x0000000087100000| 22%| O|  |TAMS 0x0000000087039010| PB 0x0000000087000000| Untracked 
| 113|0x0000000087100000, 0x0000000087100000, 0x0000000087200000|  0%| F|  |TAMS 0x0000000087100000| PB 0x0000000087100000| Untracked 
| 114|0x0000000087200000, 0x0000000087300000, 0x0000000087300000|100%| O|  |TAMS 0x0000000087300000| PB 0x0000000087200000| Untracked 
| 115|0x0000000087300000, 0x0000000087300000, 0x0000000087400000|  0%| F|  |TAMS 0x0000000087300000| PB 0x0000000087300000| Untracked 
| 116|0x0000000087400000, 0x0000000087400000, 0x0000000087500000|  0%| F|  |TAMS 0x0000000087400000| PB 0x0000000087400000| Untracked 
| 117|0x0000000087500000, 0x0000000087500000, 0x0000000087600000|  0%| F|  |TAMS 0x0000000087500000| PB 0x0000000087500000| Untracked 
| 118|0x0000000087600000, 0x0000000087600000, 0x0000000087700000|  0%| F|  |TAMS 0x0000000087600000| PB 0x0000000087600000| Untracked 
| 119|0x0000000087700000, 0x0000000087700000, 0x0000000087800000|  0%| F|  |TAMS 0x0000000087700000| PB 0x0000000087700000| Untracked 
| 120|0x0000000087800000, 0x0000000087899f20, 0x0000000087900000| 60%| S|  |TAMS 0x0000000087800000| PB 0x0000000087800000| Complete 
| 121|0x0000000087900000, 0x0000000087a00000, 0x0000000087a00000|100%| S|  |TAMS 0x0000000087900000| PB 0x0000000087900000| Complete 
| 122|0x0000000087a00000, 0x0000000087b00000, 0x0000000087b00000|100%| S|  |TAMS 0x0000000087a00000| PB 0x0000000087a00000| Complete 
| 123|0x0000000087b00000, 0x0000000087c00000, 0x0000000087c00000|100%| S|  |TAMS 0x0000000087b00000| PB 0x0000000087b00000| Complete 
| 124|0x0000000087c00000, 0x0000000087d00000, 0x0000000087d00000|100%| S|  |TAMS 0x0000000087c00000| PB 0x0000000087c00000| Complete 
| 125|0x0000000087d00000, 0x0000000087d4c818, 0x0000000087e00000| 29%| E|CS|TAMS 0x0000000087d00000| PB 0x0000000087d00000| Complete 
| 126|0x0000000087e00000, 0x0000000087f00000, 0x0000000087f00000|100%| E|CS|TAMS 0x0000000087e00000| PB 0x0000000087e00000| Complete 
| 127|0x0000000087f00000, 0x0000000088000000, 0x0000000088000000|100%| E|CS|TAMS 0x0000000087f00000| PB 0x0000000087f00000| Complete 
| 128|0x0000000088000000, 0x0000000088100000, 0x0000000088100000|100%| E|CS|TAMS 0x0000000088000000| PB 0x0000000088000000| Complete 
| 129|0x0000000088100000, 0x0000000088200000, 0x0000000088200000|100%| E|CS|TAMS 0x0000000088100000| PB 0x0000000088100000| Complete 
| 130|0x0000000088200000, 0x0000000088300000, 0x0000000088300000|100%| E|CS|TAMS 0x0000000088200000| PB 0x0000000088200000| Complete 
| 131|0x0000000088300000, 0x0000000088400000, 0x0000000088400000|100%| E|CS|TAMS 0x0000000088300000| PB 0x0000000088300000| Complete 
| 132|0x0000000088400000, 0x0000000088500000, 0x0000000088500000|100%| E|CS|TAMS 0x0000000088400000| PB 0x0000000088400000| Complete 
| 133|0x0000000088500000, 0x0000000088600000, 0x0000000088600000|100%| E|CS|TAMS 0x0000000088500000| PB 0x0000000088500000| Complete 
| 134|0x0000000088600000, 0x0000000088700000, 0x0000000088700000|100%| E|CS|TAMS 0x0000000088600000| PB 0x0000000088600000| Complete 
| 135|0x0000000088700000, 0x0000000088800000, 0x0000000088800000|100%| E|CS|TAMS 0x0000000088700000| PB 0x0000000088700000| Complete 
| 136|0x0000000088800000, 0x0000000088900000, 0x0000000088900000|100%| E|CS|TAMS 0x0000000088800000| PB 0x0000000088800000| Complete 
| 137|0x0000000088900000, 0x0000000088a00000, 0x0000000088a00000|100%| E|CS|TAMS 0x0000000088900000| PB 0x0000000088900000| Complete 
| 138|0x0000000088a00000, 0x0000000088b00000, 0x0000000088b00000|100%| E|CS|TAMS 0x0000000088a00000| PB 0x0000000088a00000| Complete 
| 139|0x0000000088b00000, 0x0000000088c00000, 0x0000000088c00000|100%| E|CS|TAMS 0x0000000088b00000| PB 0x0000000088b00000| Complete 
| 140|0x0000000088c00000, 0x0000000088d00000, 0x0000000088d00000|100%| E|CS|TAMS 0x0000000088c00000| PB 0x0000000088c00000| Complete 
| 141|0x0000000088d00000, 0x0000000088e00000, 0x0000000088e00000|100%| E|CS|TAMS 0x0000000088d00000| PB 0x0000000088d00000| Complete 
| 142|0x0000000088e00000, 0x0000000088f00000, 0x0000000088f00000|100%| E|CS|TAMS 0x0000000088e00000| PB 0x0000000088e00000| Complete 
| 143|0x0000000088f00000, 0x0000000089000000, 0x0000000089000000|100%| E|CS|TAMS 0x0000000088f00000| PB 0x0000000088f00000| Complete 
| 144|0x0000000089000000, 0x0000000089100000, 0x0000000089100000|100%| E|CS|TAMS 0x0000000089000000| PB 0x0000000089000000| Complete 
| 145|0x0000000089100000, 0x0000000089200000, 0x0000000089200000|100%| E|CS|TAMS 0x0000000089100000| PB 0x0000000089100000| Complete 
| 146|0x0000000089200000, 0x0000000089300000, 0x0000000089300000|100%| E|CS|TAMS 0x0000000089200000| PB 0x0000000089200000| Complete 
| 147|0x0000000089300000, 0x0000000089400000, 0x0000000089400000|100%| E|CS|TAMS 0x0000000089300000| PB 0x0000000089300000| Complete 
| 148|0x0000000089400000, 0x0000000089500000, 0x0000000089500000|100%| E|CS|TAMS 0x0000000089400000| PB 0x0000000089400000| Complete 
| 149|0x0000000089500000, 0x0000000089600000, 0x0000000089600000|100%| E|CS|TAMS 0x0000000089500000| PB 0x0000000089500000| Complete 
| 150|0x0000000089600000, 0x0000000089700000, 0x0000000089700000|100%| E|CS|TAMS 0x0000000089600000| PB 0x0000000089600000| Complete 
| 151|0x0000000089700000, 0x0000000089800000, 0x0000000089800000|100%| E|CS|TAMS 0x0000000089700000| PB 0x0000000089700000| Complete 
| 152|0x0000000089800000, 0x0000000089900000, 0x0000000089900000|100%| E|CS|TAMS 0x0000000089800000| PB 0x0000000089800000| Complete 
| 153|0x0000000089900000, 0x0000000089a00000, 0x0000000089a00000|100%| E|CS|TAMS 0x0000000089900000| PB 0x0000000089900000| Complete 
| 154|0x0000000089a00000, 0x0000000089b00000, 0x0000000089b00000|100%| E|CS|TAMS 0x0000000089a00000| PB 0x0000000089a00000| Complete 
| 155|0x0000000089b00000, 0x0000000089c00000, 0x0000000089c00000|100%| E|CS|TAMS 0x0000000089b00000| PB 0x0000000089b00000| Complete 
| 156|0x0000000089c00000, 0x0000000089d00000, 0x0000000089d00000|100%| E|CS|TAMS 0x0000000089c00000| PB 0x0000000089c00000| Complete 
| 157|0x0000000089d00000, 0x0000000089e00000, 0x0000000089e00000|100%| E|CS|TAMS 0x0000000089d00000| PB 0x0000000089d00000| Complete 
| 158|0x0000000089e00000, 0x0000000089f00000, 0x0000000089f00000|100%| E|CS|TAMS 0x0000000089e00000| PB 0x0000000089e00000| Complete 
| 159|0x0000000089f00000, 0x000000008a000000, 0x000000008a000000|100%| E|CS|TAMS 0x0000000089f00000| PB 0x0000000089f00000| Complete 
| 160|0x000000008a000000, 0x000000008a100000, 0x000000008a100000|100%| E|CS|TAMS 0x000000008a000000| PB 0x000000008a000000| Complete 
| 161|0x000000008a100000, 0x000000008a200000, 0x000000008a200000|100%| E|CS|TAMS 0x000000008a100000| PB 0x000000008a100000| Complete 
| 162|0x000000008a200000, 0x000000008a300000, 0x000000008a300000|100%| E|CS|TAMS 0x000000008a200000| PB 0x000000008a200000| Complete 
| 163|0x000000008a300000, 0x000000008a400000, 0x000000008a400000|100%| E|CS|TAMS 0x000000008a300000| PB 0x000000008a300000| Complete 
| 164|0x000000008a400000, 0x000000008a500000, 0x000000008a500000|100%| E|CS|TAMS 0x000000008a400000| PB 0x000000008a400000| Complete 
| 165|0x000000008a500000, 0x000000008a600000, 0x000000008a600000|100%| E|CS|TAMS 0x000000008a500000| PB 0x000000008a500000| Complete 
| 166|0x000000008a600000, 0x000000008a700000, 0x000000008a700000|100%| E|CS|TAMS 0x000000008a600000| PB 0x000000008a600000| Complete 
| 167|0x000000008a700000, 0x000000008a800000, 0x000000008a800000|100%| E|CS|TAMS 0x000000008a700000| PB 0x000000008a700000| Complete 
| 168|0x000000008a800000, 0x000000008a900000, 0x000000008a900000|100%| E|CS|TAMS 0x000000008a800000| PB 0x000000008a800000| Complete 
| 169|0x000000008a900000, 0x000000008aa00000, 0x000000008aa00000|100%| E|CS|TAMS 0x000000008a900000| PB 0x000000008a900000| Complete 
| 170|0x000000008aa00000, 0x000000008ab00000, 0x000000008ab00000|100%| E|CS|TAMS 0x000000008aa00000| PB 0x000000008aa00000| Complete 
| 171|0x000000008ab00000, 0x000000008ac00000, 0x000000008ac00000|100%| E|CS|TAMS 0x000000008ab00000| PB 0x000000008ab00000| Complete 
| 172|0x000000008ac00000, 0x000000008ad00000, 0x000000008ad00000|100%| E|CS|TAMS 0x000000008ac00000| PB 0x000000008ac00000| Complete 
| 173|0x000000008ad00000, 0x000000008ae00000, 0x000000008ae00000|100%| E|CS|TAMS 0x000000008ad00000| PB 0x000000008ad00000| Complete 
| 174|0x000000008ae00000, 0x000000008af00000, 0x000000008af00000|100%| E|CS|TAMS 0x000000008ae00000| PB 0x000000008ae00000| Complete 
| 175|0x000000008af00000, 0x000000008b000000, 0x000000008b000000|100%| E|CS|TAMS 0x000000008af00000| PB 0x000000008af00000| Complete 
| 176|0x000000008b000000, 0x000000008b100000, 0x000000008b100000|100%| E|CS|TAMS 0x000000008b000000| PB 0x000000008b000000| Complete 
| 177|0x000000008b100000, 0x000000008b200000, 0x000000008b200000|100%| E|CS|TAMS 0x000000008b100000| PB 0x000000008b100000| Complete 
| 178|0x000000008b200000, 0x000000008b300000, 0x000000008b300000|100%| E|CS|TAMS 0x000000008b200000| PB 0x000000008b200000| Complete 
| 179|0x000000008b300000, 0x000000008b400000, 0x000000008b400000|100%| E|CS|TAMS 0x000000008b300000| PB 0x000000008b300000| Complete 
| 212|0x000000008d400000, 0x000000008d500000, 0x000000008d500000|100%| E|CS|TAMS 0x000000008d400000| PB 0x000000008d400000| Complete 
| 213|0x000000008d500000, 0x000000008d600000, 0x000000008d600000|100%| E|CS|TAMS 0x000000008d500000| PB 0x000000008d500000| Complete 
| 214|0x000000008d600000, 0x000000008d700000, 0x000000008d700000|100%| E|CS|TAMS 0x000000008d600000| PB 0x000000008d600000| Complete 
| 240|0x000000008f000000, 0x000000008f100000, 0x000000008f100000|100%| E|CS|TAMS 0x000000008f000000| PB 0x000000008f000000| Complete 
| 241|0x000000008f100000, 0x000000008f200000, 0x000000008f200000|100%| E|CS|TAMS 0x000000008f100000| PB 0x000000008f100000| Complete 
|2040|0x00000000ff800000, 0x00000000ff900000, 0x00000000ff900000|100%| E|CS|TAMS 0x00000000ff800000| PB 0x00000000ff800000| Complete 
|2041|0x00000000ff900000, 0x00000000ffa00000, 0x00000000ffa00000|100%| E|CS|TAMS 0x00000000ff900000| PB 0x00000000ff900000| Complete 
|2042|0x00000000ffa00000, 0x00000000ffb00000, 0x00000000ffb00000|100%| O|  |TAMS 0x00000000ffb00000| PB 0x00000000ffa00000| Untracked 
|2043|0x00000000ffb00000, 0x00000000ffc00000, 0x00000000ffc00000|100%| O|  |TAMS 0x00000000ffc00000| PB 0x00000000ffb00000| Untracked 
|2044|0x00000000ffc00000, 0x00000000ffd00000, 0x00000000ffd00000|100%| O|  |TAMS 0x00000000ffd00000| PB 0x00000000ffc00000| Untracked 
|2045|0x00000000ffd00000, 0x00000000ffe00000, 0x00000000ffe00000|100%| O|  |TAMS 0x00000000ffe00000| PB 0x00000000ffd00000| Untracked 
|2046|0x00000000ffe00000, 0x00000000fff00000, 0x00000000fff00000|100%| O|  |TAMS 0x00000000fff00000| PB 0x00000000ffe00000| Untracked 
|2047|0x00000000fff00000, 0x0000000100000000, 0x0000000100000000|100%| E|CS|TAMS 0x00000000fff00000| PB 0x00000000fff00000| Complete 

Card table byte_map: [0x0000797c4ea00000,0x0000797c4ee00000] _byte_map_base: 0x0000797c4e600000

Marking Bits: (CMBitMap*) 0x0000797c48087cf0
 Bits: [0x0000797c4ca00000, 0x0000797c4ea00000)

Polling page: 0x0000797c512ee000

Metaspace:

Usage:
  Non-class:     74.13 MB used.
      Class:     12.53 MB used.
       Both:     86.65 MB used.

Virtual space:
  Non-class space:      128.00 MB reserved,      75.19 MB ( 59%) committed,  2 nodes.
      Class space:        1.00 GB reserved,      13.44 MB (  1%) committed,  1 nodes.
             Both:        1.12 GB reserved,      88.62 MB (  8%) committed. 

Chunk freelists:
   Non-Class:  4.23 MB
       Class:  2.52 MB
        Both:  6.75 MB

MaxMetaspaceSize: unlimited
CompressedClassSpaceSize: 1.00 GB
Initial GC threshold: 21.00 MB
Current GC threshold: 130.62 MB
CDS: on
 - commit_granule_bytes: 65536.
 - commit_granule_words: 8192.
 - virtual_space_node_default_size: 8388608.
 - enlarge_chunks_in_place: 1.
 - use_allocation_guard: 0.


Internal statistics:

num_allocs_failed_limit: 3.
num_arena_births: 3848.
num_arena_deaths: 2.
num_vsnodes_births: 3.
num_vsnodes_deaths: 0.
num_space_committed: 1418.
num_space_uncommitted: 0.
num_chunks_returned_to_freelist: 7.
num_chunks_taken_from_freelist: 8148.
num_chunk_merges: 3.
num_chunk_splits: 5390.
num_chunks_enlarged: 3409.
num_inconsistent_stats: 0.

CodeHeap 'non-profiled nmethods': size=120032Kb used=6272Kb max_used=6272Kb free=113759Kb
 bounds [0x0000797c3ccc8000, 0x0000797c3d2f8000, 0x0000797c44200000]
CodeHeap 'profiled nmethods': size=120028Kb used=17662Kb max_used=17662Kb free=102365Kb
 bounds [0x0000797c35200000, 0x0000797c36340000, 0x0000797c3c737000]
CodeHeap 'non-nmethods': size=5700Kb used=2802Kb max_used=2902Kb free=2897Kb
 bounds [0x0000797c3c737000, 0x0000797c3ca27000, 0x0000797c3ccc8000]
CodeCache: size=245760Kb, used=26736Kb, max_used=26836Kb, free=219021Kb
 total_blobs=10724, nmethods=9781, adapters=848, full_count=0
Compilation: enabled, stopped_count=0, restarted_count=0

Compilation events (20 events):
Event: 27.231 Thread 0x0000797c481bfd40 11493       3       kotlin.reflect.jvm.internal.impl.name.Name::identifier (18 bytes)
Event: 27.231 Thread 0x0000797c481bfd40 nmethod 11493 0x0000797c3633d910 code [0x0000797c3633dae0, 0x0000797c3633de20]
Event: 27.231 Thread 0x0000797c481bfd40 11494       3       kotlin.reflect.jvm.internal.impl.name.FqName::asString (16 bytes)
Event: 27.232 Thread 0x0000797c481bfd40 nmethod 11494 0x0000797c3633df90 code [0x0000797c3633e160, 0x0000797c3633e3a8]
Event: 27.232 Thread 0x0000797c481bfd40 11495       3       kotlin.reflect.jvm.internal.impl.name.FqName::<init> (18 bytes)
Event: 27.232 Thread 0x0000797c481bfd40 nmethod 11495 0x0000797c3633e490 code [0x0000797c3633e640, 0x0000797c3633e870]
Event: 27.233 Thread 0x0000797c481bfd40 11496       3       org.gradle.internal.reflect.annotations.impl.DefaultTypeAnnotationMetadataStore$$Lambda/0x0000797bd86a3578::apply (8 bytes)
Event: 27.234 Thread 0x0000797c481bfd40 nmethod 11496 0x0000797c3633e990 code [0x0000797c3633eb40, 0x0000797c3633ed58]
Event: 27.234 Thread 0x0000797c481bfd40 11497       3       org.gradle.internal.reflect.annotations.impl.DefaultTypeAnnotationMetadataStore$$Lambda/0x0000797bd86aafe0::apply (8 bytes)
Event: 27.235 Thread 0x0000797c481bfd40 nmethod 11497 0x0000797c3633ee10 code [0x0000797c3633efc0, 0x0000797c3633f1d8]
Event: 27.235 Thread 0x0000797c481bfd40 11499       3       org.gradle.model.internal.asm.ClassVisitorScope::addMethod (11 bytes)
Event: 27.235 Thread 0x0000797bb06d44b0 11500       4       org.objectweb.asm.ByteVector::put11 (52 bytes)
Event: 27.235 Thread 0x0000797c481bfd40 nmethod 11499 0x0000797c3633f290 code [0x0000797c3633f440, 0x0000797c3633f588]
Event: 27.235 Thread 0x0000797c481bfd40 11501       3       org.gradle.internal.instantiation.generator.AsmBackedClassGenerator$ClassBuilderImpl::access$2100 (4 bytes)
Event: 27.235 Thread 0x0000797c481bfd40 nmethod 11501 0x0000797c3633f690 code [0x0000797c3633f820, 0x0000797c3633f910]
Event: 27.235 Thread 0x0000797c481bfd40 11498       1       org.gradle.internal.properties.annotations.DefaultTypeMetadataStore$DefaultPropertyMetadata::getPropertyType (5 bytes)
Event: 27.235 Thread 0x0000797c481bfd40 nmethod 11498 0x0000797c3d2e7810 code [0x0000797c3d2e79a0, 0x0000797c3d2e7a60]
Event: 27.237 Thread 0x0000797bb06d44b0 nmethod 11500 0x0000797c3d2e7b10 code [0x0000797c3d2e7ca0, 0x0000797c3d2e7e68]
Event: 27.240 Thread 0x0000797c481bfd40 11502       1       com.android.build.api.component.impl.ComponentImpl::getServices (5 bytes)
Event: 27.241 Thread 0x0000797c481bfd40 nmethod 11502 0x0000797c3d2e8010 code [0x0000797c3d2e81a0, 0x0000797c3d2e8260]

GC Heap History (20 events):
Event: 15.886 GC heap after
{Heap after GC invocations=20 (full 0):
 garbage-first heap   total 141312K, used 88285K [0x0000000080000000, 0x0000000100000000)
  region size 1024K, 5 young (5120K), 5 survivors (5120K)
 Metaspace       used 56951K, committed 58688K, reserved 1114112K
  class space    used 8431K, committed 9280K, reserved 1048576K
}
Event: 16.250 GC heap before
{Heap before GC invocations=21 (full 0):
 garbage-first heap   total 148480K, used 128221K [0x0000000080000000, 0x0000000100000000)
  region size 1024K, 44 young (45056K), 5 survivors (5120K)
 Metaspace       used 56966K, committed 58688K, reserved 1114112K
  class space    used 8431K, committed 9280K, reserved 1048576K
}
Event: 16.259 GC heap after
{Heap after GC invocations=22 (full 0):
 garbage-first heap   total 148480K, used 89541K [0x0000000080000000, 0x0000000100000000)
  region size 1024K, 4 young (4096K), 4 survivors (4096K)
 Metaspace       used 56966K, committed 58688K, reserved 1114112K
  class space    used 8431K, committed 9280K, reserved 1048576K
}
Event: 17.593 GC heap before
{Heap before GC invocations=22 (full 0):
 garbage-first heap   total 148480K, used 134597K [0x0000000080000000, 0x0000000100000000)
  region size 1024K, 48 young (49152K), 4 survivors (4096K)
 Metaspace       used 59999K, committed 61696K, reserved 1114112K
  class space    used 8954K, committed 9792K, reserved 1048576K
}
Event: 17.632 GC heap after
{Heap after GC invocations=23 (full 0):
 garbage-first heap   total 148480K, used 90265K [0x0000000080000000, 0x0000000100000000)
  region size 1024K, 6 young (6144K), 6 survivors (6144K)
 Metaspace       used 59999K, committed 61696K, reserved 1114112K
  class space    used 8954K, committed 9792K, reserved 1048576K
}
Event: 19.560 GC heap before
{Heap before GC invocations=23 (full 0):
 garbage-first heap   total 148480K, used 131225K [0x0000000080000000, 0x0000000100000000)
  region size 1024K, 47 young (48128K), 6 survivors (6144K)
 Metaspace       used 63045K, committed 64768K, reserved 1114112K
  class space    used 9326K, committed 10176K, reserved 1048576K
}
Event: 19.590 GC heap after
{Heap after GC invocations=24 (full 0):
 garbage-first heap   total 197632K, used 92315K [0x0000000080000000, 0x0000000100000000)
  region size 1024K, 3 young (3072K), 3 survivors (3072K)
 Metaspace       used 63045K, committed 64768K, reserved 1114112K
  class space    used 9326K, committed 10176K, reserved 1048576K
}
Event: 19.644 GC heap before
{Heap before GC invocations=24 (full 0):
 garbage-first heap   total 197632K, used 93339K [0x0000000080000000, 0x0000000100000000)
  region size 1024K, 4 young (4096K), 3 survivors (3072K)
 Metaspace       used 63084K, committed 64832K, reserved 1114112K
  class space    used 9332K, committed 10176K, reserved 1048576K
}
Event: 19.662 GC heap after
{Heap after GC invocations=25 (full 0):
 garbage-first heap   total 197632K, used 93706K [0x0000000080000000, 0x0000000100000000)
  region size 1024K, 3 young (3072K), 3 survivors (3072K)
 Metaspace       used 63084K, committed 64832K, reserved 1114112K
  class space    used 9332K, committed 10176K, reserved 1048576K
}
Event: 21.399 GC heap before
{Heap before GC invocations=26 (full 0):
 garbage-first heap   total 197632K, used 171530K [0x0000000080000000, 0x0000000100000000)
  region size 1024K, 74 young (75776K), 3 survivors (3072K)
 Metaspace       used 68442K, committed 70272K, reserved 1114112K
  class space    used 9953K, committed 10816K, reserved 1048576K
}
Event: 21.418 GC heap after
{Heap after GC invocations=27 (full 0):
 garbage-first heap   total 197632K, used 105881K [0x0000000080000000, 0x0000000100000000)
  region size 1024K, 10 young (10240K), 10 survivors (10240K)
 Metaspace       used 68442K, committed 70272K, reserved 1114112K
  class space    used 9953K, committed 10816K, reserved 1048576K
}
Event: 22.806 GC heap before
{Heap before GC invocations=27 (full 0):
 garbage-first heap   total 197632K, used 176537K [0x0000000080000000, 0x0000000100000000)
  region size 1024K, 74 young (75776K), 10 survivors (10240K)
 Metaspace       used 73390K, committed 75264K, reserved 1114112K
  class space    used 10598K, committed 11520K, reserved 1048576K
}
Event: 22.824 GC heap after
{Heap after GC invocations=28 (full 0):
 garbage-first heap   total 197632K, used 110794K [0x0000000080000000, 0x0000000100000000)
  region size 1024K, 6 young (6144K), 6 survivors (6144K)
 Metaspace       used 73390K, committed 75264K, reserved 1114112K
  class space    used 10598K, committed 11520K, reserved 1048576K
}
Event: 23.940 GC heap before
{Heap before GC invocations=28 (full 0):
 garbage-first heap   total 197632K, used 174282K [0x0000000080000000, 0x0000000100000000)
  region size 1024K, 68 young (69632K), 6 survivors (6144K)
 Metaspace       used 77825K, committed 79744K, reserved 1179648K
  class space    used 11176K, committed 12096K, reserved 1048576K
}
Event: 23.950 GC heap after
{Heap after GC invocations=29 (full 0):
 garbage-first heap   total 197632K, used 113879K [0x0000000080000000, 0x0000000100000000)
  region size 1024K, 4 young (4096K), 4 survivors (4096K)
 Metaspace       used 77825K, committed 79744K, reserved 1179648K
  class space    used 11176K, committed 12096K, reserved 1048576K
}
Event: 24.908 GC heap before
{Heap before GC invocations=30 (full 0):
 garbage-first heap   total 197632K, used 176343K [0x0000000080000000, 0x0000000100000000)
  region size 1024K, 66 young (67584K), 4 survivors (4096K)
 Metaspace       used 79854K, committed 81792K, reserved 1179648K
  class space    used 11446K, committed 12352K, reserved 1048576K
}
Event: 24.931 GC heap after
{Heap after GC invocations=31 (full 0):
 garbage-first heap   total 197632K, used 118288K [0x0000000080000000, 0x0000000100000000)
  region size 1024K, 8 young (8192K), 8 survivors (8192K)
 Metaspace       used 79854K, committed 81792K, reserved 1179648K
  class space    used 11446K, committed 12352K, reserved 1048576K
}
Event: 26.096 GC heap before
{Heap before GC invocations=31 (full 0):
 garbage-first heap   total 197632K, used 180752K [0x0000000080000000, 0x0000000100000000)
  region size 1024K, 68 young (69632K), 8 survivors (8192K)
 Metaspace       used 84028K, committed 86016K, reserved 1179648K
  class space    used 12015K, committed 12992K, reserved 1048576K
}
Event: 26.119 GC heap after
{Heap after GC invocations=32 (full 0):
 garbage-first heap   total 197632K, used 119318K [0x0000000080000000, 0x0000000100000000)
  region size 1024K, 3 young (3072K), 3 survivors (3072K)
 Metaspace       used 84028K, committed 86016K, reserved 1179648K
  class space    used 12015K, committed 12992K, reserved 1048576K
}
Event: 27.242 GC heap before
{Heap before GC invocations=32 (full 0):
 garbage-first heap   total 197632K, used 180758K [0x0000000080000000, 0x0000000100000000)
  region size 1024K, 63 young (64512K), 3 survivors (3072K)
 Metaspace       used 88733K, committed 90752K, reserved 1179648K
  class space    used 12825K, committed 13760K, reserved 1048576K
}

Dll operation events (14 events):
Event: 0.005 Loaded shared library /home/muhammad-usman/.jdks/jbr-21.0.11-1/lib/libjava.so
Event: 0.058 Loaded shared library /home/muhammad-usman/.jdks/jbr-21.0.11-1/lib/libjsvml.so
Event: 0.105 Loaded shared library /home/muhammad-usman/.jdks/jbr-21.0.11-1/lib/libzip.so
Event: 0.131 Loaded shared library /home/muhammad-usman/.jdks/jbr-21.0.11-1/lib/libnio.so
Event: 0.138 Loaded shared library /home/muhammad-usman/.jdks/jbr-21.0.11-1/lib/libinstrument.so
Event: 0.147 Loaded shared library /home/muhammad-usman/.jdks/jbr-21.0.11-1/lib/libzip.so
Event: 0.295 Loaded shared library /home/muhammad-usman/.jdks/jbr-21.0.11-1/lib/libnet.so
Event: 0.712 Loaded shared library /home/muhammad-usman/.jdks/jbr-21.0.11-1/lib/libjimage.so
Event: 0.958 Loaded shared library /home/muhammad-usman/.jdks/jbr-21.0.11-1/lib/libverify.so
Event: 1.145 Loaded shared library /home/muhammad-usman/.gradle/native/1def1411415f61bf3af743bc5b6707747c0891f09f0c88961ee8f79bc544acac/linux-amd64/libnative-platform.so
Event: 1.199 Loaded shared library /home/muhammad-usman/.gradle/native/0.2.7/x86_64-linux-gnu/libgradle-fileevents.so
Event: 2.862 Loaded shared library /home/muhammad-usman/.jdks/jbr-21.0.11-1/lib/libmanagement.so
Event: 2.867 Loaded shared library /home/muhammad-usman/.jdks/jbr-21.0.11-1/lib/libmanagement_ext.so
Event: 3.123 Loaded shared library /home/muhammad-usman/.jdks/jbr-21.0.11-1/lib/libextnet.so

Deoptimization events (20 events):
Event: 26.965 Thread 0x0000797b8400fc30 Uncommon trap: trap_request=0xffffffde fr.pc=0x0000797c3d0a1b94 relative=0x0000000000000074
Event: 26.965 Thread 0x0000797b8400fc30 Uncommon trap: reason=class_check action=maybe_recompile pc=0x0000797c3d0a1b94 method=java.lang.invoke.Invokers$Holder.linkToTargetMethod(Ljava/lang/Object;Ljava/lang/Object;Ljava/lang/Object;Ljava/lang/Object;)Ljava/lang/Object; @ 1 c2
Event: 26.965 Thread 0x0000797b8400fc30 DEOPT PACKING pc=0x0000797c3d0a1b94 sp=0x0000797c252f6730
Event: 26.965 Thread 0x0000797b8400fc30 DEOPT UNPACKING pc=0x0000797c3c78af99 sp=0x0000797c252f6700 mode 2
Event: 27.077 Thread 0x0000797b8400fc30 Uncommon trap: trap_request=0xffffffc6 fr.pc=0x0000797c3d0e99dc relative=0x000000000000039c
Event: 27.077 Thread 0x0000797b8400fc30 Uncommon trap: reason=bimorphic_or_optimized_type_check action=maybe_recompile pc=0x0000797c3d0e99dc method=com.google.common.collect.NaturalOrdering.compare(Ljava/lang/Comparable;Ljava/lang/Comparable;)I @ 12 c2
Event: 27.077 Thread 0x0000797b8400fc30 DEOPT PACKING pc=0x0000797c3d0e99dc sp=0x0000797c252f6010
Event: 27.077 Thread 0x0000797b8400fc30 DEOPT UNPACKING pc=0x0000797c3c78af99 sp=0x0000797c252f5f40 mode 2
Event: 27.077 Thread 0x0000797b8400fc30 Uncommon trap: trap_request=0xffffffc6 fr.pc=0x0000797c3d0e99dc relative=0x000000000000039c
Event: 27.077 Thread 0x0000797b8400fc30 Uncommon trap: reason=bimorphic_or_optimized_type_check action=maybe_recompile pc=0x0000797c3d0e99dc method=com.google.common.collect.NaturalOrdering.compare(Ljava/lang/Comparable;Ljava/lang/Comparable;)I @ 12 c2
Event: 27.077 Thread 0x0000797b8400fc30 DEOPT PACKING pc=0x0000797c3d0e99dc sp=0x0000797c252f61a0
Event: 27.077 Thread 0x0000797b8400fc30 DEOPT UNPACKING pc=0x0000797c3c78af99 sp=0x0000797c252f60e8 mode 2
Event: 27.105 Thread 0x0000797b8400fc30 Uncommon trap: trap_request=0xffffffd6 fr.pc=0x0000797c3d02b3bc relative=0x00000000000007dc
Event: 27.105 Thread 0x0000797b8400fc30 Uncommon trap: reason=array_check action=maybe_recompile pc=0x0000797c3d02b3bc method=java.util.TimSort.binarySort([Ljava/lang/Object;IIILjava/util/Comparator;)V @ 215 c2
Event: 27.105 Thread 0x0000797b8400fc30 DEOPT PACKING pc=0x0000797c3d02b3bc sp=0x0000797c252f6380
Event: 27.105 Thread 0x0000797b8400fc30 DEOPT UNPACKING pc=0x0000797c3c78af99 sp=0x0000797c252f6328 mode 2
Event: 27.106 Thread 0x0000797b8400fc30 Uncommon trap: trap_request=0xffffffd6 fr.pc=0x0000797c3d02b3bc relative=0x00000000000007dc
Event: 27.106 Thread 0x0000797b8400fc30 Uncommon trap: reason=array_check action=maybe_recompile pc=0x0000797c3d02b3bc method=java.util.TimSort.binarySort([Ljava/lang/Object;IIILjava/util/Comparator;)V @ 215 c2
Event: 27.106 Thread 0x0000797b8400fc30 DEOPT PACKING pc=0x0000797c3d02b3bc sp=0x0000797c252f6380
Event: 27.106 Thread 0x0000797b8400fc30 DEOPT UNPACKING pc=0x0000797c3c78af99 sp=0x0000797c252f6328 mode 2

Classes loaded (20 events):
Event: 22.645 Loading class java/util/jar/JarVerifier$VerifierStream
Event: 22.646 Loading class java/util/jar/JarVerifier$VerifierStream done
Event: 22.646 Loading class sun/security/util/ManifestEntryVerifier$SunProviderHolder
Event: 22.646 Loading class sun/security/util/ManifestEntryVerifier$SunProviderHolder done
Event: 22.805 Loading class java/security/KeyStore$ProtectionParameter
Event: 22.805 Loading class java/security/KeyStore$ProtectionParameter done
Event: 23.018 Loading class sun/reflect/annotation/AnnotationInvocationHandler$1
Event: 23.018 Loading class sun/reflect/annotation/AnnotationInvocationHandler$1 done
Event: 23.795 Loading class javax/xml/stream/XMLStreamException
Event: 23.795 Loading class javax/xml/stream/XMLStreamException done
Event: 24.595 Loading class java/beans/IntrospectionException
Event: 24.595 Loading class java/beans/IntrospectionException done
Event: 24.904 Loading class java/util/AbstractSetBeanInfo
Event: 24.904 Loading class java/util/AbstractSetBeanInfo done
Event: 24.905 Loading class java/util/AbstractSetBeanInfo
Event: 24.905 Loading class java/util/AbstractSetBeanInfo done
Event: 24.905 Loading class java/util/AbstractSetCustomizer
Event: 24.905 Loading class java/util/AbstractSetCustomizer done
Event: 24.906 Loading class java/util/AbstractSetCustomizer
Event: 24.906 Loading class java/util/AbstractSetCustomizer done

Classes unloaded (2 events):
Event: 24.149 Thread 0x0000797c481ac510 Unloading class 0x0000797bd89ec000 '_BuildScript_$_run_closure1'
Event: 24.149 Thread 0x0000797c481ac510 Unloading class 0x0000797bd89e4000 '_BuildScript_'

Classes redefined (0 events):
No events

Internal exceptions (20 events):
Event: 24.961 Thread 0x0000797b8400fc30 Exception <a 'java/lang/ClassNotFoundException'{0x00000000fff99dc0}: org/gradle/accessors/dm/LibrariesForLibs$ActivityLibraryAccessorsBeanInfo> (0x00000000fff99dc0) 
thrown [src/hotspot/share/classfile/systemDictionary.cpp, line 313]
Event: 24.963 Thread 0x0000797b8400fc30 Exception <a 'java/lang/ClassNotFoundException'{0x00000000fffb5d98}: org/gradle/api/internal/catalog/AbstractExternalDependencyFactory$SubDependencyFactoryBeanInfo> (0x00000000fffb5d98) 
thrown [src/hotspot/share/classfile/systemDictionary.cpp, line 313]
Event: 24.965 Thread 0x0000797b8400fc30 Exception <a 'java/lang/ClassNotFoundException'{0x00000000fffd1f60}: org/gradle/api/internal/catalog/AbstractExternalDependencyFactory$SubDependencyFactoryCustomizer> (0x00000000fffd1f60) 
thrown [src/hotspot/share/classfile/systemDictionary.cpp, line 313]
Event: 24.966 Thread 0x0000797b8400fc30 Exception <a 'java/lang/ClassNotFoundException'{0x00000000fffed668}: org/gradle/accessors/dm/LibrariesForLibs$ActivityLibraryAccessorsCustomizer> (0x00000000fffed668) 
thrown [src/hotspot/share/classfile/systemDictionary.cpp, line 313]
Event: 24.978 Thread 0x0000797b8400fc30 Exception <a 'java/lang/ClassNotFoundException'{0x00000000ff95bb68}: org/gradle/accessors/dm/LibrariesForLibs$FirebaseLibraryAccessorsBeanInfo> (0x00000000ff95bb68) 
thrown [src/hotspot/share/classfile/systemDictionary.cpp, line 313]
Event: 24.980 Thread 0x0000797b8400fc30 Exception <a 'java/lang/ClassNotFoundException'{0x00000000ff974528}: org/gradle/accessors/dm/LibrariesForLibs$FirebaseLibraryAccessorsCustomizer> (0x00000000ff974528) 
thrown [src/hotspot/share/classfile/systemDictionary.cpp, line 313]
Event: 24.986 Thread 0x0000797b8400fc30 Exception <a 'java/lang/ClassNotFoundException'{0x00000000ff9a6ce0}: org/gradle/accessors/dm/LibrariesForLibs$ExtLibraryAccessorsBeanInfo> (0x00000000ff9a6ce0) 
thrown [src/hotspot/share/classfile/systemDictionary.cpp, line 313]
Event: 24.988 Thread 0x0000797b8400fc30 Exception <a 'java/lang/ClassNotFoundException'{0x00000000ff9bf490}: org/gradle/accessors/dm/LibrariesForLibs$ExtLibraryAccessorsCustomizer> (0x00000000ff9bf490) 
thrown [src/hotspot/share/classfile/systemDictionary.cpp, line 313]
Event: 24.992 Thread 0x0000797b8400fc30 Exception <a 'java/lang/ClassNotFoundException'{0x00000000ff9e6ce8}: org/gradle/accessors/dm/LibrariesForLibs$EspressoLibraryAccessorsBeanInfo> (0x00000000ff9e6ce8) 
thrown [src/hotspot/share/classfile/systemDictionary.cpp, line 313]
Event: 24.994 Thread 0x0000797b8400fc30 Exception <a 'java/lang/ClassNotFoundException'{0x00000000ff9ff6a0}: org/gradle/accessors/dm/LibrariesForLibs$EspressoLibraryAccessorsCustomizer> (0x00000000ff9ff6a0) 
thrown [src/hotspot/share/classfile/systemDictionary.cpp, line 313]
Event: 24.996 Thread 0x0000797b8400fc30 Implicit null exception at 0x0000797c3d05f160 to 0x0000797c3d05f644
Event: 24.997 Thread 0x0000797b8400fc30 Implicit null exception at 0x0000797c3d0622c0 to 0x0000797c3d0627c8
Event: 25.047 Thread 0x0000797b8400fc30 Exception <a 'java/lang/NoClassDefFoundError'{0x000000008f018d20}: org/jetbrains/kotlin/gradle/plugin/KotlinBaseApiPlugin> (0x000000008f018d20) 
thrown [src/hotspot/share/classfile/systemDictionary.cpp, line 302]
Event: 25.273 Thread 0x0000797b8400fc30 Exception <a 'java/lang/NoClassDefFoundError'{0x000000008ab524b0}: org/jetbrains/kotlin/gradle/plugin/KotlinBasePluginWrapper> (0x000000008ab524b0) 
thrown [src/hotspot/share/classfile/systemDictionary.cpp, line 302]
Event: 25.393 Thread 0x0000797b8400fc30 Exception <a 'java/lang/NoSuchMethodError'{0x000000008a2f81e8}: 'java.lang.Object java.lang.invoke.DirectMethodHandle$Holder.newInvokeSpecial(java.lang.Object, java.lang.Object, java.lang.Object, java.lang.Object, java.lang.Object, java.lang.Object, java.lang.Object, java.lang.Object, java.lang.Object, java.lang.Object, java.lang.Object, java.lang.Object, java.lang.Object, java.lang.Object)'> (0x000000008a2f81e8) 
thrown [src/hotspot/share/interpreter/linkResolver.cpp, line 783]
Event: 25.486 Thread 0x0000797b8400fc30 Exception <a 'java/lang/NoClassDefFoundError'{0x0000000089ccd790}: org/jetbrains/kotlin/gradle/plugin/KotlinBasePluginWrapper> (0x0000000089ccd790) 
thrown [src/hotspot/share/oops/constantPool.cpp, line 874]
Event: 25.614 Thread 0x0000797b8400fc30 Exception <a 'java/lang/NoClassDefFoundError'{0x000000008987b570}: org/jetbrains/kotlin/gradle/plugin/KotlinBasePluginWrapper> (0x000000008987b570) 
thrown [src/hotspot/share/oops/constantPool.cpp, line 874]
Event: 25.695 Thread 0x0000797b8400fc30 Exception <a 'java/lang/NoClassDefFoundError'{0x00000000894c90c8}: org/jetbrains/kotlin/gradle/plugin/KotlinBasePluginWrapper> (0x00000000894c90c8) 
thrown [src/hotspot/share/oops/constantPool.cpp, line 874]
Event: 25.699 Thread 0x0000797b8400fc30 Exception <a 'java/lang/NoClassDefFoundError'{0x00000000894e50d0}: org/jetbrains/kotlin/gradle/plugin/KotlinBasePluginWrapper> (0x00000000894e50d0) 
thrown [src/hotspot/share/oops/constantPool.cpp, line 874]
Event: 27.044 Thread 0x0000797b8400fc30 Exception <a 'java/lang/NoSuchMethodError'{0x0000000088c9ebe0}: 'java.lang.Object java.lang.invoke.Invokers$Holder.invokeExact_MT(java.lang.Object, java.lang.Object, java.lang.Object, int, java.lang.Object, java.lang.Object)'> (0x0000000088c9ebe0) 
thrown [src/hotspot/share/interpreter/linkResolver.cpp, line 783]

ZGC Phase Switch (0 events):
No events

VM Operations (20 events):
Event: 22.531 Executing non-safepoint VM operation: HandshakeAllThreads (Deoptimize) done
Event: 22.806 Executing safepoint VM operation: G1CollectForAllocation (G1 Evacuation Pause)
Event: 22.825 Executing safepoint VM operation: G1CollectForAllocation (G1 Evacuation Pause) done
Event: 23.827 Executing safepoint VM operation: Cleanup
Event: 23.827 Executing safepoint VM operation: Cleanup done
Event: 23.940 Executing safepoint VM operation: G1CollectForAllocation (G1 Evacuation Pause)
Event: 23.950 Executing safepoint VM operation: G1CollectForAllocation (G1 Evacuation Pause) done
Event: 24.147 Executing safepoint VM operation: G1PauseRemark
Event: 24.165 Executing safepoint VM operation: G1PauseRemark done
Event: 24.266 Executing safepoint VM operation: G1PauseCleanup
Event: 24.267 Executing safepoint VM operation: G1PauseCleanup done
Event: 24.908 Executing safepoint VM operation: G1CollectForAllocation (G1 Evacuation Pause)
Event: 24.931 Executing safepoint VM operation: G1CollectForAllocation (G1 Evacuation Pause) done
Event: 25.933 Executing safepoint VM operation: Cleanup
Event: 25.933 Executing safepoint VM operation: Cleanup done
Event: 26.096 Executing safepoint VM operation: G1CollectForAllocation (G1 Evacuation Pause)
Event: 26.119 Executing safepoint VM operation: G1CollectForAllocation (G1 Evacuation Pause) done
Event: 27.119 Executing safepoint VM operation: Cleanup
Event: 27.119 Executing safepoint VM operation: Cleanup done
Event: 27.242 Executing safepoint VM operation: G1CollectForAllocation (G1 Evacuation Pause)

Memory protections (20 events):
Event: 10.855 Protecting memory [0x0000797bd1800000,0x0000797bd1804000] with protection modes 0
Event: 10.860 Protecting memory [0x0000797bd1700000,0x0000797bd1704000] with protection modes 0
Event: 10.862 Protecting memory [0x0000797bd1600000,0x0000797bd1604000] with protection modes 0
Event: 13.290 Protecting memory [0x0000797c25bfd000,0x0000797c25c01000] with protection modes 0
Event: 14.347 Protecting memory [0x0000797c25bfd000,0x0000797c25c01000] with protection modes 0
Event: 14.646 Protecting memory [0x0000797bd1500000,0x0000797bd1504000] with protection modes 0
Event: 14.647 Protecting memory [0x0000797bd1400000,0x0000797bd1404000] with protection modes 0
Event: 14.647 Protecting memory [0x0000797bd1300000,0x0000797bd1304000] with protection modes 0
Event: 14.718 Protecting memory [0x0000797bd1200000,0x0000797bd1204000] with protection modes 0
Event: 14.720 Protecting memory [0x0000797bd1100000,0x0000797bd1104000] with protection modes 0
Event: 14.722 Protecting memory [0x0000797bd1000000,0x0000797bd1004000] with protection modes 0
Event: 15.147 Protecting memory [0x0000797bd0f00000,0x0000797bd0f04000] with protection modes 0
Event: 15.148 Protecting memory [0x0000797bd0e00000,0x0000797bd0e04000] with protection modes 0
Event: 15.149 Protecting memory [0x0000797bd0d00000,0x0000797bd0d04000] with protection modes 0
Event: 16.984 Protecting memory [0x0000797c25bfd000,0x0000797c25c01000] with protection modes 0
Event: 19.504 Protecting memory [0x0000797c25bfd000,0x0000797c25c01000] with protection modes 0
Event: 20.618 Protecting memory [0x0000797c25bfd000,0x0000797c25c01000] with protection modes 0
Event: 22.197 Protecting memory [0x0000797bd0c00000,0x0000797bd0c04000] with protection modes 0
Event: 24.444 Protecting memory [0x0000797bd0b00000,0x0000797bd0b04000] with protection modes 0
Event: 26.812 Protecting memory [0x0000797c25bfd000,0x0000797c25c01000] with protection modes 0

Nmethod flushes (20 events):
Event: 24.162 Thread 0x0000797c481ac510 flushing  nmethod 0x0000797c35834d90
Event: 24.162 Thread 0x0000797c481ac510 flushing  nmethod 0x0000797c35840a90
Event: 24.162 Thread 0x0000797c481ac510 flushing  nmethod 0x0000797c359b8810
Event: 24.162 Thread 0x0000797c481ac510 flushing  nmethod 0x0000797c35a4c710
Event: 24.162 Thread 0x0000797c481ac510 flushing  nmethod 0x0000797c35a8e290
Event: 24.162 Thread 0x0000797c481ac510 flushing  nmethod 0x0000797c35af5610
Event: 24.162 Thread 0x0000797c481ac510 flushing  nmethod 0x0000797c35afe410
Event: 24.162 Thread 0x0000797c481ac510 flushing  nmethod 0x0000797c35b13810
Event: 24.162 Thread 0x0000797c481ac510 flushing  nmethod 0x0000797c35b14210
Event: 24.162 Thread 0x0000797c481ac510 flushing  nmethod 0x0000797c35b14690
Event: 24.162 Thread 0x0000797c481ac510 flushing  nmethod 0x0000797c35b2a910
Event: 24.162 Thread 0x0000797c481ac510 flushing  nmethod 0x0000797c35b2d990
Event: 24.162 Thread 0x0000797c481ac510 flushing  nmethod 0x0000797c35b4db10
Event: 24.162 Thread 0x0000797c481ac510 flushing  nmethod 0x0000797c35b51a90
Event: 24.162 Thread 0x0000797c481ac510 flushing  nmethod 0x0000797c35b79990
Event: 24.162 Thread 0x0000797c481ac510 flushing  nmethod 0x0000797c35b8ad90
Event: 24.162 Thread 0x0000797c481ac510 flushing  nmethod 0x0000797c35b8ef10
Event: 24.162 Thread 0x0000797c481ac510 flushing  nmethod 0x0000797c35bae590
Event: 24.162 Thread 0x0000797c481ac510 flushing  nmethod 0x0000797c35bb6f90
Event: 24.162 Thread 0x0000797c481ac510 flushing osr nmethod 0x0000797c35bf4d10

Events (20 events):
Event: 14.347 Thread 0x0000797c481bfd40 Thread added: 0x0000797bb09154c0
Event: 14.646 Thread 0x0000797b8400fc30 Thread added: 0x0000797b81cbd7d0
Event: 14.647 Thread 0x0000797b8400fc30 Thread added: 0x0000797b81cbe6c0
Event: 14.647 Thread 0x0000797b8400fc30 Thread added: 0x0000797b81cbf780
Event: 14.718 Thread 0x0000797b8400fc30 Thread added: 0x0000797b81cc1bf0
Event: 14.719 Thread 0x0000797b8400fc30 Thread added: 0x0000797b81cc3540
Event: 14.722 Thread 0x0000797b8400fc30 Thread added: 0x0000797b81cc4730
Event: 15.146 Thread 0x0000797b8400fc30 Thread added: 0x0000797b81cad5d0
Event: 15.147 Thread 0x0000797b8400fc30 Thread added: 0x0000797b81cc9c70
Event: 15.148 Thread 0x0000797b8400fc30 Thread added: 0x0000797b81ccaf80
Event: 16.814 Thread 0x0000797bb09154c0 Thread exited: 0x0000797bb09154c0
Event: 16.980 Thread 0x0000797c481bfd40 Thread added: 0x0000797bb0835610
Event: 19.204 Thread 0x0000797bb0835610 Thread exited: 0x0000797bb0835610
Event: 19.502 Thread 0x0000797c481bfd40 Thread added: 0x0000797bb056d020
Event: 20.143 Thread 0x0000797bb056d020 Thread exited: 0x0000797bb056d020
Event: 20.618 Thread 0x0000797c481bfd40 Thread added: 0x0000797bb01b55e0
Event: 22.195 Thread 0x0000797b8400fc30 Thread added: 0x0000797b8247f150
Event: 24.444 Thread 0x0000797b8400fc30 Thread added: 0x0000797b827425c0
Event: 26.441 Thread 0x0000797bb01b55e0 Thread exited: 0x0000797bb01b55e0
Event: 26.812 Thread 0x0000797c481bfd40 Thread added: 0x0000797bb06d44b0


Dynamic libraries:
80000000-8b400000 rw-p 00000000 00:00 0 
8b400000-8d400000 ---p 00000000 00:00 0 
8d400000-8d700000 rw-p 00000000 00:00 0 
8d700000-8f000000 ---p 00000000 00:00 0 
8f000000-8f200000 rw-p 00000000 00:00 0 
8f200000-ff800000 ---p 00000000 00:00 0 
ff800000-ffd00000 rw-p 00000000 00:00 0 
ffd00000-fff34000 rw-p 01d1a000 103:04 5900663                           /home/muhammad-usman/.jdks/jbr-21.0.11-1/lib/server/classes.jsa
fff34000-100000000 rw-p 00000000 00:00 0 
5c3fd57cd000-5c3fd57ce000 r--p 00000000 103:04 5900204                   /home/muhammad-usman/.jdks/jbr-21.0.11-1/bin/java
5c3fd57ce000-5c3fd57cf000 r-xp 00001000 103:04 5900204                   /home/muhammad-usman/.jdks/jbr-21.0.11-1/bin/java
5c3fd57cf000-5c3fd57d0000 r--p 00002000 103:04 5900204                   /home/muhammad-usman/.jdks/jbr-21.0.11-1/bin/java
5c3fd57d0000-5c3fd57d1000 r--p 00002000 103:04 5900204                   /home/muhammad-usman/.jdks/jbr-21.0.11-1/bin/java
5c3fd57d1000-5c3fd57d2000 rw-p 00003000 103:04 5900204                   /home/muhammad-usman/.jdks/jbr-21.0.11-1/bin/java
5c3ffe740000-5c3ffe787000 rw-p 00000000 00:00 0                          [heap]
797b68000000-797b68bd0000 rw-p 00000000 00:00 0 
797b68bd0000-797b6c000000 ---p 00000000 00:00 0 
797b6c000000-797b6c032000 rw-p 00000000 00:00 0 
797b6c032000-797b70000000 ---p 00000000 00:00 0 
797b74000000-797b7402b000 rw-p 00000000 00:00 0 
797b7402b000-797b78000000 ---p 00000000 00:00 0 
797b78000000-797b7803e000 rw-p 00000000 00:00 0 
797b7803e000-797b7c000000 ---p 00000000 00:00 0 
797b7c000000-797b7c1c6000 rw-p 00000000 00:00 0 
797b7c1c6000-797b80000000 ---p 00000000 00:00 0 
797b80000000-797b82ddf000 rw-p 00000000 00:00 0 
797b82ddf000-797b84000000 ---p 00000000 00:00 0 
797b84000000-797b84021000 rw-p 00000000 00:00 0 
797b84021000-797b88000000 ---p 00000000 00:00 0 
797b88000000-797b89c9d000 rw-p 00000000 00:00 0 
797b89c9d000-797b8c000000 ---p 00000000 00:00 0 
797b8c000000-797b8c1f8000 rw-p 00000000 00:00 0 
797b8c1f8000-797b90000000 ---p 00000000 00:00 0 
797b90000000-797b90021000 rw-p 00000000 00:00 0 
797b90021000-797b94000000 ---p 00000000 00:00 0 
797b94000000-797b956f2000 rw-p 00000000 00:00 0 
797b956f2000-797b98000000 ---p 00000000 00:00 0 
797b98000000-797b98021000 rw-p 00000000 00:00 0 
797b98021000-797b9c000000 ---p 00000000 00:00 0 
797b9c000000-797b9c021000 rw-p 00000000 00:00 0 
797b9c021000-797ba0000000 ---p 00000000 00:00 0 
797ba0000000-797ba0024000 rw-p 00000000 00:00 0 
797ba0024000-797ba4000000 ---p 00000000 00:00 0 
797ba4000000-797ba4021000 rw-p 00000000 00:00 0 
797ba4021000-797ba8000000 ---p 00000000 00:00 0 
797ba8000000-797ba81cc000 rw-p 00000000 00:00 0 
797ba81cc000-797bac000000 ---p 00000000 00:00 0 
797bac000000-797badb25000 rw-p 00000000 00:00 0 
797badb25000-797bb0000000 ---p 00000000 00:00 0 
797bb0000000-797bb0a2a000 rw-p 00000000 00:00 0 
797bb0a2a000-797bb4000000 ---p 00000000 00:00 0 
797bb4000000-797bb4025000 rw-p 00000000 00:00 0 
797bb4025000-797bb8000000 ---p 00000000 00:00 0 
797bb8000000-797bb8024000 rw-p 00000000 00:00 0 
797bb8024000-797bbc000000 ---p 00000000 00:00 0 
797bbc000000-797bbc025000 rw-p 00000000 00:00 0 
797bbc025000-797bc0000000 ---p 00000000 00:00 0 
797bc0000000-797bc0021000 rw-p 00000000 00:00 0 
797bc0021000-797bc4000000 ---p 00000000 00:00 0 
797bc4000000-797bc402c000 rw-p 00000000 00:00 0 
797bc402c000-797bc8000000 ---p 00000000 00:00 0 
797bc8000000-797bc8022000 rw-p 00000000 00:00 0 
797bc8022000-797bcc000000 ---p 00000000 00:00 0 
797bcc000000-797bcc038000 rw-p 00000000 00:00 0 
797bcc038000-797bd0000000 ---p 00000000 00:00 0 
797bd0814000-797bd0b00000 rw-p 00000000 00:00 0 
797bd0b00000-797bd0b04000 ---p 00000000 00:00 0 
797bd0b04000-797bd0c00000 rw-p 00000000 00:00 0 
797bd0c00000-797bd0c04000 ---p 00000000 00:00 0 
797bd0c04000-797bd0d00000 rw-p 00000000 00:00 0 
797bd0d00000-797bd0d04000 ---p 00000000 00:00 0 
797bd0d04000-797bd0e00000 rw-p 00000000 00:00 0 
797bd0e00000-797bd0e04000 ---p 00000000 00:00 0 
797bd0e04000-797bd0f00000 rw-p 00000000 00:00 0 
797bd0f00000-797bd0f04000 ---p 00000000 00:00 0 
797bd0f04000-797bd1000000 rw-p 00000000 00:00 0 
797bd1000000-797bd1004000 ---p 00000000 00:00 0 
797bd1004000-797bd1100000 rw-p 00000000 00:00 0 
797bd1100000-797bd1104000 ---p 00000000 00:00 0 
797bd1104000-797bd1200000 rw-p 00000000 00:00 0 
797bd1200000-797bd1204000 ---p 00000000 00:00 0 
797bd1204000-797bd1300000 rw-p 00000000 00:00 0 
797bd1300000-797bd1304000 ---p 00000000 00:00 0 
797bd1304000-797bd1400000 rw-p 00000000 00:00 0 
797bd1400000-797bd1404000 ---p 00000000 00:00 0 
797bd1404000-797bd1500000 rw-p 00000000 00:00 0 
797bd1500000-797bd1504000 ---p 00000000 00:00 0 
797bd1504000-797bd1600000 rw-p 00000000 00:00 0 
797bd1600000-797bd1604000 ---p 00000000 00:00 0 
797bd1604000-797bd1700000 rw-p 00000000 00:00 0 
797bd1700000-797bd1704000 ---p 00000000 00:00 0 
797bd1704000-797bd1800000 rw-p 00000000 00:00 0 
797bd1800000-797bd1804000 ---p 00000000 00:00 0 
797bd1804000-797bd1900000 rw-p 00000000 00:00 0 
797bd1900000-797bd1904000 ---p 00000000 00:00 0 
797bd1904000-797bd1a00000 rw-p 00000000 00:00 0 
797bd1a00000-797bd1a04000 ---p 00000000 00:00 0 
797bd1a04000-797bd1b00000 rw-p 00000000 00:00 0 
797bd1b00000-797bd1b04000 ---p 00000000 00:00 0 
797bd1b04000-797bd1c00000 rw-p 00000000 00:00 0 
797bd1c00000-797bd1c04000 ---p 00000000 00:00 0 
797bd1c04000-797bd1d00000 rw-p 00000000 00:00 0 
797bd1d00000-797bd1d04000 ---p 00000000 00:00 0 
797bd1d04000-797bd1e00000 rw-p 00000000 00:00 0 
797bd1e00000-797bd1e04000 ---p 00000000 00:00 0 
797bd1e04000-797bd1f00000 rw-p 00000000 00:00 0 
797bd1f00000-797bd1f04000 ---p 00000000 00:00 0 
797bd1f04000-797bd2000000 rw-p 00000000 00:00 0 
797bd2000000-797bd2400000 rw-p 00000000 00:00 0 
797bd2400000-797bd3940000 rw-p 00000000 00:00 0 
797bd3940000-797bd3980000 rw-p 00000000 00:00 0 
797bd3980000-797bd3b00000 rw-p 00000000 00:00 0 
797bd3b00000-797bd3c00000 rw-p 00000000 00:00 0 
797bd3c00000-797bd5000000 rw-p 00000000 00:00 0 
797bd5000000-797bd5d00000 rw-p 00000000 00:00 0 
797bd5d00000-797bd5d60000 rw-p 00000000 00:00 0 
797bd5d60000-797bd5e00000 ---p 00000000 00:00 0 
797bd5e00000-797bd6000000 rw-p 00000000 00:00 0 
797bd6000000-797bd7c8d000 rw-p 00001000 103:04 5900663                   /home/muhammad-usman/.jdks/jbr-21.0.11-1/lib/server/classes.jsa
797bd7c8d000-797bd8000000 ---p 00000000 00:00 0 
797bd8000000-797bd8040000 rw-p 00000000 00:00 0 
797bd8040000-797bd8080000 rw-p 00000000 00:00 0 
797bd8080000-797bd8530000 rw-p 00000000 00:00 0 
797bd8530000-797bd8540000 ---p 00000000 00:00 0 
797bd8540000-797bd8d80000 rw-p 00000000 00:00 0 
797bd8d80000-797c18000000 ---p 00000000 00:00 0 
797c18000000-797c1867d000 rw-p 00000000 00:00 0 
797c1867d000-797c1c000000 ---p 00000000 00:00 0 
797c1c000000-797c1c5db000 rw-p 00000000 00:00 0 
797c1c5db000-797c20000000 ---p 00000000 00:00 0 
797c20000000-797c20021000 rw-p 00000000 00:00 0 
797c20021000-797c24004000 ---p 00000000 00:00 0 
797c24004000-797c24100000 rw-p 00000000 00:00 0 
797c24100000-797c24104000 ---p 00000000 00:00 0 
797c24104000-797c24200000 rw-p 00000000 00:00 0 
797c24200000-797c24204000 ---p 00000000 00:00 0 
797c24204000-797c24300000 rw-p 00000000 00:00 0 
797c24300000-797c24304000 ---p 00000000 00:00 0 
797c24304000-797c24400000 rw-p 00000000 00:00 0 
797c24400000-797c24404000 ---p 00000000 00:00 0 
797c24404000-797c24500000 rw-p 00000000 00:00 0 
797c24500000-797c24504000 ---p 00000000 00:00 0 
797c24504000-797c24600000 rw-p 00000000 00:00 0 
797c24600000-797c24604000 ---p 00000000 00:00 0 
797c24604000-797c24700000 rw-p 00000000 00:00 0 
797c24700000-797c24704000 ---p 00000000 00:00 0 
797c24704000-797c24800000 rw-p 00000000 00:00 0 
797c24800000-797c24804000 ---p 00000000 00:00 0 
797c24804000-797c24900000 rw-p 00000000 00:00 0 
797c24900000-797c24904000 ---p 00000000 00:00 0 
797c24904000-797c24a00000 rw-p 00000000 00:00 0 
797c24a00000-797c24a04000 ---p 00000000 00:00 0 
797c24a04000-797c24b00000 rw-p 00000000 00:00 0 
797c24b00000-797c24b04000 ---p 00000000 00:00 0 
797c24b04000-797c24c00000 rw-p 00000000 00:00 0 
797c24c00000-797c24c04000 ---p 00000000 00:00 0 
797c24c04000-797c24d00000 rw-p 00000000 00:00 0 
797c24d00000-797c24d04000 ---p 00000000 00:00 0 
797c24d04000-797c24e00000 rw-p 00000000 00:00 0 
797c24e00000-797c24e04000 ---p 00000000 00:00 0 
797c24e04000-797c24f00000 rw-p 00000000 00:00 0 
797c24f00000-797c24f04000 ---p 00000000 00:00 0 
797c24f04000-797c25000000 rw-p 00000000 00:00 0 
797c25000000-797c25004000 ---p 00000000 00:00 0 
797c25004000-797c25100000 rw-p 00000000 00:00 0 
797c25100000-797c25104000 ---p 00000000 00:00 0 
797c25104000-797c25200000 rw-p 00000000 00:00 0 
797c25200000-797c25204000 ---p 00000000 00:00 0 
797c25204000-797c25300000 rw-p 00000000 00:00 0 
797c25300000-797c25304000 ---p 00000000 00:00 0 
797c25304000-797c25400000 rw-p 00000000 00:00 0 
797c25400000-797c25404000 ---p 00000000 00:00 0 
797c25404000-797c25500000 rw-p 00000000 00:00 0 
797c25500000-797c25504000 ---p 00000000 00:00 0 
797c25504000-797c25600000 rw-p 00000000 00:00 0 
797c25600000-797c25604000 ---p 00000000 00:00 0 
797c25604000-797c25700000 rw-p 00000000 00:00 0 
797c25700000-797c25704000 ---p 00000000 00:00 0 
797c25704000-797c25800000 rw-p 00000000 00:00 0 
797c25800000-797c25805000 r-xp 00000000 103:04 5783254                   /home/muhammad-usman/.gradle/native/1def1411415f61bf3af743bc5b6707747c0891f09f0c88961ee8f79bc544acac/linux-amd64/libnative-platform.so
797c25805000-797c25a05000 ---p 00005000 103:04 5783254                   /home/muhammad-usman/.gradle/native/1def1411415f61bf3af743bc5b6707747c0891f09f0c88961ee8f79bc544acac/linux-amd64/libnative-platform.so
797c25a05000-797c25a06000 r--p 00005000 103:04 5783254                   /home/muhammad-usman/.gradle/native/1def1411415f61bf3af743bc5b6707747c0891f09f0c88961ee8f79bc544acac/linux-amd64/libnative-platform.so
797c25a06000-797c25a07000 rw-p 00006000 103:04 5783254                   /home/muhammad-usman/.gradle/native/1def1411415f61bf3af743bc5b6707747c0891f09f0c88961ee8f79bc544acac/linux-amd64/libnative-platform.so
797c25a6c000-797c25a70000 ---p 00000000 00:00 0 
797c25a70000-797c25b6c000 rw-p 00000000 00:00 0 
797c25b6c000-797c25ba8000 r--p 00000000 103:04 5783278                   /home/muhammad-usman/.gradle/native/0.2.7/x86_64-linux-gnu/libgradle-fileevents.so
797c25ba8000-797c25bf0000 r-xp 0003b000 103:04 5783278                   /home/muhammad-usman/.gradle/native/0.2.7/x86_64-linux-gnu/libgradle-fileevents.so
797c25bf0000-797c25bf9000 r--p 00082000 103:04 5783278                   /home/muhammad-usman/.gradle/native/0.2.7/x86_64-linux-gnu/libgradle-fileevents.so
797c25bf9000-797c25bfa000 rw-p 0008a000 103:04 5783278                   /home/muhammad-usman/.gradle/native/0.2.7/x86_64-linux-gnu/libgradle-fileevents.so
797c25bfa000-797c25bfd000 rw-p 00000000 00:00 0 
797c25bfd000-797c25c01000 ---p 00000000 00:00 0 
797c25c01000-797c26000000 rw-p 00000000 00:00 0 
797c26000000-797c28021000 rw-p 00000000 00:00 0 
797c28021000-797c2c000000 ---p 00000000 00:00 0 
797c2c000000-797c2c061000 rw-p 00000000 00:00 0 
797c2c061000-797c30000000 ---p 00000000 00:00 0 
797c30000000-797c3003e000 rw-p 00000000 00:00 0 
797c3003e000-797c34000000 ---p 00000000 00:00 0 
797c3402f000-797c34033000 ---p 00000000 00:00 0 
797c34033000-797c3412f000 rw-p 00000000 00:00 0 
797c3412f000-797c34134000 r--p 00000000 103:04 5900637                   /home/muhammad-usman/.jdks/jbr-21.0.11-1/lib/libjsvml.so
797c34134000-797c34175000 r-xp 00005000 103:04 5900637                   /home/muhammad-usman/.jdks/jbr-21.0.11-1/lib/libjsvml.so
797c34175000-797c341fe000 r--p 00046000 103:04 5900637                   /home/muhammad-usman/.jdks/jbr-21.0.11-1/lib/libjsvml.so
797c341fe000-797c341ff000 r--p 000ce000 103:04 5900637                   /home/muhammad-usman/.jdks/jbr-21.0.11-1/lib/libjsvml.so
797c341ff000-797c34200000 rw-p 000cf000 103:04 5900637                   /home/muhammad-usman/.jdks/jbr-21.0.11-1/lib/libjsvml.so
797c34200000-797c34204000 ---p 00000000 00:00 0 
797c34204000-797c34300000 rw-p 00000000 00:00 0 
797c34300000-797c34304000 ---p 00000000 00:00 0 
797c34304000-797c34400000 rw-p 00000000 00:00 0 
797c34400000-797c34404000 ---p 00000000 00:00 0 
797c34404000-797c34500000 rw-p 00000000 00:00 0 
797c34500000-797c34504000 ---p 00000000 00:00 0 
797c34504000-797c34600000 rw-p 00000000 00:00 0 
797c34600000-797c34604000 ---p 00000000 00:00 0 
797c34604000-797c34700000 rw-p 00000000 00:00 0 
797c34700000-797c34704000 ---p 00000000 00:00 0 
797c34704000-797c34800000 rw-p 00000000 00:00 0 
797c34800000-797c34804000 ---p 00000000 00:00 0 
797c34804000-797c34900000 rw-p 00000000 00:00 0 
797c34900000-797c34904000 ---p 00000000 00:00 0 
797c34904000-797c34a00000 rw-p 00000000 00:00 0 
797c34a00000-797c34f77000 r--p 00000000 103:04 2622315                   /usr/lib/locale/locale-archive
797c34ffe000-797c35200000 rw-p 00000000 00:00 0 
797c35200000-797c36340000 rwxp 00000000 00:00 0 
797c36340000-797c3c737000 ---p 00000000 00:00 0 
797c3c737000-797c3ca27000 rwxp 00000000 00:00 0 
797c3ca27000-797c3ccc8000 ---p 00000000 00:00 0 
797c3ccc8000-797c3d2f8000 rwxp 00000000 00:00 0 
797c3d2f8000-797c44200000 ---p 00000000 00:00 0 
797c44200000-797c47e13000 r--s 00000000 103:04 5900656                   /home/muhammad-usman/.jdks/jbr-21.0.11-1/lib/modules
797c47e65000-797c494a5000 rw-p 00000000 00:00 0 
797c494a5000-797c4c000000 ---p 00000000 00:00 0 
797c4c054000-797c4c05b000 r--s 00000000 103:04 2624594                   /usr/lib/x86_64-linux-gnu/gconv/gconv-modules.cache
797c4c05b000-797c4c0f7000 rw-p 00000000 00:00 0 
797c4c0f7000-797c4c2f9000 rw-p 00000000 00:00 0 
797c4c2f9000-797c4c6fd000 rw-p 00000000 00:00 0 
797c4c6fd000-797c4ca00000 rw-p 00000000 00:00 0 
797c4ca00000-797c4ccd0000 rw-p 00000000 00:00 0 
797c4ccd0000-797c4cd50000 ---p 00000000 00:00 0 
797c4cd50000-797c4cd5c000 rw-p 00000000 00:00 0 
797c4cd5c000-797c4cdc0000 ---p 00000000 00:00 0 
797c4cdc0000-797c4cdc8000 rw-p 00000000 00:00 0 
797c4cdc8000-797c4e9e0000 ---p 00000000 00:00 0 
797c4e9e0000-797c4ea5a000 rw-p 00000000 00:00 0 
797c4ea5a000-797c4ea6a000 ---p 00000000 00:00 0 
797c4ea6a000-797c4ea6c000 rw-p 00000000 00:00 0 
797c4ea6c000-797c4ea78000 ---p 00000000 00:00 0 
797c4ea78000-797c4ea79000 rw-p 00000000 00:00 0 
797c4ea79000-797c4edfc000 ---p 00000000 00:00 0 
797c4edfc000-797c4ee5a000 rw-p 00000000 00:00 0 
797c4ee5a000-797c4ee6a000 ---p 00000000 00:00 0 
797c4ee6a000-797c4ee6c000 rw-p 00000000 00:00 0 
797c4ee6c000-797c4ee78000 ---p 00000000 00:00 0 
797c4ee78000-797c4ee79000 rw-p 00000000 00:00 0 
797c4ee79000-797c4f1fc000 ---p 00000000 00:00 0 
797c4f1fc000-797c4f611000 rw-p 00000000 00:00 0 
797c4f611000-797c4f6ef000 ---p 00000000 00:00 0 
797c4f6ef000-797c4f712000 rw-p 00000000 00:00 0 
797c4f712000-797c4f7da000 ---p 00000000 00:00 0 
797c4f7da000-797c4f7de000 ---p 00000000 00:00 0 
797c4f7de000-797c4f8da000 rw-p 00000000 00:00 0 
797c4f8da000-797c4f8ec000 r--p 00000000 103:04 2624601                   /usr/lib/x86_64-linux-gnu/libm.so.6
797c4f8ec000-797c4f98c000 r-xp 00012000 103:04 2624601                   /usr/lib/x86_64-linux-gnu/libm.so.6
797c4f98c000-797c4f9fe000 r--p 000b2000 103:04 2624601                   /usr/lib/x86_64-linux-gnu/libm.so.6
797c4f9fe000-797c4f9ff000 r--p 00123000 103:04 2624601                   /usr/lib/x86_64-linux-gnu/libm.so.6
797c4f9ff000-797c4fa00000 rw-p 00124000 103:04 2624601                   /usr/lib/x86_64-linux-gnu/libm.so.6
797c4fa00000-797c4fca4000 r--p 00000000 103:04 5900666                   /home/muhammad-usman/.jdks/jbr-21.0.11-1/lib/server/libjvm.so
797c4fca4000-797c50b20000 r-xp 002a4000 103:04 5900666                   /home/muhammad-usman/.jdks/jbr-21.0.11-1/lib/server/libjvm.so
797c50b20000-797c50e08000 r--p 01120000 103:04 5900666                   /home/muhammad-usman/.jdks/jbr-21.0.11-1/lib/server/libjvm.so
797c50e08000-797c50edd000 r--p 01407000 103:04 5900666                   /home/muhammad-usman/.jdks/jbr-21.0.11-1/lib/server/libjvm.so
797c50edd000-797c50f0d000 rw-p 014dc000 103:04 5900666                   /home/muhammad-usman/.jdks/jbr-21.0.11-1/lib/server/libjvm.so
797c50f0d000-797c50f84000 rw-p 00000000 00:00 0 
797c50f86000-797c50f87000 r--p 00000000 103:04 5900622                   /home/muhammad-usman/.jdks/jbr-21.0.11-1/lib/libextnet.so
797c50f87000-797c50f88000 r-xp 00001000 103:04 5900622                   /home/muhammad-usman/.jdks/jbr-21.0.11-1/lib/libextnet.so
797c50f88000-797c50f89000 r--p 00002000 103:04 5900622                   /home/muhammad-usman/.jdks/jbr-21.0.11-1/lib/libextnet.so
797c50f89000-797c50f8a000 r--p 00002000 103:04 5900622                   /home/muhammad-usman/.jdks/jbr-21.0.11-1/lib/libextnet.so
797c50f8a000-797c50f8b000 rw-p 00000000 00:00 0 
797c50f8b000-797c50f8d000 r--p 00000000 103:04 5900642                   /home/muhammad-usman/.jdks/jbr-21.0.11-1/lib/libmanagement_ext.so
797c50f8d000-797c50f90000 r-xp 00002000 103:04 5900642                   /home/muhammad-usman/.jdks/jbr-21.0.11-1/lib/libmanagement_ext.so
797c50f90000-797c50f91000 r--p 00005000 103:04 5900642                   /home/muhammad-usman/.jdks/jbr-21.0.11-1/lib/libmanagement_ext.so
797c50f91000-797c50f92000 ---p 00006000 103:04 5900642                   /home/muhammad-usman/.jdks/jbr-21.0.11-1/lib/libmanagement_ext.so
797c50f92000-797c50f93000 r--p 00006000 103:04 5900642                   /home/muhammad-usman/.jdks/jbr-21.0.11-1/lib/libmanagement_ext.so
797c50f93000-797c50f94000 rw-p 00000000 00:00 0 
797c50f94000-797c50f98000 r--p 00000000 103:04 5900652                   /home/muhammad-usman/.jdks/jbr-21.0.11-1/lib/libverify.so
797c50f98000-797c50f9f000 r-xp 00004000 103:04 5900652                   /home/muhammad-usman/.jdks/jbr-21.0.11-1/lib/libverify.so
797c50f9f000-797c50fa1000 r--p 0000b000 103:04 5900652                   /home/muhammad-usman/.jdks/jbr-21.0.11-1/lib/libverify.so
797c50fa1000-797c50fa3000 r--p 0000c000 103:04 5900652                   /home/muhammad-usman/.jdks/jbr-21.0.11-1/lib/libverify.so
797c50fa3000-797c50fa4000 rw-p 00000000 00:00 0 
797c50fa4000-797c50fab000 r--p 00000000 103:04 5900644                   /home/muhammad-usman/.jdks/jbr-21.0.11-1/lib/libnio.so
797c50fab000-797c50fb4000 r-xp 00007000 103:04 5900644                   /home/muhammad-usman/.jdks/jbr-21.0.11-1/lib/libnio.so
797c50fb4000-797c50fb8000 r--p 00010000 103:04 5900644                   /home/muhammad-usman/.jdks/jbr-21.0.11-1/lib/libnio.so
797c50fb8000-797c50fb9000 ---p 00014000 103:04 5900644                   /home/muhammad-usman/.jdks/jbr-21.0.11-1/lib/libnio.so
797c50fb9000-797c50fba000 r--p 00014000 103:04 5900644                   /home/muhammad-usman/.jdks/jbr-21.0.11-1/lib/libnio.so
797c50fba000-797c50fbb000 rw-p 00015000 103:04 5900644                   /home/muhammad-usman/.jdks/jbr-21.0.11-1/lib/libnio.so
797c50fbb000-797c51000000 rw-p 00000000 00:00 0 
797c51000000-797c51028000 r--p 00000000 103:04 2624598                   /usr/lib/x86_64-linux-gnu/libc.so.6
797c51028000-797c511c0000 r-xp 00028000 103:04 2624598                   /usr/lib/x86_64-linux-gnu/libc.so.6
797c511c0000-797c5120e000 r--p 001c0000 103:04 2624598                   /usr/lib/x86_64-linux-gnu/libc.so.6
797c5120e000-797c51212000 r--p 0020e000 103:04 2624598                   /usr/lib/x86_64-linux-gnu/libc.so.6
797c51212000-797c51214000 rw-p 00212000 103:04 2624598                   /usr/lib/x86_64-linux-gnu/libc.so.6
797c51214000-797c51221000 rw-p 00000000 00:00 0 
797c51221000-797c51223000 r--p 00000000 103:04 5900640                   /home/muhammad-usman/.jdks/jbr-21.0.11-1/lib/libmanagement.so
797c51223000-797c51224000 r-xp 00002000 103:04 5900640                   /home/muhammad-usman/.jdks/jbr-21.0.11-1/lib/libmanagement.so
797c51224000-797c51225000 r--p 00003000 103:04 5900640                   /home/muhammad-usman/.jdks/jbr-21.0.11-1/lib/libmanagement.so
797c51225000-797c51226000 r--p 00003000 103:04 5900640                   /home/muhammad-usman/.jdks/jbr-21.0.11-1/lib/libmanagement.so
797c51226000-797c51227000 rw-p 00000000 00:00 0 
797c51227000-797c5122a000 r--p 00000000 103:04 5900643                   /home/muhammad-usman/.jdks/jbr-21.0.11-1/lib/libnet.so
797c5122a000-797c51232000 r-xp 00003000 103:04 5900643                   /home/muhammad-usman/.jdks/jbr-21.0.11-1/lib/libnet.so
797c51232000-797c51234000 r--p 0000b000 103:04 5900643                   /home/muhammad-usman/.jdks/jbr-21.0.11-1/lib/libnet.so
797c51234000-797c51235000 ---p 0000d000 103:04 5900643                   /home/muhammad-usman/.jdks/jbr-21.0.11-1/lib/libnet.so
797c51235000-797c51236000 r--p 0000d000 103:04 5900643                   /home/muhammad-usman/.jdks/jbr-21.0.11-1/lib/libnet.so
797c51236000-797c51237000 rw-p 00000000 00:00 0 
797c51237000-797c51239000 r--p 00000000 103:04 5900655                   /home/muhammad-usman/.jdks/jbr-21.0.11-1/lib/libzip.so
797c51239000-797c5123d000 r-xp 00002000 103:04 5900655                   /home/muhammad-usman/.jdks/jbr-21.0.11-1/lib/libzip.so
797c5123d000-797c5123f000 r--p 00006000 103:04 5900655                   /home/muhammad-usman/.jdks/jbr-21.0.11-1/lib/libzip.so
797c5123f000-797c51240000 r--p 00007000 103:04 5900655                   /home/muhammad-usman/.jdks/jbr-21.0.11-1/lib/libzip.so
797c51240000-797c51247000 rw-p 00000000 00:00 0 
797c51247000-797c5124d000 ---p 00000000 00:00 0 
797c5124d000-797c51255000 rw-s 00000000 00:2f 235                        /tmp/hsperfdata_muhammad-usman/4749
797c51255000-797c51262000 r--p 00000000 103:04 5900630                   /home/muhammad-usman/.jdks/jbr-21.0.11-1/lib/libjava.so
797c51262000-797c51271000 r-xp 0000d000 103:04 5900630                   /home/muhammad-usman/.jdks/jbr-21.0.11-1/lib/libjava.so
797c51271000-797c51277000 r--p 0001c000 103:04 5900630                   /home/muhammad-usman/.jdks/jbr-21.0.11-1/lib/libjava.so
797c51277000-797c51278000 r--p 00021000 103:04 5900630                   /home/muhammad-usman/.jdks/jbr-21.0.11-1/lib/libjava.so
797c51278000-797c51279000 rw-p 00022000 103:04 5900630                   /home/muhammad-usman/.jdks/jbr-21.0.11-1/lib/libjava.so
797c51279000-797c5127a000 rw-p 00000000 00:00 0 
797c5127a000-797c5127d000 r--p 00000000 103:04 5900634                   /home/muhammad-usman/.jdks/jbr-21.0.11-1/lib/libjimage.so
797c5127d000-797c51291000 r-xp 00003000 103:04 5900634                   /home/muhammad-usman/.jdks/jbr-21.0.11-1/lib/libjimage.so
797c51291000-797c51297000 r--p 00017000 103:04 5900634                   /home/muhammad-usman/.jdks/jbr-21.0.11-1/lib/libjimage.so
797c51297000-797c51298000 ---p 0001d000 103:04 5900634                   /home/muhammad-usman/.jdks/jbr-21.0.11-1/lib/libjimage.so
797c51298000-797c5129a000 r--p 0001d000 103:04 5900634                   /home/muhammad-usman/.jdks/jbr-21.0.11-1/lib/libjimage.so
797c5129a000-797c5129b000 rw-p 0001f000 103:04 5900634                   /home/muhammad-usman/.jdks/jbr-21.0.11-1/lib/libjimage.so
797c5129b000-797c5129c000 r--p 00000000 103:04 2624612                   /usr/lib/x86_64-linux-gnu/librt.so.1
797c5129c000-797c5129d000 r-xp 00001000 103:04 2624612                   /usr/lib/x86_64-linux-gnu/librt.so.1
797c5129d000-797c5129e000 r--p 00002000 103:04 2624612                   /usr/lib/x86_64-linux-gnu/librt.so.1
797c5129e000-797c5129f000 r--p 00002000 103:04 2624612                   /usr/lib/x86_64-linux-gnu/librt.so.1
797c5129f000-797c512a0000 rw-p 00003000 103:04 2624612                   /usr/lib/x86_64-linux-gnu/librt.so.1
797c512a0000-797c512a4000 rw-p 00000000 00:00 0 
797c512a4000-797c512a5000 r--p 00000000 103:04 2624600                   /usr/lib/x86_64-linux-gnu/libdl.so.2
797c512a5000-797c512a6000 r-xp 00001000 103:04 2624600                   /usr/lib/x86_64-linux-gnu/libdl.so.2
797c512a6000-797c512a7000 r--p 00002000 103:04 2624600                   /usr/lib/x86_64-linux-gnu/libdl.so.2
797c512a7000-797c512a8000 r--p 00002000 103:04 2624600                   /usr/lib/x86_64-linux-gnu/libdl.so.2
797c512a8000-797c512a9000 rw-p 00003000 103:04 2624600                   /usr/lib/x86_64-linux-gnu/libdl.so.2
797c512a9000-797c512aa000 r--p 00000000 103:04 2624610                   /usr/lib/x86_64-linux-gnu/libpthread.so.0
797c512aa000-797c512ab000 r-xp 00001000 103:04 2624610                   /usr/lib/x86_64-linux-gnu/libpthread.so.0
797c512ab000-797c512ac000 r--p 00002000 103:04 2624610                   /usr/lib/x86_64-linux-gnu/libpthread.so.0
797c512ac000-797c512ad000 r--p 00002000 103:04 2624610                   /usr/lib/x86_64-linux-gnu/libpthread.so.0
797c512ad000-797c512ae000 rw-p 00003000 103:04 2624610                   /usr/lib/x86_64-linux-gnu/libpthread.so.0
797c512ae000-797c512b0000 r--p 00000000 103:04 5900635                   /home/muhammad-usman/.jdks/jbr-21.0.11-1/lib/libjli.so
797c512b0000-797c512ba000 r-xp 00002000 103:04 5900635                   /home/muhammad-usman/.jdks/jbr-21.0.11-1/lib/libjli.so
797c512ba000-797c512bd000 r--p 0000c000 103:04 5900635                   /home/muhammad-usman/.jdks/jbr-21.0.11-1/lib/libjli.so
797c512bd000-797c512be000 ---p 0000f000 103:04 5900635                   /home/muhammad-usman/.jdks/jbr-21.0.11-1/lib/libjli.so
797c512be000-797c512bf000 r--p 0000f000 103:04 5900635                   /home/muhammad-usman/.jdks/jbr-21.0.11-1/lib/libjli.so
797c512bf000-797c512c0000 rw-p 00010000 103:04 5900635                   /home/muhammad-usman/.jdks/jbr-21.0.11-1/lib/libjli.so
797c512c0000-797c512c3000 r--p 00000000 103:04 2622178                   /usr/lib/x86_64-linux-gnu/libz.so.1.3.1
797c512c3000-797c512d6000 r-xp 00003000 103:04 2622178                   /usr/lib/x86_64-linux-gnu/libz.so.1.3.1
797c512d6000-797c512dc000 r--p 00016000 103:04 2622178                   /usr/lib/x86_64-linux-gnu/libz.so.1.3.1
797c512dc000-797c512dd000 r--p 0001c000 103:04 2622178                   /usr/lib/x86_64-linux-gnu/libz.so.1.3.1
797c512dd000-797c512de000 rw-p 0001d000 103:04 2622178                   /usr/lib/x86_64-linux-gnu/libz.so.1.3.1
797c512e1000-797c512e3000 r--p 00000000 103:04 5900625                   /home/muhammad-usman/.jdks/jbr-21.0.11-1/lib/libinstrument.so
797c512e3000-797c512e9000 r-xp 00002000 103:04 5900625                   /home/muhammad-usman/.jdks/jbr-21.0.11-1/lib/libinstrument.so
797c512e9000-797c512ec000 r--p 00008000 103:04 5900625                   /home/muhammad-usman/.jdks/jbr-21.0.11-1/lib/libinstrument.so
797c512ec000-797c512ed000 r--p 0000a000 103:04 5900625                   /home/muhammad-usman/.jdks/jbr-21.0.11-1/lib/libinstrument.so
797c512ed000-797c512ee000 rw-p 0000b000 103:04 5900625                   /home/muhammad-usman/.jdks/jbr-21.0.11-1/lib/libinstrument.so
797c512ee000-797c512ef000 ---p 00000000 00:00 0 
797c512ef000-797c512f0000 r--p 00000000 00:00 0 
797c512f0000-797c512f1000 ---p 00000000 00:00 0 
797c512f1000-797c512f3000 rw-p 00000000 00:00 0 
797c512f3000-797c512f7000 r--p 00000000 00:00 0                          [vvar]
797c512f7000-797c512f9000 r--p 00000000 00:00 0                          [vvar_vclock]
797c512f9000-797c512fb000 r-xp 00000000 00:00 0                          [vdso]
797c512fb000-797c512fc000 r--p 00000000 103:04 2624595                   /usr/lib/x86_64-linux-gnu/ld-linux-x86-64.so.2
797c512fc000-797c5132b000 r-xp 00001000 103:04 2624595                   /usr/lib/x86_64-linux-gnu/ld-linux-x86-64.so.2
797c5132b000-797c51336000 r--p 00030000 103:04 2624595                   /usr/lib/x86_64-linux-gnu/ld-linux-x86-64.so.2
797c51336000-797c51338000 r--p 0003b000 103:04 2624595                   /usr/lib/x86_64-linux-gnu/ld-linux-x86-64.so.2
797c51338000-797c51339000 rw-p 0003d000 103:04 2624595                   /usr/lib/x86_64-linux-gnu/ld-linux-x86-64.so.2
797c51339000-797c5133a000 rw-p 00000000 00:00 0 
7ffe972b6000-7ffe972d7000 rw-p 00000000 00:00 0                          [stack]
ffffffffff600000-ffffffffff601000 --xp 00000000 00:00 0                  [vsyscall]
Total number of mappings: 378

JVMTI agents:
/home/muhammad-usman/.gradle/wrapper/dists/gradle-8.13-bin/5xuhj0ry160q40clulazy9h7d/gradle-8.13/lib/agents/gradle-instrumentation-agent-8.13.jar path:none, loaded, initialized, instrumentlib options:none


VM Arguments:
jvm_args: --add-opens=java.base/java.lang=ALL-UNNAMED --add-opens=java.base/java.lang.invoke=ALL-UNNAMED --add-opens=java.base/java.util=ALL-UNNAMED --add-opens=java.prefs/java.util.prefs=ALL-UNNAMED --add-exports=jdk.compiler/com.sun.tools.javac.api=ALL-UNNAMED --add-exports=jdk.compiler/com.sun.tools.javac.util=ALL-UNNAMED --add-opens=java.base/java.util=ALL-UNNAMED --add-opens=java.prefs/java.util.prefs=ALL-UNNAMED --add-opens=java.base/java.nio.charset=ALL-UNNAMED --add-opens=java.base/java.net=ALL-UNNAMED --add-opens=java.base/java.util.concurrent.atomic=ALL-UNNAMED --add-opens=java.xml/javax.xml.namespace=ALL-UNNAMED -Xmx2048m -Dfile.encoding=UTF-8 -Duser.country=US -Duser.language=en -Duser.variant -javaagent:/home/muhammad-usman/.gradle/wrapper/dists/gradle-8.13-bin/5xuhj0ry160q40clulazy9h7d/gradle-8.13/lib/agents/gradle-instrumentation-agent-8.13.jar -Dawt.toolkit.name=XToolkit 
java_command: org.gradle.launcher.daemon.bootstrap.GradleDaemon 8.13
java_class_path (initial): /home/muhammad-usman/.gradle/wrapper/dists/gradle-8.13-bin/5xuhj0ry160q40clulazy9h7d/gradle-8.13/lib/gradle-daemon-main-8.13.jar
Launcher Type: SUN_STANDARD

[Global flags]
     intx CICompilerCount                          = 3                                         {product} {ergonomic}
     uint ConcGCThreads                            = 1                                         {product} {ergonomic}
     uint G1ConcRefinementThreads                  = 4                                         {product} {ergonomic}
   size_t G1HeapRegionSize                         = 1048576                                   {product} {ergonomic}
    uintx GCDrainStackTargetSize                   = 64                                        {product} {ergonomic}
   size_t InitialHeapSize                          = 253755392                                 {product} {ergonomic}
   size_t MarkStackSize                            = 4194304                                   {product} {ergonomic}
   size_t MaxHeapSize                              = 2147483648                                {product} {command line}
   size_t MaxNewSize                               = 1287651328                                {product} {ergonomic}
   size_t MinHeapDeltaBytes                        = 1048576                                   {product} {ergonomic}
   size_t MinHeapSize                              = 8388608                                   {product} {ergonomic}
    uintx NonNMethodCodeHeapSize                   = 5832780                                {pd product} {ergonomic}
    uintx NonProfiledCodeHeapSize                  = 122912730                              {pd product} {ergonomic}
    uintx ProfiledCodeHeapSize                     = 122912730                              {pd product} {ergonomic}
    uintx ReservedCodeCacheSize                    = 251658240                              {pd product} {ergonomic}
     bool SegmentedCodeCache                       = true                                      {product} {ergonomic}
   size_t SoftMaxHeapSize                          = 2147483648                             {manageable} {ergonomic}
     bool UseCompressedOops                        = true                           {product lp64_product} {ergonomic}
     bool UseG1GC                                  = true                                      {product} {ergonomic}

Logging:
Log output configuration:
 #0: stdout all=warning uptime,level,tags foldmultilines=false
 #1: stderr all=off uptime,level,tags foldmultilines=false

Release file:
JAVA_VERSION="21.0.11"
MODULES="java.base java.compiler java.datatransfer java.xml java.prefs java.desktop java.instrument java.logging java.management java.security.sasl java.naming java.rmi java.management.rmi java.net.http java.scripting java.security.jgss java.transaction.xa java.sql java.sql.rowset java.xml.crypto java.se java.smartcardio jdk.accessibility jdk.internal.jvmstat jdk.attach jdk.charsets jdk.internal.opt jdk.zipfs jdk.compiler jdk.crypto.ec jdk.crypto.cryptoki jdk.dynalink jdk.internal.ed jdk.editpad jdk.hotspot.agent jdk.httpserver jdk.incubator.vector jdk.internal.le jdk.internal.vm.ci jdk.internal.vm.compiler jdk.internal.vm.compiler.management jdk.jartool jdk.javadoc jdk.jcmd jdk.management jdk.management.agent jdk.jconsole jdk.jdeps jdk.jdwp.agent jdk.jdi jdk.jfr jdk.jlink jdk.jpackage jdk.jshell jdk.jsobject jdk.jstatd jdk.localedata jdk.management.jfr jdk.naming.dns jdk.naming.rmi jdk.net jdk.nio.mapmode jdk.random jdk.sctp jdk.security.auth jdk.security.jgss jdk.unsupported jdk.unsupported.desktop jdk.xml.dom"
IMPLEMENTOR="JetBrains s.r.o."
IMPLEMENTOR_VERSION="JBRSDK-21.0.11+10-1163.116-nomod"
JAVA_RUNTIME_VERSION="21.0.11+10-b1163.116"
LIBC="gnu"
OS_ARCH="x86_64"
OS_NAME="Linux"
SOURCE=".:git:cf1f197170a0+"

Environment Variables:
PATH=/usr/local/sbin:/usr/local/bin:/usr/sbin:/usr/bin:/sbin:/bin:/usr/games:/usr/local/games:/snap/bin:/snap/bin
USERNAME=muhammad-usman
SHELL=/bin/bash
DISPLAY=:0
WAYLAND_DISPLAY=wayland-0
LANG=en_US.UTF-8

Active Locale:
LC_ALL=en_US.UTF-8
LC_COLLATE=en_US.UTF-8
LC_CTYPE=en_US.UTF-8
LC_MESSAGES=en_US.UTF-8
LC_MONETARY=en_US.UTF-8
LC_NUMERIC=en_US.UTF-8
LC_TIME=en_US.UTF-8

Signal Handlers:
   SIGSEGV: crash_handler in libjvm.so, mask=11100100010111111101111111111110, flags=SA_RESTART|SA_SIGINFO, unblocked
    SIGBUS: crash_handler in libjvm.so, mask=11100100010111111101111111111110, flags=SA_RESTART|SA_SIGINFO, unblocked
    SIGFPE: crash_handler in libjvm.so, mask=11100100010111111101111111111110, flags=SA_RESTART|SA_SIGINFO, unblocked
   SIGPIPE: javaSignalHandler in libjvm.so, mask=11100100010111111101111111111110, flags=SA_RESTART|SA_SIGINFO, blocked
   SIGXFSZ: javaSignalHandler in libjvm.so, mask=11100100010111111101111111111110, flags=SA_RESTART|SA_SIGINFO, blocked
    SIGILL: crash_handler in libjvm.so, mask=11100100010111111101111111111110, flags=SA_RESTART|SA_SIGINFO, unblocked
   SIGUSR2: SR_handler in libjvm.so, mask=00000000000000000000000000000000, flags=SA_RESTART|SA_SIGINFO, blocked
    SIGHUP: UserHandler in libjvm.so, mask=11100100010111111101111111111110, flags=SA_RESTART|SA_SIGINFO, blocked
    SIGINT: UserHandler in libjvm.so, mask=11100100010111111101111111111110, flags=SA_RESTART|SA_SIGINFO, blocked
   SIGTERM: UserHandler in libjvm.so, mask=11100100010111111101111111111110, flags=SA_RESTART|SA_SIGINFO, blocked
   SIGQUIT: UserHandler in libjvm.so, mask=11100100010111111101111111111110, flags=SA_RESTART|SA_SIGINFO, blocked
   SIGTRAP: crash_handler in libjvm.so, mask=11100100010111111101111111111110, flags=SA_RESTART|SA_SIGINFO, unblocked


Periodic native trim disabled

JNI global refs:
JNI global refs: 31, weak refs: 0

JNI global refs memory usage: 859, weak refs: 857

Process memory usage:
Resident Set Size: 554784K (3% of 15729900K total physical memory with 11477556K free physical memory)

OOME stack traces (most recent first):
Classloader memory used:
Loader org.gradle.internal.classloader.VisitableURLClassLoader                         : 42590K
Loader org.gradle.internal.classloader.VisitableURLClassLoader$InstrumentingVisitableURLClassLoader: 20611K
Loader org.gradle.initialization.MixInLegacyTypesClassLoader                           : 11768K
Loader bootstrap                                                                       : 11400K
Loader org.gradle.internal.classloader.VisitableURLClassLoader                         : 993K
Loader jdk.internal.loader.ClassLoaders$PlatformClassLoader                            : 431K
Loader jdk.internal.reflect.DelegatingClassLoader                                      : 324K
Loader org.gradle.groovy.scripts.internal.DefaultScriptCompilationHandler$ScriptClassLoader: 268K
Loader jdk.internal.loader.ClassLoaders$AppClassLoader                                 : 237K
Loader org.codehaus.groovy.runtime.callsite.CallSiteClassLoader                        : 59496B
Loader groovy.lang.GroovyClassLoader$InnerLoader                                       : 50560B

Classes loaded by more than one classloader:
Class com.google.common.collect.UnmodifiableListIterator                              : loaded 3 times (x 95B)
Class com.google.common.collect.Iterators$ArrayItr                                    : loaded 3 times (x 97B)
Class com.google.common.collect.UnmodifiableIterator                                  : loaded 3 times (x 80B)
Class com.google.common.collect.Iterators                                             : loaded 3 times (x 71B)
Class com.google.common.collect.Lists$StringAsImmutableList                           : loaded 3 times (x 207B)
Class com.google.common.collect.AbstractIterator                                      : loaded 3 times (x 82B)
Class com.google.common.collect.AbstractIndexedListIterator                           : loaded 3 times (x 96B)
Class com.google.common.collect.Iterators$1                                           : loaded 3 times (x 81B)
Class com.google.common.collect.Iterators$4                                           : loaded 3 times (x 82B)
Class com.google.common.collect.Iterators$5                                           : loaded 3 times (x 82B)
Class com.google.common.collect.ImmutableCollection                                   : loaded 3 times (x 125B)
Class com.google.common.collect.Lists                                                 : loaded 3 times (x 71B)
Class com.google.common.collect.Iterators$9                                           : loaded 3 times (x 81B)
Class org.gradle.internal.Cast                                                        : loaded 3 times (x 71B)
Class org.gradle.api.Action                                                           : loaded 3 times (x 70B)
Class org.gradle.api.GradleException                                                  : loaded 3 times (x 82B)
Class org.gradle.internal.IoActions                                                   : loaded 3 times (x 71B)
Class com.google.common.base.Preconditions                                            : loaded 3 times (x 71B)
Class com.google.common.collect.PeekingIterator                                       : loaded 3 times (x 70B)
Class com.google.common.collect.ImmutableList                                         : loaded 3 times (x 206B)
Class com.google.common.collect.Iterators$MergingIterator                             : loaded 3 times (x 81B)
Class com.google.common.base.Equivalence$Identity                                     : loaded 2 times (x 82B)
Class com.google.common.base.PairwiseEquivalence                                      : loaded 2 times (x 83B)
Class com.google.common.collect.RegularImmutableMap$KeySet                            : loaded 2 times (x 152B)
Class kotlin.NotImplementedError                                                      : loaded 2 times (x 82B)
Class org.gradle.internal.classloader.FilteringClassLoader                            : loaded 2 times (x 105B)
Class com.google.common.base.CharMatcher$IsEither                                     : loaded 2 times (x 111B)
Class org.gradle.internal.classloader.ClassLoaderHierarchy                            : loaded 2 times (x 70B)
Class com.google.common.collect.ImmutableEnumSet                                      : loaded 2 times (x 146B)
Class com.google.common.util.concurrent.ExecutionError                                : loaded 2 times (x 82B)
Class com.google.common.collect.ImmutableList$1                                       : loaded 2 times (x 97B)
Class org.gradle.api.internal.classpath.ManifestUtil                                  : loaded 2 times (x 71B)
Class com.google.common.collect.RegularImmutableMap                                   : loaded 2 times (x 121B)
Class com.google.common.collect.ImmutableMap$MapViewOfValuesAsSingletonSets           : loaded 2 times (x 126B)
Class [Lorg.objectweb.asm.Symbol;                                                     : loaded 2 times (x 69B)
Class org.objectweb.asm.ClassVisitor                                                  : loaded 2 times (x 88B)
Class org.gradle.internal.operations.MultipleBuildOperationFailures                   : loaded 2 times (x 95B)
Class com.google.common.base.Platform$JdkPatternCompiler                              : loaded 2 times (x 75B)
Class org.objectweb.asm.MethodTooLargeException                                       : loaded 2 times (x 83B)
Class [Lcom.google.common.cache.CacheBuilder$OneWeigher;                              : loaded 2 times (x 69B)
Class com.google.common.base.Suppliers                                                : loaded 2 times (x 71B)
Class org.gradle.internal.classloader.DefaultClassLoaderFactory                       : loaded 2 times (x 82B)
Class kotlin.collections.AbstractList$Companion                                       : loaded 2 times (x 71B)
Class org.gradle.internal.classloader.ClassLoaderVisitor                              : loaded 2 times (x 76B)
Class [Lcom.google.common.collect.ImmutableMapEntry;                                  : loaded 2 times (x 69B)
Class org.gradle.api.internal.classpath.EffectiveClassPath                            : loaded 2 times (x 90B)
Class com.google.common.collect.ListMultimap                                          : loaded 2 times (x 70B)
Class com.google.common.collect.ImmutableEnumMap                                      : loaded 2 times (x 126B)
Class org.gradle.tooling.internal.gradle.DefaultProjectIdentifier                     : loaded 2 times (x 86B)
Class com.google.common.collect.Sets$1                                                : loaded 2 times (x 139B)
Class org.objectweb.asm.AnnotationVisitor                                             : loaded 2 times (x 78B)
Class org.gradle.api.internal.DefaultClassPathProvider                                : loaded 2 times (x 76B)
Class com.google.common.collect.Sets$2                                                : loaded 2 times (x 139B)
Class [Lorg.gradle.api.internal.ClassPathProvider;                                    : loaded 2 times (x 69B)
Class org.gradle.api.internal.ClassPathProvider                                       : loaded 2 times (x 70B)
Class [Lorg.objectweb.asm.AnnotationVisitor;                                          : loaded 2 times (x 69B)
Class com.google.common.collect.Sets$3                                                : loaded 2 times (x 139B)
Class com.google.common.util.concurrent.AbstractFuture$SafeAtomicHelper               : loaded 2 times (x 79B)
Class com.google.common.cache.LocalCache$LocalLoadingCache                            : loaded 2 times (x 134B)
Class org.gradle.internal.service.UnknownServiceException                             : loaded 2 times (x 83B)
Class com.google.common.collect.Sets$4                                                : loaded 2 times (x 139B)
Class org.objectweb.asm.ModuleVisitor                                                 : loaded 2 times (x 81B)
Class com.google.common.cache.LocalCache$Strength$1                                   : loaded 2 times (x 81B)
Class com.google.common.util.concurrent.SettableFuture                                : loaded 2 times (x 114B)
Class com.google.common.cache.LocalCache$Strength$2                                   : loaded 2 times (x 81B)
Class com.google.common.cache.LocalCache$Strength$3                                   : loaded 2 times (x 81B)
Class com.google.common.collect.MapDifference                                         : loaded 2 times (x 70B)
Class org.objectweb.asm.FieldWriter                                                   : loaded 2 times (x 78B)
Class com.google.common.cache.CacheBuilder$NullListener                               : loaded 2 times (x 82B)
Class org.gradle.internal.classpath.TransformedClassPath                              : loaded 2 times (x 96B)
Class org.gradle.internal.classloader.InstrumentingClassLoader                        : loaded 2 times (x 70B)
Class com.google.common.cache.CacheLoader$FunctionToCacheLoader                       : loaded 2 times (x 75B)
Class com.google.common.collect.ImmutableCollection$Builder                           : loaded 2 times (x 76B)
Class kotlin.enums.EnumEntriesList                                                    : loaded 2 times (x 223B)
Class com.google.common.base.Joiner                                                   : loaded 2 times (x 79B)
Class com.google.common.base.MoreObjects                                              : loaded 2 times (x 71B)
Class com.google.common.collect.Platform                                              : loaded 2 times (x 71B)
Class [Lorg.objectweb.asm.Type;                                                       : loaded 2 times (x 69B)
Class org.gradle.internal.service.ServiceLocator                                      : loaded 2 times (x 70B)
Class com.google.common.base.Ascii                                                    : loaded 2 times (x 71B)
Class com.google.common.collect.SingletonImmutableBiMap                               : loaded 2 times (x 143B)
Class com.google.common.cache.LocalCache$1                                            : loaded 2 times (x 89B)
Class com.google.common.collect.Iterators$SingletonIterator                           : loaded 2 times (x 81B)
Class com.google.common.collect.AbstractMapEntry                                      : loaded 2 times (x 81B)
Class com.intellij.gradle.toolingExtension.util.GradleVersionUtil                     : loaded 2 times (x 71B)
Class org.gradle.tooling.model.UnsupportedMethodException                             : loaded 2 times (x 82B)
Class com.google.common.collect.Sets$ImprovedAbstractSet                              : loaded 2 times (x 135B)
Class com.google.common.collect.ImmutableList$Builder                                 : loaded 2 times (x 77B)
Class com.google.common.collect.AbstractMultimap                                      : loaded 2 times (x 123B)
Class com.google.common.cache.LocalCache$2                                            : loaded 2 times (x 142B)
Class com.google.common.util.concurrent.AbstractFuture$UnsafeAtomicHelper$1           : loaded 2 times (x 76B)
Class com.google.common.collect.RegularImmutableAsList                                : loaded 2 times (x 217B)
Class com.google.common.util.concurrent.AbstractFuture$Trusted                        : loaded 2 times (x 70B)
Class com.google.common.util.concurrent.UncheckedExecutionException                   : loaded 2 times (x 82B)
Class org.gradle.internal.InternalTransformer                                         : loaded 2 times (x 70B)
Class com.google.common.collect.AbstractMapBasedMultimap$KeySet$1                     : loaded 2 times (x 82B)
Class com.google.common.base.CharMatcher$And                                          : loaded 2 times (x 112B)
Class org.objectweb.asm.ClassWriter                                                   : loaded 2 times (x 106B)
Class com.google.common.cache.CacheLoader$UnsupportedLoadingOperationException        : loaded 2 times (x 82B)
Class org.gradle.internal.time.DefaultTimer                                           : loaded 2 times (x 80B)
Class org.gradle.internal.classloader.ClasspathUtil$1                                 : loaded 2 times (x 76B)
Class org.objectweb.asm.FieldVisitor                                                  : loaded 2 times (x 77B)
Class com.google.common.collect.IndexedImmutableSet                                   : loaded 2 times (x 152B)
Class com.google.common.collect.ImmutableMap$1                                        : loaded 2 times (x 81B)
Class com.google.common.collect.BiMap                                                 : loaded 2 times (x 70B)
Class org.gradle.api.internal.classpath.DefaultModuleRegistry$DefaultModule           : loaded 2 times (x 86B)
Class com.google.common.primitives.Ints                                               : loaded 2 times (x 71B)
Class com.google.common.collect.ObjectArrays                                          : loaded 2 times (x 71B)
Class com.google.common.collect.Multiset                                              : loaded 2 times (x 70B)
Class com.google.common.collect.ArrayListMultimapGwtSerializationDependencies         : loaded 2 times (x 172B)
Class com.google.common.math.MathPreconditions                                        : loaded 2 times (x 71B)
Class org.gradle.internal.time.DefaultCountdownTimer                                  : loaded 2 times (x 88B)
Class com.google.common.collect.ImmutableMapEntrySet                                  : loaded 2 times (x 152B)
Class org.gradle.tooling.internal.gradle.DefaultBuildIdentifier                       : loaded 2 times (x 79B)
Class org.gradle.api.internal.classpath.Module                                        : loaded 2 times (x 70B)
Class com.google.common.cache.Weigher                                                 : loaded 2 times (x 70B)
Class org.gradle.api.internal.classpath.UnknownModuleException                        : loaded 2 times (x 82B)
Class com.google.common.base.Stopwatch                                                : loaded 2 times (x 72B)
Class com.google.common.cache.LocalCache$Strength                                     : loaded 2 times (x 81B)
Class com.google.common.cache.Cache                                                   : loaded 2 times (x 70B)
Class com.google.common.util.concurrent.AbstractFuture$Cancellation                   : loaded 2 times (x 72B)
Class com.google.common.collect.ImmutableMap$Builder                                  : loaded 2 times (x 82B)
Class build_d4dk1d984209f7p9jyfr724g1                                                 : loaded 2 times (x 180B)
Class com.google.common.cache.RemovalListener                                         : loaded 2 times (x 70B)
Class org.gradle.tooling.internal.gradle.GradleProjectIdentity                        : loaded 2 times (x 70B)
Class org.gradle.api.internal.DefaultClassPathRegistry                                : loaded 2 times (x 76B)
Class com.google.common.primitives.IntsMethodsForWeb                                  : loaded 2 times (x 71B)
Class com.google.common.collect.Multimap                                              : loaded 2 times (x 70B)
Class settings_c6b2slg1ndf4wldq80rxch94i$_run_closure1$_closure2                      : loaded 2 times (x 139B)
Class org.gradle.api.internal.ClassPathRegistry                                       : loaded 2 times (x 70B)
Class org.gradle.internal.classpath.DefaultClassPath$ImmutableUniqueList              : loaded 2 times (x 199B)
Class com.google.common.cache.CacheBuilder                                            : loaded 2 times (x 72B)
Class com.google.common.collect.SingletonImmutableList                                : loaded 2 times (x 207B)
Class org.gradle.internal.classpath.ClassPath                                         : loaded 2 times (x 70B)
Class org.gradle.api.UncheckedIOException                                             : loaded 2 times (x 82B)
Class com.google.common.base.JdkPattern                                               : loaded 2 times (x 75B)
Class com.google.common.collect.ImmutableList$ReverseImmutableList                    : loaded 2 times (x 209B)
Class org.objectweb.asm.SymbolTable$Entry                                             : loaded 2 times (x 74B)
Class com.google.common.util.concurrent.AbstractFuture$AtomicHelper                   : loaded 2 times (x 78B)
Class org.objectweb.asm.Edge                                                          : loaded 2 times (x 72B)
Class com.google.common.base.Suppliers$SupplierOfInstance                             : loaded 2 times (x 79B)
Class ijInit1_11vqlwagrmqhcgwnw0hsow9sa                                               : loaded 2 times (x 179B)
Class org.gradle.tooling.model.Model                                                  : loaded 2 times (x 70B)
Class com.google.common.cache.LocalCache$ComputingValueReference                      : loaded 2 times (x 96B)
Class com.google.common.collect.SingletonImmutableSet                                 : loaded 2 times (x 146B)
Class com.google.common.collect.ImmutableMap$IteratorBasedImmutableMap                : loaded 2 times (x 126B)
Class kotlin.UninitializedPropertyAccessException                                     : loaded 2 times (x 82B)
Class com.google.common.cache.LocalCache$Segment                                      : loaded 2 times (x 154B)
Class com.google.common.collect.AbstractListMultimap                                  : loaded 2 times (x 172B)
Class [Lorg.objectweb.asm.SymbolTable$Entry;                                          : loaded 2 times (x 69B)
Class com.google.common.cache.CacheLoader                                             : loaded 2 times (x 74B)
Class com.google.common.collect.ImmutableBiMap                                        : loaded 2 times (x 143B)
Class org.gradle.internal.installation.GradleInstallation$1                           : loaded 2 times (x 75B)
Class org.gradle.api.internal.classpath.ModuleRegistry                                : loaded 2 times (x 70B)
Class com.google.common.util.concurrent.internal.InternalFutureFailureAccess          : loaded 2 times (x 72B)
Class com.google.common.collect.ImmutableSet$JdkBackedSetBuilderImpl                  : loaded 2 times (x 76B)
Class com.google.common.base.CharMatcher$ForPredicate                                 : loaded 2 times (x 112B)
Class com.google.common.util.concurrent.AbstractFuture$UnsafeAtomicHelper             : loaded 2 times (x 78B)
Class com.google.common.cache.LocalCache$LocalManualCache$1                           : loaded 2 times (x 75B)
Class com.google.common.base.CharMatcher$AnyOf                                        : loaded 2 times (x 112B)
Class org.gradle.api.internal.classpath.DefaultModuleRegistry                         : loaded 2 times (x 86B)
Class com.google.common.util.concurrent.ListenableFuture                              : loaded 2 times (x 70B)
Class com.google.common.cache.ReferenceEntry                                          : loaded 2 times (x 70B)
Class com.google.common.base.Converter                                                : loaded 2 times (x 90B)
Class com.google.common.collect.ImmutableSet$CachingAsList                            : loaded 2 times (x 148B)
Class com.google.common.collect.AbstractMapBasedMultimap                              : loaded 2 times (x 139B)
Class com.google.common.util.concurrent.AbstractFuture                                : loaded 2 times (x 106B)
Class com.google.common.base.FunctionalEquivalence                                    : loaded 2 times (x 83B)
Class com.google.common.collect.ImmutableAsList                                       : loaded 2 times (x 209B)
Class org.objectweb.asm.RecordComponentVisitor                                        : loaded 2 times (x 77B)
Class com.google.common.cache.CacheLoader$SupplierToCacheLoader                       : loaded 2 times (x 75B)
Class com.google.common.collect.Maps$EntryTransformer                                 : loaded 2 times (x 70B)
Class org.gradle.internal.time.MonotonicClock                                         : loaded 2 times (x 77B)
Class org.gradle.internal.service.ServiceLookupException                              : loaded 2 times (x 82B)
Class build_d4dk1d984209f7p9jyfr724g1$_run_closure1                                   : loaded 2 times (x 139B)
Class [Lcom.google.common.cache.LocalCache$EntryFactory;                              : loaded 2 times (x 69B)
Class org.gradle.internal.classloader.ClassLoaderFactory                              : loaded 2 times (x 70B)
Class com.google.common.base.CommonPattern                                            : loaded 2 times (x 74B)
Class com.google.common.base.CharMatcher$IsNot                                        : loaded 2 times (x 111B)
Class com.google.common.cache.LocalCache$LocalManualCache                             : loaded 2 times (x 99B)
Class org.gradle.internal.service.CachingServiceLocator                               : loaded 2 times (x 82B)
Class com.google.common.collect.AbstractMapBasedMultimap$KeySet                       : loaded 2 times (x 137B)
Class com.google.common.math.IntMath                                                  : loaded 2 times (x 71B)
Class org.objectweb.asm.commons.InstructionAdapter                                    : loaded 2 times (x 188B)
Class com.google.common.collect.ImmutableMapEntry                                     : loaded 2 times (x 85B)
Class org.gradle.internal.time.TimeSource                                             : loaded 2 times (x 70B)
Class com.google.common.base.Equivalence                                              : loaded 2 times (x 82B)
Class com.google.common.base.Function                                                 : loaded 2 times (x 70B)
Class com.google.common.collect.ImmutableMapEntry$NonTerminalImmutableMapEntry        : loaded 2 times (x 85B)
Class org.gradle.tooling.internal.gradle.GradleBuildIdentity                          : loaded 2 times (x 70B)
Class kotlin.enums.EnumEntries                                                        : loaded 2 times (x 70B)
Class com.google.common.collect.IndexedImmutableSet$1                                 : loaded 2 times (x 213B)
Class com.google.common.cache.CacheBuilder$OneWeigher                                 : loaded 2 times (x 82B)
Class com.google.common.collect.RegularImmutableList                                  : loaded 2 times (x 213B)
Class org.gradle.internal.exceptions.ResolutionProvider                               : loaded 2 times (x 70B)
Class settings_c6b2slg1ndf4wldq80rxch94i$_run_closure1                                : loaded 2 times (x 139B)
Class org.gradle.tooling.model.ProjectIdentifier                                      : loaded 2 times (x 70B)
Class org.gradle.internal.classloader.ClasspathUtil                                   : loaded 2 times (x 71B)
Class com.google.common.base.Charsets                                                 : loaded 2 times (x 71B)
Class com.google.common.util.concurrent.Uninterruptibles                              : loaded 2 times (x 71B)
Class com.google.common.collect.Maps                                                  : loaded 2 times (x 71B)
Class org.gradle.internal.time.TimeSource$1                                           : loaded 2 times (x 77B)
Class kotlin.jvm.internal.DefaultConstructorMarker                                    : loaded 2 times (x 71B)
Class org.gradle.api.specs.Spec                                                       : loaded 2 times (x 70B)
Class [Lcom.google.common.collect.ImmutableEntry;                                     : loaded 2 times (x 69B)
Class sync_studio_tooling_d4xmr6pngf9tpxv87sornrvx9                                   : loaded 2 times (x 179B)
Class com.google.common.cache.LocalCache$LoadingValueReference                        : loaded 2 times (x 96B)
Class com.google.common.base.Platform                                                 : loaded 2 times (x 71B)
Class com.intellij.gradle.toolingExtension.impl.model.utilDummyModel.DummyModel       : loaded 2 times (x 70B)
Class org.gradle.internal.time.Clock                                                  : loaded 2 times (x 70B)
Class [Lorg.objectweb.asm.AnnotationWriter;                                           : loaded 2 times (x 69B)
Class com.google.common.collect.Maps$8                                                : loaded 2 times (x 82B)
Class kotlin.collections.AbstractList                                                 : loaded 2 times (x 197B)
Class kotlin.collections.AbstractCollection                                           : loaded 2 times (x 117B)
Class com.google.common.collect.Sets$SetView                                          : loaded 2 times (x 138B)
Class com.google.common.cache.LocalCache$StrongValueReference                         : loaded 2 times (x 90B)
Class com.google.common.util.concurrent.AbstractFuture$SynchronizedHelper             : loaded 2 times (x 78B)
Class settings_c6b2slg1ndf4wldq80rxch94i                                              : loaded 2 times (x 179B)
Class org.objectweb.asm.Type                                                          : loaded 2 times (x 72B)
Class org.gradle.internal.classloader.VisitableURLClassLoader$InstrumentingVisitableURLClassLoader: loaded 2 times (x 123B)
Class org.objectweb.asm.ByteVector                                                    : loaded 2 times (x 79B)
Class [Lcom.google.common.cache.CacheBuilder$NullListener;                            : loaded 2 times (x 69B)
Class com.google.common.math.IntMath$1                                                : loaded 2 times (x 71B)
Class org.gradle.internal.classloader.VisitableURLClassLoader$Spec                    : loaded 2 times (x 74B)
Class org.gradle.internal.classpath.DefaultClassPath                                  : loaded 2 times (x 90B)
Class org.objectweb.asm.Symbol                                                        : loaded 2 times (x 73B)
Class org.gradle.util.internal.DefaultGradleVersion                                   : loaded 2 times (x 82B)
Class com.google.common.base.CharMatcher$BitSetMatcher                                : loaded 2 times (x 112B)
Class com.google.common.collect.RegularImmutableMap$Values                            : loaded 2 times (x 207B)
Class com.google.common.collect.ImmutableSet                                          : loaded 2 times (x 145B)
Class org.gradle.internal.classloader.ClassLoaderSpec                                 : loaded 2 times (x 71B)
Class org.objectweb.asm.AnnotationWriter                                              : loaded 2 times (x 79B)
Class com.google.common.cache.CacheStats                                              : loaded 2 times (x 71B)
Class com.google.common.base.CharMatcher$Or                                           : loaded 2 times (x 112B)
Class org.objectweb.asm.RecordComponentWriter                                         : loaded 2 times (x 78B)
Class com.google.common.util.concurrent.AbstractFuture$Listener                       : loaded 2 times (x 72B)
Class org.objectweb.asm.Attribute                                                     : loaded 2 times (x 77B)
Class com.google.common.base.Supplier                                                 : loaded 2 times (x 70B)
Class org.gradle.internal.classloader.VisitableURLClassLoader                         : loaded 2 times (x 117B)
Class com.google.common.util.concurrent.AbstractFuture$Waiter                         : loaded 2 times (x 72B)
Class com.google.common.base.Strings                                                  : loaded 2 times (x 71B)
Class com.google.common.collect.Sets                                                  : loaded 2 times (x 71B)
Class org.objectweb.asm.Handler                                                       : loaded 2 times (x 72B)
Class com.google.common.base.CharMatcher$FastMatcher                                  : loaded 2 times (x 111B)
Class com.google.common.base.Ticker                                                   : loaded 2 times (x 72B)
Class [Lcom.google.common.cache.LocalCache$Segment;                                   : loaded 2 times (x 69B)
Class com.google.common.base.Predicate                                                : loaded 2 times (x 70B)
Class [Lcom.google.common.cache.LocalCache$Strength;                                  : loaded 2 times (x 69B)
Class com.google.common.cache.CacheBuilder$1                                          : loaded 2 times (x 85B)
Class com.google.common.collect.ImmutableMap                                          : loaded 2 times (x 120B)
Class org.gradle.internal.classpath.DefaultClassPath$ImmutableUniqueList$Builder      : loaded 2 times (x 75B)
Class com.google.common.base.CharMatcher$NegatedFastMatcher                           : loaded 2 times (x 113B)
Class com.google.common.cache.LocalCache                                              : loaded 2 times (x 187B)
Class com.google.common.cache.CacheBuilder$2                                          : loaded 2 times (x 79B)
Class com.google.common.collect.ArrayListMultimap                                     : loaded 2 times (x 172B)
Class com.google.common.cache.CacheBuilder$3                                          : loaded 2 times (x 72B)
Class [Lcom.google.common.collect.AbstractMapEntry;                                   : loaded 2 times (x 69B)
Class com.google.common.collect.ImmutableEntry                                        : loaded 2 times (x 82B)
Class org.gradle.internal.exceptions.NonGradleCauseExceptionsHolder                   : loaded 2 times (x 70B)
Class com.google.common.collect.CollectPreconditions                                  : loaded 2 times (x 71B)
Class com.google.common.collect.SortedMapDifference                                   : loaded 2 times (x 70B)
Class com.google.common.cache.LocalCache$EntryFactory                                 : loaded 2 times (x 83B)
Class com.google.common.cache.LocalCache$AbstractReferenceEntry                       : loaded 2 times (x 107B)
Class kotlin.enums.EnumEntriesKt                                                      : loaded 2 times (x 71B)
Class org.objectweb.asm.SymbolTable                                                   : loaded 2 times (x 72B)
Class com.google.common.cache.CacheLoader$InvalidCacheLoadException                   : loaded 2 times (x 82B)
Class com.google.common.collect.ImmutableSet$RegularSetBuilderImpl                    : loaded 2 times (x 77B)
Class org.gradle.internal.classloader.SystemClassLoaderSpec                           : loaded 2 times (x 71B)
Class com.google.common.cache.LocalCache$StrongEntry                                  : loaded 2 times (x 108B)
Class com.google.common.util.concurrent.AbstractFuture$TrustedFuture                  : loaded 2 times (x 114B)
Class com.google.common.cache.LoadingCache                                            : loaded 2 times (x 70B)
Class org.gradle.internal.exceptions.MultiCauseException                              : loaded 2 times (x 70B)
Class org.gradle.internal.time.CountdownTimer                                         : loaded 2 times (x 70B)
Class kotlin.jvm.internal.Intrinsics                                                  : loaded 2 times (x 71B)
Class org.objectweb.asm.MethodWriter                                                  : loaded 2 times (x 106B)
Class [Lcom.google.common.cache.Weigher;                                              : loaded 2 times (x 69B)
Class com.google.common.collect.RegularImmutableMap$BucketOverflowException           : loaded 2 times (x 82B)
Class org.gradle.tooling.model.ProjectModel                                           : loaded 2 times (x 70B)
Class kotlin.KotlinNullPointerException                                               : loaded 2 times (x 83B)
Class com.google.common.base.CharMatcher$Is                                           : loaded 2 times (x 111B)
Class com.google.common.base.CharMatcher$Negated                                      : loaded 2 times (x 113B)
Class com.google.common.collect.RegularImmutableBiMap                                 : loaded 2 times (x 149B)
Class com.google.common.cache.LocalCache$ValueReference                               : loaded 2 times (x 70B)
Class org.gradle.internal.exceptions.DefaultMultiCauseException                       : loaded 2 times (x 95B)
Class com.google.common.base.PatternCompiler                                          : loaded 2 times (x 70B)
Class com.google.common.util.concurrent.AbstractFuture$Failure                        : loaded 2 times (x 72B)
Class com.google.common.base.Equivalence$Equals                                       : loaded 2 times (x 82B)
Class com.google.common.collect.Hashing                                               : loaded 2 times (x 71B)
Class com.google.common.base.Joiner$1                                                 : loaded 2 times (x 80B)
Class org.objectweb.asm.Label                                                         : loaded 2 times (x 73B)
Class org.objectweb.asm.CurrentFrame                                                  : loaded 2 times (x 73B)
Class com.google.common.base.CharMatcher                                              : loaded 2 times (x 111B)
Class org.objectweb.asm.ClassTooLargeException                                        : loaded 2 times (x 83B)
Class org.gradle.internal.time.Time                                                   : loaded 2 times (x 71B)
Class com.google.common.base.Joiner$2                                                 : loaded 2 times (x 79B)
Class org.objectweb.asm.Frame                                                         : loaded 2 times (x 73B)
Class com.google.common.base.CharMatcher$NamedFastMatcher                             : loaded 2 times (x 112B)
Class com.google.common.base.CharMatcher$1                                            : loaded 2 times (x 113B)
Class org.objectweb.asm.MethodVisitor                                                 : loaded 2 times (x 105B)
Class com.google.common.cache.LocalCache$EntryFactory$1                               : loaded 2 times (x 83B)
Class [Lcom.google.common.cache.RemovalListener;                                      : loaded 2 times (x 69B)
Class com.google.common.cache.LocalCache$EntryFactory$2                               : loaded 2 times (x 83B)
Class org.gradle.api.internal.classpath.GlobalCacheRootsProvider                      : loaded 2 times (x 70B)
Class org.objectweb.asm.ModuleWriter                                                  : loaded 2 times (x 82B)
Class com.google.common.cache.LocalCache$EntryFactory$3                               : loaded 2 times (x 83B)
Class com.google.common.base.Ticker$1                                                 : loaded 2 times (x 72B)
Class com.google.common.collect.Maps$BiMapConverter                                   : loaded 2 times (x 90B)
Class com.google.common.collect.ImmutableMapEntrySet$RegularEntrySet                  : loaded 2 times (x 152B)
Class org.gradle.tooling.model.BuildIdentifier                                        : loaded 2 times (x 70B)
Class kotlin.NoWhenBranchMatchedException                                             : loaded 2 times (x 82B)
Class com.google.common.base.CharMatcher$InRange                                      : loaded 2 times (x 111B)
Class com.google.common.cache.LocalCache$EntryFactory$4                               : loaded 2 times (x 83B)
Class com.google.common.collect.ImmutableSet$Builder                                  : loaded 2 times (x 85B)
Class com.google.common.cache.LocalCache$EntryFactory$5                               : loaded 2 times (x 83B)
Class com.google.common.cache.LocalCache$EntryFactory$6                               : loaded 2 times (x 83B)
Class org.gradle.internal.time.Timer                                                  : loaded 2 times (x 70B)
Class kotlin.jvm.internal.markers.KMappedMarker                                       : loaded 2 times (x 70B)
Class org.gradle.internal.installation.CurrentGradleInstallationLocator               : loaded 2 times (x 71B)
Class com.google.common.collect.Maps$KeySet                                           : loaded 2 times (x 137B)
Class com.google.common.cache.LocalCache$EntryFactory$7                               : loaded 2 times (x 83B)
Class com.google.common.collect.ImmutableSet$EmptySetBuilderImpl                      : loaded 2 times (x 76B)
Class org.gradle.internal.service.DefaultServiceLocator                               : loaded 2 times (x 83B)
Class com.google.common.cache.LocalCache$EntryFactory$8                               : loaded 2 times (x 83B)
Class com.google.common.collect.ImmutableSet$SetBuilderImpl                           : loaded 2 times (x 76B)
Class org.gradle.util.GradleVersion                                                   : loaded 2 times (x 81B)
Class org.gradle.internal.installation.CurrentGradleInstallation                      : loaded 2 times (x 73B)
Class com.google.common.cache.CacheLoader$1                                           : loaded 2 times (x 75B)
Class com.google.common.collect.ImmutableList$SubList                                 : loaded 2 times (x 209B)
Class org.gradle.util.internal.GUtil                                                  : loaded 2 times (x 71B)
Class com.google.common.util.concurrent.AbstractFuture$SetFuture                      : loaded 2 times (x 75B)
Class com.google.common.cache.AbstractCache$StatsCounter                              : loaded 2 times (x 70B)
Class com.google.common.collect.RegularImmutableSet                                   : loaded 2 times (x 149B)
Class org.gradle.internal.installation.GradleInstallation                             : loaded 2 times (x 75B)
Class com.google.common.collect.Iterables                                             : loaded 2 times (x 71B)

---------------  S Y S T E M  ---------------

OS:
DISTRIB_ID=Ubuntu
DISTRIB_RELEASE=26.04
DISTRIB_CODENAME=resolute
DISTRIB_DESCRIPTION="Ubuntu 26.04.1 LTS"
uname: Linux 7.0.0-31-generic #31-Ubuntu SMP PREEMPT_DYNAMIC Sat Aug  1 04:26:38 UTC 2026 x86_64
OS uptime: 0 days 0:01 hours
libc: glibc 2.43 NPTL 2.43 
rlimit (soft/hard): STACK 8192k/infinity , CORE 0k/infinity , NPROC 50826/50826 , NOFILE 524288/524288 , AS infinity/infinity , CPU infinity/infinity , DATA infinity/infinity , FSIZE infinity/infinity , MEMLOCK 8192k/8192k
load average: 6.11 2.46 0.91

/proc/meminfo:
MemTotal:       15729900 kB
MemFree:         8510428 kB
MemAvailable:   11477020 kB
Buffers:          132868 kB
Cached:          3273616 kB
SwapCached:            0 kB
Active:          5265340 kB
Inactive:        1160172 kB
Active(anon):    3287064 kB
Inactive(anon):        0 kB
Active(file):    1978276 kB
Inactive(file):  1160172 kB
Unevictable:      245828 kB
Mlocked:              32 kB
SwapTotal:       4194300 kB
SwapFree:        4194300 kB
Zswap:                 0 kB
Zswapped:              0 kB
Dirty:              1800 kB
Writeback:             0 kB
AnonPages:       3265072 kB
Mapped:          1190704 kB
Shmem:            268224 kB
KReclaimable:     158368 kB
Slab:             319152 kB
SReclaimable:     158368 kB
SUnreclaim:       160784 kB
KernelStack:       14160 kB
PageTables:        30808 kB
SecPageTables:         0 kB
NFS_Unstable:          0 kB
Bounce:                0 kB
WritebackTmp:          0 kB
CommitLimit:    12059248 kB
Committed_AS:    8252692 kB
VmallocTotal:   34359738367 kB
VmallocUsed:       56644 kB
VmallocChunk:          0 kB
Percpu:             3632 kB
HardwareCorrupted:     0 kB
AnonHugePages:         0 kB
ShmemHugePages:        0 kB
ShmemPmdMapped:        0 kB
FileHugePages:         0 kB
FilePmdMapped:         0 kB
CmaTotal:              0 kB
CmaFree:         2650112 kB
Unaccepted:            0 kB
Balloon:               0 kB
HugePages_Total:       0
HugePages_Free:        0
HugePages_Rsvd:        0
HugePages_Surp:        0
Hugepagesize:       2048 kB
Hugetlb:               0 kB
DirectMap4k:      222844 kB
DirectMap2M:     5951488 kB
DirectMap1G:    11534336 kB

/sys/kernel/mm/transparent_hugepage/enabled: always [madvise] never
/sys/kernel/mm/transparent_hugepage/hpage_pmd_size: 2097152
/sys/kernel/mm/transparent_hugepage/defrag (defrag/compaction efforts parameter): always defer defer+madvise [madvise] never

Process Memory:
Virtual Size: 5841612K (peak: 5845448K)
Resident Set Size: 555716K (peak: 555716K) (anon: 515920K, file: 39764K, shmem: 32K)
Swapped out: 0K
C-Heap outstanding allocations: 124652K, retained: 65347K
glibc malloc tunables: (default)

/proc/sys/kernel/threads-max (system-wide limit on the number of threads): 101653
/proc/sys/vm/max_map_count (maximum number of memory map areas a process may have): 1048576
/proc/sys/vm/swappiness (control to define how aggressively the kernel swaps out anonymous memory): 60
/proc/sys/kernel/pid_max (system-wide limit on number of process identifiers): 4194304

container information not found.
Steal ticks since vm start: 0
Steal ticks percentage since vm start:  0.000

CPU: total 4 (initial active 4) (2 cores per cpu, 2 threads per core) family 6 model 142 stepping 9 microcode 0xf6, cx8, cmov, fxsr, ht, mmx, 3dnowpref, sse, sse2, sse3, ssse3, sse4.1, sse4.2, popcnt, lzcnt, tsc, tscinvbit, avx, avx2, aes, erms, clmul, bmi1, bmi2, adx, fma, vzeroupper, clflush, clflushopt, rdtscp, f16c
CPU Model and flags from /proc/cpuinfo:
model name	: Intel(R) Core(TM) i5-7200U CPU @ 2.50GHz
flags		: fpu vme de pse tsc msr pae mce cx8 apic sep mtrr pge mca cmov pat pse36 clflush dts acpi mmx fxsr sse sse2 ss ht tm pbe syscall nx pdpe1gb rdtscp lm constant_tsc art arch_perfmon pebs bts rep_good nopl xtopology nonstop_tsc cpuid aperfmperf pni pclmulqdq dtes64 monitor ds_cpl vmx est tm2 ssse3 sdbg fma cx16 xtpr pdcm pcid sse4_1 sse4_2 x2apic movbe popcnt tsc_deadline_timer aes xsave avx f16c rdrand lahf_lm abm 3dnowprefetch cpuid_fault epb pti ssbd ibrs ibpb stibp tpr_shadow flexpriority ept vpid ept_ad fsgsbase tsc_adjust bmi1 avx2 smep bmi2 erms invpcid mpx rdseed adx smap clflushopt intel_pt xsaveopt xsavec xgetbv1 xsaves dtherm ida arat pln pts hwp hwp_notify hwp_act_window hwp_epp vnmi md_clear flush_l1d arch_capabilities

Online cpus: 0-3
Offline cpus: 
BIOS frequency limitation: <Not Available>
Frequency switch latency (ns): 0
Available cpu frequencies: <Not Available>
Current governor: powersave
Core performance/turbo boost: <Not Available>

Memory: 4k page, physical 15729900k(11477020k free), swap 4194300k(4194300k free)
Page Sizes: 4k

vm_info: OpenJDK 64-Bit Server VM (21.0.11+10-b1163.116) for linux-amd64 JRE (21.0.11+10-b1163.116), built on 2026-04-30 by "builduser" with gcc 10.3.1 20210422 (Red Hat 10.3.1-1.2.0.1)

END.
